RequestTransferBudgetId,FromProductId,FromGLHeadId,ToProductId,ToGLHeadId,Amount,Remarks,StatusId,CreatedBy,CreatedDate,SendToFLMDate
1,58,11,58,10,1500000.0,,1,1987,2017-06-21 16:04:39.607,
2,1,12,1,7,600000.0,,1,1987,2017-06-21 16:05:28.703,
3,46,11,46,7,100000.0,For Zoval SAMPLES,1,1980,2017-06-22 15:08:27.420,
4,58,13,58,2,500000.0,,1,1987,2017-06-29 17:40:03.020,
5,58,13,55,1,140000.0,,1,1987,2017-06-29 17:43:13.210,
6,58,13,55,7,475000.0,,1,1987,2017-06-29 17:45:50.187,
7,58,13,55,2,410000.0,,1,1987,2017-06-29 17:47:12.637,
8,58,13,1,2,225000.0,,1,1987,2017-06-29 17:50:51.193,
9,58,13,58,14,133000.0,,1,1987,2017-06-29 17:52:53.880,
10,58,13,61,1,400000.0,,1,1987,2017-06-29 17:58:08.570,
11,25,7,4,4,200000.0,Budget deficit in AVSAR Book head will manage for Dr Naeem Malik activity,1,1984,2017-10-03 10:36:51.970,
12,3,7,3,13,50000.0,,1,2104,2017-10-03 17:03:55.887,
13,49,7,49,13,200000.0,,1,2013,2017-10-03 17:11:44.253,
14,55,7,55,2,500000.0,,1,2184,2017-10-03 17:31:09.463,
15,52,4,52,10,400000.0,Please Transfer Urgently,1,1989,2017-10-03 21:06:50.270,
16,52,2,52,10,500000.0,Please Transfer Urgently,1,1989,2017-10-03 21:07:53.393,
17,52,3,52,10,500000.0,Please Transfer Urgently,1,1989,2017-10-03 21:11:29.377,
18,52,3,52,7,400000.0,Please Transfer Urgently,1,1989,2017-10-03 21:13:32.440,
19,87,15,87,13,1000000.0,PLease Proceed,1,1993,2017-10-05 00:42:22.640,
20,87,14,87,13,1000000.0,PLease Proceed,1,1993,2017-10-05 00:43:30.180,
21,12,8,87,13,500000.0,PLease Proceed,1,1993,2017-10-05 00:44:30.600,
22,12,8,87,10,500000.0,PLease Proceed,1,1993,2017-10-05 00:45:49.973,
23,27,5,51,5,36000.0,,1,1986,2017-10-05 14:44:08.293,
24,12,13,87,10,1000000.0,PLease Proceed,1,1993,2017-10-05 15:08:35.627,
25,57,14,57,13,600000.0,,1,835,2017-10-05 16:44:43.513,
26,12,7,87,9,200000.0,PLease Proceed,1,1993,2017-10-06 10:14:02.537,
27,54,4,54,13,50000.0,,1,1989,2017-10-06 18:58:09.380,
28,54,2,54,13,350000.0,Please Transfer Urgently,1,1989,2017-10-06 19:00:17.837,
29,13,2,52,13,750000.0,please proceed,1,1989,2017-10-06 19:36:09.057,
30,31,10,31,13,100000.0,,1,1995,2017-10-09 11:36:34.493,
31,2,10,2,4,170000.0,,1,1997,2017-10-09 13:46:16.943,
32,16,7,16,9,40000.0,,1,1983,2017-10-09 13:46:31.607,
33,8,7,8,10,30000.0,,1,1983,2017-10-09 13:47:22.900,
34,52,2,52,9,200000.0,Please Transfer Urgently,1,1989,2017-10-09 13:56:19.553,
35,52,2,52,7,20000.0,,1,1989,2017-10-09 13:56:47.613,
36,20,2,20,13,300000.0,Sir Please approve,1,1974,2017-10-09 14:17:32.817,
37,47,2,47,3,300000.0,,1,1997,2017-10-09 15:49:35.647,
38,46,13,46,15,150000.0,Launch amount of DAKVIR. as it will be charge from ZOVAL,1,2113,2017-10-09 16:15:22.523,
39,49,14,49,13,1200000.0,Urgent,1,2058,2017-10-09 16:56:52.117,
40,49,8,49,13,300000.0,Urgent,1,2058,2017-10-09 16:58:01.343,
41,49,7,49,10,800000.0,Urgent,1,2058,2017-10-09 16:59:50.233,
42,52,1,52,10,70000.0,Please approve,1,1989,2017-10-09 18:13:36.973,
43,46,7,46,15,1100000.0,Regional launch of Zoval,1,2113,2017-10-10 10:53:41.987,
44,13,2,13,13,200000.0,Please approve,1,1989,2017-10-11 09:35:35.513,
45,20,2,20,10,300000.0,Sir Please approve,1,1974,2017-10-11 10:10:32.623,
46,13,4,13,13,300000.0,Please approve,1,1989,2017-10-11 10:19:13.800,
47,34,7,34,9,200000.0,,1,2090,2017-10-11 10:42:25.823,
48,22,7,22,13,500000.0,,1,2090,2017-10-11 10:43:14.557,
49,49,6,49,9,250000.0,Urgent,1,2058,2017-10-11 11:25:10.160,
50,4,10,62,10,200000.0,Some activities hold due to budget defecit in renovation,1,1984,2017-10-11 12:41:24.890,
51,66,10,66,9,200000.0,,1,1995,2017-10-11 20:37:29.713,
52,52,1,52,7,200000.0,,1,1989,2017-10-12 14:47:49.937,
53,12,14,87,7,1000000.0,PLease Proceed,1,1993,2017-10-12 16:28:46.907,
54,1,1,1,13,250000.0,,1,1987,2017-10-12 20:32:34.603,
55,61,14,1,13,300000.0,,1,1987,2017-10-12 20:33:19.350,
56,1,14,1,10,200000.0,,1,1987,2017-10-12 20:34:49.387,
57,61,4,61,13,300000.0,,1,1987,2017-10-12 20:35:28.777,
58,58,14,58,13,150000.0,,1,1987,2017-10-12 20:36:13.880,
59,61,7,58,13,800000.0,,1,1987,2017-10-12 20:36:58.120,
60,58,3,58,10,300000.0,,1,1987,2017-10-12 20:37:27.983,
61,61,4,58,10,200000.0,,1,1987,2017-10-12 20:38:12.660,
62,49,6,49,14,300000.0,,1,2058,2017-10-13 13:04:17.197,
63,13,8,52,7,250000.0,Please approve,1,1989,2017-10-13 14:14:20.187,
64,52,7,52,13,100000.0,pl,1,1989,2017-10-13 16:27:04.607,
65,54,7,54,9,150000.0,,1,1989,2017-10-13 17:31:11.360,
66,3,7,3,9,150000.0,,1,2104,2017-10-16 14:53:39.393,
67,49,7,49,14,500000.0,,1,2058,2017-10-16 18:30:54.673,
68,50,14,50,1,200000.0,,1,2064,2017-10-17 00:25:16.947,
69,49,7,49,4,300000.0,,1,2058,2017-10-17 10:46:32.733,
70,13,4,13,10,200000.0,,1,1989,2017-10-17 18:34:18.557,
71,13,2,52,2,200000.0,,1,1989,2017-10-17 18:35:13.023,
72,22,10,22,13,1000000.0,Budget Movement Required due to Negative Heads and unable to submit activities,1,1967,2017-10-18 11:29:05.030,
73,49,7,49,6,500000.0,,1,2058,2017-10-19 14:29:31.817,
74,13,2,52,13,30000.0,,1,1989,2017-11-27 12:58:35.193,
75,13,10,52,10,150000.0,,1,1989,2017-10-19 16:52:57.283,
76,41,13,39,13,20000.0,,1,1970,2017-10-19 17:33:24.003,
77,51,7,51,6,300000.0,,1,1986,2017-10-19 17:38:46.980,
78,57,14,57,4,40000.0,,1,835,2017-10-19 17:41:02.493,
79,14,14,14,4,50000.0,,1,835,2017-10-19 17:43:22.957,
80,40,14,40,13,1500000.0,,1,1996,2017-10-19 17:44:19.633,
81,52,1,13,10,200000.0,,1,1989,2017-10-20 10:25:26.833,
82,25,13,62,15,100000.0,,1,1984,2017-10-20 16:12:44.453,
83,4,3,4,13,2000000.0,,1,1984,2017-10-20 17:18:26.320,
84,4,7,4,8,300000.0,,1,1984,2017-10-20 17:20:54.573,
85,1,14,1,4,70000.0,,1,1987,2017-10-23 14:41:14.723,
86,55,3,1,10,300000.0,,1,1987,2017-10-23 14:42:39.977,
87,61,3,61,13,200000.0,,1,1987,2017-10-23 14:43:18.767,
88,61,3,58,13,400000.0,,1,1987,2017-10-23 14:43:57.570,
89,55,14,55,13,200000.0,,1,1987,2017-10-23 14:44:26.190,
90,55,7,58,13,300000.0,,1,1987,2017-10-23 14:48:20.900,
91,35,7,35,13,500000.0,,1,1998,2017-10-23 15:45:03.367,
92,35,14,35,13,1000000.0,,1,1998,2017-10-23 15:45:38.450,
93,8,7,8,13,150000.0,,1,1983,2017-10-23 16:10:33.277,
94,61,9,58,10,200000.0,,1,1987,2017-10-23 18:19:33.750,
95,41,14,39,13,20000.0,,1,1970,2017-10-24 10:36:36.880,
96,52,1,52,13,100000.0,,1,1989,2017-10-24 11:42:32.167,
97,8,7,8,10,50000.0,,1,1983,2017-10-24 16:05:24.920,
98,3,7,3,13,500000.0,,1,2104,2017-10-24 16:41:45.330,
99,8,7,8,10,100000.0,,1,1983,2017-10-25 12:07:17.117,
100,9,2,9,9,100000.0,,1,1974,2017-10-25 13:32:42.663,
101,46,7,46,15,600000.0,,1,2113,2017-10-26 12:34:15.887,
102,9,2,9,9,300000.0,"Dear Sir, Please approve",1,1989,2017-10-26 12:57:37.373,
103,47,2,47,3,300000.0,activity of adbuniyad campaign is hold due to budget deficit,1,1997,2017-10-26 15:33:52.153,
104,27,7,27,9,120000.0,,1,1983,2017-10-26 16:12:18.147,
105,51,7,51,9,50000.0,,1,1983,2017-10-26 16:12:54.843,
106,8,7,8,9,28000.0,,1,1983,2017-10-26 16:13:32.907,
107,13,1,52,10,200000.0,sir Please approve,1,1989,2017-10-26 18:04:10.777,
108,13,1,13,10,150000.0,,1,1989,2017-10-26 18:13:44.250,
109,21,14,39,7,450000.0,,1,2060,2017-10-27 11:19:21.500,
110,21,14,39,7,450000.0,,1,2060,2017-10-27 11:19:46.110,
111,20,7,20,10,200000.0,Please approve,1,1989,2017-10-27 13:09:29.393,
112,8,7,8,13,200000.0,,1,1983,2017-10-30 12:11:33.457,
113,1,7,58,10,200000.0,,1,1987,2017-10-30 12:17:16.233,
114,61,13,58,10,200000.0,,1,1987,2017-10-30 12:20:38.283,
115,61,13,55,4,30000.0,,1,1987,2017-10-30 12:21:23.837,
116,57,14,57,2,15000.0,,1,835,2017-10-30 17:02:01.957,
117,4,13,4,5,200000.0,,1,1984,2017-10-31 11:33:16.527,
118,62,14,62,8,300000.0,,1,1984,2017-10-31 11:39:44.310,
119,62,14,62,7,400000.0,,1,1984,2017-10-31 11:44:01.213,
120,25,13,62,8,110000.0,,1,1984,2017-10-31 11:45:10.560,
121,25,5,62,8,100000.0,,1,1984,2017-10-31 11:47:00.013,
122,25,9,62,8,100000.0,,1,1984,2017-10-31 11:48:25.337,
123,25,10,62,7,340000.0,,1,1984,2017-10-31 11:49:03.627,
124,4,10,62,13,2000000.0,,1,1984,2017-10-31 12:21:13.993,
125,4,7,62,13,600000.0,,1,1984,2017-10-31 12:21:50.067,
126,62,7,62,9,150000.0,,1,1984,2017-10-31 12:26:43.500,
127,34,14,35,1,250000.0,,1,1998,2017-10-31 13:20:56.873,
128,12,14,87,5,200000.0,pl,1,1993,2017-10-31 17:06:16.117,
129,12,14,87,5,200000.0,PLease Proceed,1,1993,2017-10-31 17:06:27.747,
130,1,7,58,13,200000.0,,1,1987,2017-10-31 19:36:24.320,
131,61,7,58,7,300000.0,,1,1987,2017-10-31 19:36:56.830,
132,2,13,47,13,500000.0,,1,1997,2017-11-02 18:45:20.240,
133,1,9,58,9,50000.0,,1,1987,2017-11-02 19:00:04.080,
134,55,7,61,9,80000.0,,1,1987,2017-11-02 19:00:59.770,
135,34,7,35,13,300000.0,,1,1998,2017-11-02 19:24:53.873,
136,51,14,51,13,300000.0,,1,1986,2017-11-03 10:28:55.053,
137,22,10,22,4,100000.0,,1,1998,2017-11-03 10:35:18.213,
138,34,7,35,10,200000.0,,1,1998,2017-11-03 11:25:56.207,
139,22,4,22,5,100000.0,,1,1998,2017-11-03 18:12:26.970,
140,8,7,8,10,5000.0,,1,1983,2017-11-03 18:38:04.730,
141,52,1,52,7,100000.0,Please approve,1,1989,2017-11-06 17:55:51.360,
142,54,1,54,10,200000.0,Please approve,1,1989,2017-11-06 17:57:09.280,
143,22,7,22,14,2000000.0,,1,2090,2017-11-07 12:03:01.807,
144,22,7,22,14,2000000.0,,1,1998,2017-11-07 12:07:26.050,
145,34,3,34,9,150000.0,,1,1998,2017-11-07 16:18:24.797,
146,3,7,3,8,100000.0,,1,2104,2017-11-07 16:18:25.153,
147,66,13,66,4,25000.0,,1,1995,2017-11-08 15:14:38.417,
148,47,10,47,4,500000.0,,1,1997,2017-11-08 15:23:45.427,
149,9,2,9,9,150000.0,Sir for your approval,1,1974,2017-11-08 18:33:14.763,
150,20,4,20,9,100000.0,Sir for your approval,1,1974,2017-11-08 18:34:49.373,
151,20,10,20,9,100000.0,Sir for your approval,1,1974,2017-11-08 18:35:24.803,
152,13,13,52,13,150000.0,for your approval,1,1989,2017-11-09 13:50:10.150,
153,13,1,52,13,150000.0,sir Please approve,1,1989,2017-11-09 13:50:59.237,
154,13,7,54,13,200000.0,sir Please approve,1,1989,2017-11-09 13:53:00.627,
155,52,1,52,7,100000.0,sir Please approve,1,1989,2017-11-09 16:20:29.727,
156,13,4,13,2,50000.0,sir Please approve,1,1989,2017-11-09 17:30:57.290,
157,12,13,87,13,200000.0,PLease Proceed,1,1993,2017-11-10 10:21:50.070,
158,12,13,87,10,150000.0,PLease Proceed,1,1993,2017-11-10 10:23:41.683,
159,47,2,2,2,100000.0,,1,1997,2017-11-13 11:29:35.657,
160,31,14,31,13,30000.0,,1,1995,2017-11-13 11:43:40.453,
161,31,14,31,13,30000.0,,1,1995,2017-11-13 11:43:40.800,
162,31,14,31,13,30000.0,,1,1995,2017-11-13 11:43:40.977,
163,45,7,45,13,1500000.0,,1,1968,2017-11-13 13:15:38.717,
164,47,10,47,9,50000.0,,1,1995,2017-11-14 10:28:43.607,
165,51,14,51,9,100000.0,,1,1986,2017-11-14 19:59:25.670,
166,34,14,34,13,200000.0,,1,1998,2017-11-15 17:26:50.860,
167,34,4,34,13,300000.0,,1,1998,2017-11-15 17:27:25.983,
168,35,14,34,13,200000.0,,1,1998,2017-11-15 17:28:06.127,
169,57,12,57,14,200000.0,,1,835,2017-11-15 22:25:03.007,
170,8,7,8,10,10000.0,,1,1983,2017-11-16 00:53:00.480,
171,11,7,11,9,50000.0,sir plz approve,1,1989,2017-11-16 13:55:08.620,
172,57,9,57,14,150000.0,,1,835,2017-11-16 17:20:33.203,
173,9,7,9,10,300000.0,,1,1974,2017-11-17 15:40:39.213,
174,57,9,57,13,50000.0,,1,835,2017-11-17 16:22:45.980,
175,11,10,20,13,200000.0,"kindly approve , urgent request for Dr. Lal Chand Advance (Contribution in EMG Machine) From Klevra 180,000/-contribution & total Activity amount 450,000/-",1,1974,2017-11-17 18:46:40.543,
176,51,14,51,9,100000.0,,1,1986,2017-11-20 09:58:35.103,
177,2,3,2,2,200000.0,,1,1997,2017-11-20 11:31:36.100,
178,2,13,47,13,400000.0,,1,1997,2017-11-20 11:40:30.397,
179,14,10,57,13,1000000.0,,1,835,2017-11-20 13:43:01.910,
180,47,7,2,3,200000.0,,1,1997,2017-11-20 17:57:40.400,
181,47,7,2,3,200000.0,,1,1997,2017-11-20 18:04:42.693,
182,55,7,58,13,150000.0,,1,1987,2017-11-20 20:28:16.653,
183,55,7,58,10,100000.0,,1,1987,2017-11-20 20:29:02.767,
184,61,8,58,7,185000.0,,1,1987,2017-11-20 20:29:46.473,
185,61,2,58,7,150000.0,,1,1987,2017-11-20 20:30:20.390,
186,42,13,43,13,110000.0,,1,2113,2017-11-21 11:13:57.463,
187,28,7,3,9,100000.0,,1,2104,2017-11-21 12:39:17.103,
188,28,7,3,9,100000.0,,1,2104,2017-11-21 12:39:51.407,
189,34,14,34,4,40000.0,,1,1998,2017-11-21 16:23:12.843,
190,54,13,54,10,100000.0,Please approve,1,1989,2017-11-22 07:15:25.770,
191,62,7,62,10,800000.0,,1,1984,2017-11-22 08:57:32.127,
192,62,4,25,4,10000.0,,1,1984,2017-11-22 08:59:39.870,
193,42,3,42,4,150000.0,,1,2113,2017-11-22 11:42:14.663,
194,8,7,8,10,15000.0,,1,1983,2017-11-22 22:19:39.360,
195,14,10,57,13,500000.0,,1,835,2017-11-22 23:38:03.060,
196,14,10,14,13,500000.0,,1,835,2017-11-22 23:38:59.543,
197,9,1,9,13,150000.0,Sir for your approval,1,1989,2017-11-23 10:36:17.830,
198,52,13,52,7,115000.0,Sir for your approval,1,1989,2017-11-23 10:45:18.227,
199,52,9,52,3,40000.0,Sir for your approval,1,1989,2017-11-23 11:27:20.490,
200,13,1,13,13,50000.0,Sir for your approval,1,1989,2017-11-23 13:19:36.973,
201,9,4,9,13,100000.0,Sir for your approval,1,1989,2017-11-23 14:07:45.817,
202,51,14,51,9,100000.0,"Comments  Budget Deficit in Opt-D P. Pad 20,400/-",1,1986,2017-11-24 09:49:04.243,
203,27,7,27,13,200000.0,Budget Deficit in Onita - Equipment 19000/-,1,1986,2017-11-24 09:51:01.830,
204,2,3,47,3,400000.0,,1,1997,2017-11-27 09:47:42.593,
205,13,2,13,10,20000.0,Please approve,1,1989,2017-11-27 11:58:03.410,
206,52,2,52,13,30000.0,Please approve,1,1989,2017-11-27 12:00:04.990,
207,13,2,13,10,50000.0,Sir for your approval,1,1989,2017-11-27 12:27:26.970,
208,13,9,13,10,50000.0,Sir for your approval,1,1989,2017-11-27 12:28:06.397,
209,2,9,47,9,100000.0,,1,1997,2017-11-27 13:49:02.617,
210,49,7,49,13,600000.0,,1,2058,2017-11-27 15:28:15.627,
211,49,14,49,9,150000.0,,1,2058,2017-11-27 15:38:22.307,
212,49,4,49,1,100000.0,,1,2058,2017-11-27 15:40:09.417,
213,55,14,55,7,150000.0,,1,2184,2017-11-27 15:42:36.540,
214,55,14,55,7,150000.0,,1,2184,2017-11-27 15:44:26.763,
215,55,14,55,7,150000.0,,1,2184,2017-11-27 15:44:28.293,
216,55,14,55,7,150000.0,,1,2184,2017-11-27 15:44:28.787,
217,52,14,52,1,150000.0,sir,1,1989,2017-11-27 17:55:31.403,
218,52,14,52,1,150000.0,sir,1,1989,2017-11-27 17:57:22.847,
219,20,1,20,7,150000.0,please approve,1,1974,2017-11-28 09:16:11.137,
220,38,10,38,7,50000.0,please approve,1,1974,2017-11-28 09:17:46.050,
221,11,10,11,7,50000.0,please approve,1,1974,2017-11-28 09:18:22.650,
222,20,7,20,3,150000.0,please approve,1,1974,2017-11-28 09:37:44.117,
223,38,7,38,3,50000.0,please approve,1,1974,2017-11-28 09:38:23.473,
224,11,7,11,3,50000.0,please approve,1,1974,2017-11-28 09:38:55.883,
225,51,7,51,1,400000.0,,1,1986,2017-11-28 11:29:41.227,
226,52,1,52,7,100000.0,please approve,1,1989,2017-11-28 11:55:07.030,
227,52,14,52,7,200000.0,please approve,1,1989,2017-11-28 11:55:44.013,
228,13,8,13,10,200000.0,sir Please approve,1,1989,2017-11-28 15:36:29.537,
229,52,2,52,1,50000.0,,1,1989,2017-11-28 15:44:20.610,
230,13,1,52,1,150000.0,,1,1989,2017-11-28 15:52:31.617,
231,13,8,52,13,150000.0,,1,1989,2017-11-28 17:49:10.570,
232,13,3,52,13,150000.0,,1,1989,2017-11-28 17:50:46.420,
233,9,1,9,9,200000.0,please approve,1,1974,2017-11-28 18:02:25.013,
234,9,3,9,10,100000.0,please approve,1,1974,2017-11-28 18:03:17.113,
235,20,14,20,10,100000.0,please approve,1,1974,2017-11-28 18:03:41.460,
236,40,10,40,13,1000000.0,,1,1996,2017-11-29 11:32:16.623,
237,66,10,66,13,20000.0,,1,1995,2017-11-29 13:25:34.283,
238,2,2,47,2,100000.0,,1,1997,2017-11-30 10:18:10.133,
239,87,3,87,10,150000.0,PLease Proceed,1,1993,2017-11-30 15:38:35.837,
240,67,7,67,13,500000.0,,1,1018,2017-11-30 15:41:21.907,
241,66,3,66,13,100000.0,,1,1995,2017-12-04 10:21:27.453,
242,37,3,53,13,25000.0,,1,1978,2017-12-04 12:25:12.643,
243,37,3,53,13,250000.0,,1,1978,2017-12-04 12:41:58.467,
244,13,14,13,13,50000.0,please approve,1,1989,2017-12-05 10:54:18.767,
245,52,14,52,9,50000.0,please approve,1,1989,2017-12-05 10:55:17.060,
246,61,1,1,13,140000.0,,1,1987,2017-12-05 11:49:20.877,
247,61,1,1,7,50000.0,,1,1987,2017-12-05 11:50:23.120,
248,61,1,61,13,150000.0,,1,1987,2017-12-05 11:51:36.330,
249,61,1,61,2,190000.0,,1,1987,2017-12-05 11:52:07.633,
250,61,14,61,9,10000.0,,1,1987,2017-12-05 11:52:44.193,
251,61,3,58,13,130000.0,,1,1987,2017-12-05 11:53:21.113,
252,55,7,55,13,100000.0,,1,1987,2017-12-05 11:54:06.603,
253,55,7,55,9,15000.0,,1,1987,2017-12-05 11:54:44.520,
254,41,14,41,9,250000.0,,1,1970,2017-12-06 15:41:07.533,
255,9,2,9,10,50000.0,Sir for your approval,1,1989,2017-12-07 11:28:47.010,
256,3,7,3,13,100000.0,,1,2104,2017-12-07 12:14:02.000,
257,28,7,87,1,100000.0,,1,1993,2017-12-07 15:01:27.133,
258,52,4,52,13,50000.0,sir Please approve,1,1989,2017-12-07 18:14:51.957,
259,55,14,61,2,44000.0,,1,1987,2017-12-11 11:29:56.733,
260,61,3,61,2,10000.0,,1,1987,2017-12-11 11:30:20.777,
261,61,9,61,2,10000.0,,1,1987,2017-12-11 11:32:06.390,
262,61,4,61,2,200000.0,,1,1987,2017-12-11 11:32:43.780,
263,1,9,61,7,10000.0,,1,1987,2017-12-11 11:33:18.487,
264,61,4,61,7,40000.0,,1,1987,2017-12-11 11:33:52.213,
265,61,13,61,7,30000.0,,1,1987,2017-12-11 11:34:19.927,
266,29,3,52,3,1400000.0,please approve,1,1989,2017-12-11 12:30:24.633,
267,22,10,22,13,150000.0,,1,1998,2017-12-11 16:09:17.023,
268,22,2,22,13,150000.0,,1,1998,2017-12-11 16:10:22.097,
269,51,14,51,13,300000.0,,1,1986,2017-12-11 20:17:19.303,
270,8,7,8,10,25000.0,,1,1983,2017-12-12 10:20:32.447,
271,66,10,66,13,120000.0,,1,1995,2017-12-12 12:29:05.223,
272,57,9,57,7,100000.0,,1,835,2017-12-12 14:36:49.643,
273,39,5,39,7,1000000.0,,1,2060,2017-12-12 17:14:23.233,
274,28,7,87,13,200000.0,,1,1993,2017-12-13 15:49:48.870,
275,12,7,12,2,30000.0,,1,1993,2017-12-13 16:16:32.437,
276,13,3,13,13,200000.0,please approve,1,1989,2017-12-13 18:29:58.093,
277,9,7,9,13,60000.0,please approve,1,1974,2017-12-13 18:33:49.200,
278,28,7,28,3,50000.0,,1,2104,2017-12-14 16:17:18.070,
279,28,7,28,3,200000.0,,1,2104,2017-12-14 16:34:27.763,
280,2,13,47,13,400000.0,,1,2200,2017-12-14 17:51:30.030,
281,28,1,87,1,150000.0,,1,1993,2017-12-14 18:39:23.653,
282,62,14,62,8,500000.0,,1,1984,2017-12-15 10:21:52.770,
283,62,4,62,8,190000.0,,1,1984,2017-12-15 10:22:25.043,
284,13,7,52,7,100000.0,please approve,1,1989,2017-12-15 18:49:13.473,
285,13,8,13,2,100000.0,please approve,1,1989,2017-12-15 19:20:20.143,
286,66,10,66,13,200000.0,,1,1997,2017-12-18 14:37:27.147,
287,22,7,22,13,500000.0,,1,2090,2017-12-18 18:04:32.523,
288,20,3,20,7,50000.0,please approve,1,1974,2017-12-18 19:16:08.080,
289,4,10,4,13,1000000.0,,1,1984,2017-12-19 21:52:36.777,
290,62,14,62,8,500000.0,,1,1984,2017-12-19 21:54:08.347,
291,62,7,62,8,300000.0,,1,1984,2017-12-19 21:55:02.827,
292,4,14,62,13,500000.0,,1,1984,2017-12-19 21:56:54.580,
293,4,14,4,9,500000.0,,1,1984,2017-12-19 21:59:21.940,
295,9,3,9,13,150000.0,please approve,1,1974,2017-12-21 09:21:31.760,
296,8,7,8,10,20000.0,,1,1983,2017-12-21 15:16:31.053,
297,41,14,41,4,200000.0,,1,1970,2017-12-21 17:09:19.500,
298,22,10,22,13,400000.0,Need to move funds due to negative budget in head,1,1967,2017-12-21 18:22:54.553,
299,62,4,62,9,193000.0,For the activity of Samiullah Mumtaz,1,2135,2017-12-26 10:41:26.213,
300,2,3,47,2,200000.0,,1,1997,2017-12-26 10:46:38.613,
301,24,2,24,13,500000.0,,1,2058,2017-12-26 14:39:39.270,
304,52,14,52,10,20000.0,please approve,1,1989,2017-12-26 16:27:31.580,
305,35,4,34,4,75000.0,,1,1998,2017-12-26 17:25:56.370,
306,35,14,35,10,200000.0,,1,1998,2017-12-26 17:26:24.187,
307,20,1,20,7,200000.0,"Dear Sir , For your approved ( available budget (-73 k) , this activity is 48k )",1,1426,2017-12-26 17:55:20.160,
308,65,13,65,4,10000.0,,1,1985,2017-12-26 18:32:51.017,
309,1,14,61,2,128000.0,,1,1987,2017-12-27 12:35:35.027,
310,46,7,46,1,250000.0,,1,1980,2017-12-27 16:18:30.107,
312,28,7,87,8,300000.0,,1,1993,2017-12-28 11:39:00.907,
313,28,7,28,6,50000.0,,1,1993,2017-12-28 12:14:52.763,
314,14,10,57,10,300000.0,,1,835,2017-12-28 13:00:17.833,
315,52,13,52,10,100000.0,please approve,1,1974,2017-12-28 14:22:00.520,
316,54,14,54,10,50000.0,please approve,1,1974,2017-12-28 14:22:56.200,
317,13,3,13,2,150000.0,please approve,1,1974,2017-12-28 14:24:32.360,
318,9,2,9,10,200000.0,,1,1426,2017-12-28 14:28:31.507,
319,9,2,9,10,300000.0,,1,1426,2017-12-28 14:28:56.253,
320,9,2,9,10,200000.0,,1,1426,2017-12-28 14:29:26.207,
321,11,1,11,10,20000.0,,1,1426,2017-12-28 14:30:08.873,
322,20,1,20,10,20000.0,,1,1426,2017-12-28 14:30:34.570,
323,20,1,20,10,20000.0,,1,1426,2017-12-28 14:30:56.647,
324,14,10,57,9,100000.0,,1,835,2017-12-28 14:52:16.763,
325,52,8,52,7,100000.0,please approve,1,1974,2017-12-28 16:35:24.573,
326,4,6,4,5,200000.0,for AHA / ACC Guideline reprints,1,2135,2017-12-28 23:13:05.010,
327,52,4,52,9,20000.0,please approve,1,1974,2017-12-29 17:24:02.490,
328,54,7,54,10,50000.0,please approve,1,1974,2018-01-01 10:30:11.123,
329,20,1,20,10,150000.0,,1,1989,2018-01-01 11:53:55.703,
330,9,1,9,9,150000.0,,1,1989,2018-01-01 11:54:30.643,
331,11,1,11,9,50000.0,,1,1989,2018-01-01 11:54:58.127,
332,37,13,53,13,200000.0,,1,1978,2018-01-01 14:52:47.857,
333,27,7,27,2,50000.0,"Laptop Bags as souvenir for Doctors, Ortho Workshop at SMBBU (Larkana)",1,1986,2018-01-02 20:37:36.557,
334,3,7,3,10,50000.0,,1,1993,2018-01-03 10:59:32.670,
335,28,7,87,10,100000.0,,1,1993,2018-01-03 11:00:02.040,
336,13,3,13,6,20000.0,please approve,1,1974,2018-01-03 11:38:04.060,
337,28,7,87,9,100000.0,,1,1993,2018-01-03 15:42:47.317,
338,15,7,15,13,1000000.0,urgent approval.,1,868,2018-01-03 15:56:30.453,
339,60,10,60,9,50000.0,,1,1995,2018-01-04 11:31:19.133,
340,27,4,27,5,50000.0,For PDA: Budget Deficit (PR # 307),1,1986,2018-01-04 22:12:46.513,
341,9,1,9,9,50000.0,,1,1989,2018-01-05 16:01:11.660,
342,15,7,15,14,2000000.0,,1,868,2018-01-05 16:06:35.510,
343,23,10,22,8,150000.0,,1,2090,2018-01-05 16:27:25.777,
344,34,14,34,8,125000.0,,1,2090,2018-01-05 16:29:24.690,
345,13,3,13,13,70000.0,please approve,1,1974,2018-01-08 09:37:00.537,
346,54,14,54,10,50000.0,please approve,1,1974,2018-01-08 09:38:17.300,
347,9,3,9,13,200000.0,,1,1426,2018-01-08 10:43:03.620,
348,9,3,9,2,900000.0,Relaxing messager cost,1,1426,2018-01-08 10:44:13.687,
349,20,13,20,10,40000.0,,1,1426,2018-01-08 10:45:35.627,
350,61,10,61,2,180398.0,,1,1987,2018-01-08 11:50:38.160,
351,61,13,61,2,55169.0,,1,1987,2018-01-08 11:51:01.640,
352,1,1,61,2,135150.0,,1,1987,2018-01-08 11:51:21.230,
353,1,13,61,2,105897.0,,1,1987,2018-01-08 11:51:51.230,
354,1,14,61,2,48385.0,,1,1987,2018-01-08 11:52:21.603,
355,13,3,52,7,270000.0,please approve,1,1974,2018-01-08 12:00:56.100,
356,66,10,66,13,50000.0,,1,1995,2018-01-08 18:32:06.917,
357,62,13,62,4,100000.0,,1,1984,2018-01-09 02:32:50.013,
358,37,10,53,7,1300000.0,,1,1978,2018-01-09 10:47:23.080,
359,62,7,62,15,134000.0,For Ahsan pending PRs,1,1984,2018-01-09 11:43:47.657,
360,62,7,62,5,40000.0,,1,1984,2018-01-09 12:12:33.360,
361,4,7,4,5,20000.0,,1,1984,2018-01-09 12:14:30.807,
362,28,7,3,13,100000.0,,1,2104,2018-01-10 10:10:44.990,
363,20,10,20,7,150000.0,,1,1426,2018-01-10 10:11:36.810,
364,38,13,20,13,270000.0,,1,1426,2018-01-10 16:34:25.103,
365,38,1,20,13,70000.0,,1,1426,2018-01-10 16:35:05.883,
366,20,2,20,10,50000.0,,1,1426,2018-01-10 16:36:10.873,
367,38,10,20,10,150000.0,,1,1426,2018-01-10 16:36:41.657,
368,38,3,20,10,35000.0,,1,1426,2018-01-10 16:37:24.300,
369,15,9,15,1,300000.0,Need budget for certificate printings,1,2116,2018-01-10 17:29:40.150,
370,38,7,38,10,100000.0,,1,1426,2018-01-10 19:06:02.167,
371,38,6,38,10,25000.0,,1,1426,2018-01-10 19:10:38.100,
372,1,3,1,9,8000.0,,1,1987,2018-01-11 11:53:35.747,
373,1,9,1,1,8000.0,,1,1987,2018-01-11 13:35:44.387,
374,65,13,65,8,70000.0,,1,1985,2018-01-11 14:16:46.873,
375,20,13,38,10,110000.0,,1,1426,2018-01-11 18:26:54.970,
376,66,2,66,13,5000.0,,1,1997,2018-01-16 09:27:00.643,
377,49,8,49,3,150000.0,,1,2058,2018-01-16 12:19:31.750,
378,16,14,16,10,50000.0,,1,1983,2018-01-16 14:50:19.517,
379,50,10,50,1,200000.0,,1,2064,2018-01-16 17:00:20.617,
380,50,10,50,7,500000.0,,1,2064,2018-01-16 17:10:23.847,
381,39,4,39,7,500000.0,,1,2060,2018-01-18 11:42:28.643,
382,39,5,39,7,500000.0,,1,2060,2018-01-18 11:42:57.333,
383,37,7,53,7,230000.0,,1,1978,2018-01-18 12:55:52.887,
384,58,14,1,13,20000.0,,1,1987,2018-01-18 19:16:48.183,
385,55,11,1,1,410700.0,,1,1987,2018-01-19 09:45:51.440,
386,1,11,1,1,109200.0,,1,1987,2018-01-19 09:46:13.933,
387,58,11,1,1,592000.0,,1,1987,2018-01-19 09:46:40.503,
388,61,11,1,1,368836.0,,1,1987,2018-01-19 09:47:09.887,
389,4,10,4,2,300000.0,Budget Transfer request for Honorarium in Kind & Give Aways of KL11,1,2135,2018-01-19 12:51:50.063,
390,19,14,19,7,1100000.0,ASAP,1,2101,2018-01-19 16:03:33.363,
391,1,1,1,2,644000.0,,1,1987,2018-01-19 16:04:29.937,
392,19,8,19,10,600000.0,ASAP,1,2101,2018-01-19 18:32:48.263,
393,65,13,65,4,10000.0,,1,1985,2018-01-22 11:35:45.237,
394,41,14,41,4,100000.0,,1,1970,2018-01-22 13:11:55.323,
395,66,10,66,1,60000.0,,1,1995,2018-01-23 18:18:16.477,
396,46,3,46,7,1200000.0,,1,2113,2018-01-24 15:55:55.453,
397,1,1,1,3,41420.0,,1,1987,2018-01-24 17:28:17.667,
398,16,7,16,10,200000.0,,1,1983,2018-01-25 11:35:59.620,
399,4,13,4,8,250000.0,,1,1984,2018-01-26 15:02:24.297,
400,1,1,1,2,149940.0,,1,1987,2018-01-26 19:13:37.243,
401,93,6,93,15,3514445.0,,1,2010,2018-01-29 17:55:58.593,
402,93,5,93,3,300000.0,,1,2010,2018-01-29 17:56:27.707,
403,93,5,93,3,300000.0,,1,2010,2018-01-29 17:56:49.083,
404,1,1,1,13,311000.0,,1,1987,2018-01-31 11:53:34.303,
405,87,4,87,8,150000.0,,1,1993,2018-01-31 16:02:45.473,
406,87,15,87,7,300000.0,,1,1993,2018-01-31 16:07:27.067,
407,21,7,21,2,100000.0,,1,1970,2018-01-31 16:32:30.733,
408,28,7,87,7,500000.0,,1,1993,2018-01-31 17:03:20.367,
409,41,14,41,13,300000.0,,1,1970,2018-01-31 17:37:45.033,
410,1,1,1,3,2074.0,,1,1987,2018-02-01 12:59:57.510,
411,4,7,62,5,100000.0,,1,1984,2018-02-01 15:08:04.573,
412,4,7,4,5,100000.0,,1,1984,2018-02-01 15:08:28.057,
413,28,7,87,14,200000.0,,1,1993,2018-02-02 15:03:46.357,
414,22,5,23,5,20000.0,,1,1998,2018-02-02 19:33:14.957,
415,27,1,27,7,30000.0,Urgent,1,1976,2018-02-07 12:08:49.947,
416,27,1,27,7,9000.0,Urgent,1,1976,2018-02-07 12:22:57.753,
417,1,1,1,2,59156.0,,1,1987,2018-02-07 13:37:39.387,
418,1,10,1,2,316145.0,,1,1987,2018-02-08 09:46:06.723,
419,1,1,1,2,153931.0,,1,1987,2018-02-08 09:46:41.927,
420,40,10,40,7,700000.0,,1,1996,2018-02-08 17:41:16.933,
421,4,10,4,2,300000.0,Budegt deficit in Give Away for Power BAnk - KAHOOT,1,2135,2018-02-08 23:27:41.680,
422,50,2,50,3,200000.0,,1,2064,2018-02-09 10:16:29.603,
423,41,14,41,13,500000.0,,1,1970,2018-02-09 10:37:33.917,
424,41,14,41,4,100000.0,,1,1970,2018-02-09 10:55:12.050,
425,55,13,1,2,154181.0,,1,1987,2018-02-10 02:31:44.530,
426,55,1,1,2,79700.0,,1,1987,2018-02-10 02:32:11.620,
427,55,7,1,2,600000.0,,1,1987,2018-02-10 02:33:01.657,
428,66,10,66,13,50000.0,,1,1995,2018-02-14 10:04:03.227,
429,9,3,9,8,100000.0,please approve,1,1989,2018-02-14 17:01:32.820,
430,16,14,16,10,114000.0,,1,1976,2018-02-14 17:57:12.220,
431,41,14,41,13,500000.0,,1,1970,2018-02-14 18:20:44.663,
432,47,10,47,2,200000.0,,1,1997,2018-02-15 10:50:50.300,
433,31,2,47,2,50000.0,,1,1997,2018-02-15 10:51:04.073,
434,4,3,4,2,230000.0,Budegt deficit for Power Bank - KAHOOT,1,2135,2018-02-15 11:52:18.387,
435,87,7,87,1,50000.0,,1,1993,2018-02-16 20:31:45.017,
436,13,10,52,10,100000.0,please approve,1,1974,2018-02-19 11:26:53.223,
437,28,7,28,14,2000000.0,,1,1993,2018-02-19 17:48:19.620,
438,50,13,50,7,300000.0,,1,2064,2018-02-20 09:59:17.847,
439,50,10,50,7,400000.0,,1,2064,2018-02-20 10:05:09.033,
440,55,7,61,7,196590.0,,1,1987,2018-02-20 11:46:53.890,
441,50,10,50,7,200000.0,,1,2064,2018-02-21 10:31:25.747,
442,66,10,66,13,25000.0,,1,1995,2018-02-21 17:13:49.937,
443,50,5,50,7,200000.0,,1,2064,2018-02-22 14:31:27.477,
444,66,2,66,13,25000.0,,1,1997,2018-02-22 14:36:44.070,
445,22,10,22,7,800000.0,Request to move budget due to negative balance in head and some pending activities in pipeline,1,1967,2018-02-26 11:13:26.580,
446,22,10,22,7,300000.0,,1,1967,2018-02-26 16:22:27.603,
447,12,3,87,13,200000.0,,1,1993,2018-02-26 16:56:51.887,
448,12,3,87,8,500000.0,,1,1993,2018-02-26 16:57:54.870,
449,66,11,66,13,500000.0,,1,1995,2018-02-26 17:26:00.893,
450,66,12,66,13,200000.0,,1,1995,2018-02-26 17:26:23.167,
451,66,12,66,7,300000.0,,1,1995,2018-02-26 17:26:53.770,
452,66,2,66,1,100000.0,,1,1995,2018-02-26 18:50:23.393,
453,22,7,22,14,500000.0,,1,1967,2018-02-27 09:59:42.993,
454,41,14,41,13,600000.0,,1,1970,2018-02-27 11:22:22.210,
455,49,8,49,3,200000.0,,1,2058,2018-02-27 12:22:28.647,
456,31,1,2,2,150000.0,,1,1997,2018-02-28 13:17:31.727,
457,4,10,4,2,200000.0,For Laptop of Prof Arif Nadeem,1,2135,2018-02-28 13:53:02.580,
458,22,10,22,7,200000.0,,1,1967,2018-02-28 17:43:31.347,
459,22,14,22,7,100000.0,,1,1967,2018-02-28 17:44:12.940,
460,22,1,22,7,100000.0,,1,1967,2018-02-28 17:45:12.667,
461,22,13,22,7,75000.0,,1,1967,2018-02-28 17:46:05.950,
462,22,14,22,1,81000.0,,1,2090,2018-03-02 15:34:16.680,
463,35,14,35,1,125000.0,,1,2090,2018-03-02 15:34:43.640,
464,22,4,22,7,180000.0,,1,1967,2018-03-06 16:35:23.487,
465,22,2,22,7,150000.0,,1,1967,2018-03-06 16:35:45.403,
466,22,14,22,7,80000.0,,1,1967,2018-03-06 16:36:28.820,
467,22,9,22,7,80000.0,,1,1967,2018-03-06 16:37:03.163,
468,22,5,22,7,50000.0,,1,1967,2018-03-06 16:37:30.913,
469,22,3,22,7,40000.0,,1,1967,2018-03-06 16:38:17.363,
470,22,10,22,7,20000.0,,1,1967,2018-03-06 16:38:39.113,
471,3,14,3,3,200000.0,,1,1018,2018-03-06 17:08:16.060,
472,41,3,41,7,500000.0,,1,1970,2018-03-07 11:24:39.103,
473,4,10,4,2,200000.0,Amount need for KL11 Campaign for Kaarchi,1,2135,2018-03-07 12:07:43.510,
474,45,2,45,13,911000.0,,1,1968,2018-03-07 12:44:37.643,
475,66,11,66,7,755000.0,,1,1995,2018-03-07 14:38:53.087,
476,66,12,66,1,760000.0,,1,1995,2018-03-07 14:39:27.120,
477,62,7,62,2,10000.0,,1,2135,2018-03-07 15:03:58.947,
478,33,2,33,13,800000.0,,1,1996,2018-03-07 16:34:25.470,
479,33,2,33,7,1000000.0,,1,1996,2018-03-07 16:35:01.520,
480,51,7,51,13,50000.0,"3 AGS Batteries for Clinic, Dr. Soomal Baloch, Hepatologist, (Nawabshah). Activity not submitted due to Budget Deficit in Opt-D Equipments - S&D -9,174",1,1986,2018-03-07 18:02:48.473,
481,65,10,65,1,50000.0,,1,1985,2018-03-08 10:34:18.787,
482,1,14,1,2,1600000.0,,1,1987,2018-03-08 17:24:36.650,
483,21,14,21,7,700000.0,,1,1970,2018-03-08 17:42:18.083,
1481,65,2,65,14,30000.0,,1,1985,2018-03-09 11:06:29.247,
1482,87,15,87,14,200000.0,,1,1993,2018-03-09 16:13:24.523,
1483,16,7,16,1,85000.0,,1,1983,2018-03-12 02:24:40.473,
1484,27,7,51,13,100000.0,"PRF not submitted due to Budget Deficit in Opt-D Equipments - S&D -44,617 . 1.5 Ton Gree AC for OT, Dr. Mubashir Hassan Ch. Consultant Orthopedic Surgeon, (Burewala)",1,1986,2018-03-12 19:43:10.240,
1485,46,10,46,7,1100000.0,,1,2045,2018-03-12 11:49:35.800,
1486,24,6,24,13,500000.0,,1,2116,2018-03-12 13:15:02.040,
1487,41,14,41,7,100000.0,,1,1970,2018-03-12 17:59:09.477,
1488,34,14,34,2,35000.0,,1,1998,2018-03-12 18:02:27.290,
1489,21,3,21,14,1500000.0,,1,2060,2018-03-12 18:15:00.133,
1490,28,10,28,7,500000.0,,1,2104,2018-03-13 09:17:31.677,
1491,65,13,65,7,300000.0,,1,1985,2018-03-13 13:26:42.960,
1492,34,14,22,13,75000.0,,1,1998,2018-03-13 16:05:10.410,
1493,23,10,22,9,300000.0,,1,1998,2018-03-13 16:11:23.260,
1494,23,10,22,9,50000.0,,1,1998,2018-03-13 16:13:34.467,
1495,16,7,16,8,150000.0,,1,1983,2018-03-15 12:53:25.433,
1496,18,14,19,14,300000.0,,1,2101,2018-03-15 17:10:39.373,
1497,18,9,19,14,200000.0,,1,2101,2018-03-15 17:11:18.770,
1498,18,10,19,14,100000.0,,1,2101,2018-03-15 17:11:58.813,
1499,64,2,19,14,500000.0,,1,2101,2018-03-15 17:12:38.363,
1500,64,14,19,14,500000.0,,1,2101,2018-03-15 17:13:15.250,
1501,37,13,19,14,500000.0,,1,2101,2018-03-15 17:14:16.713,
1502,37,14,19,14,400000.0,,1,2101,2018-03-15 17:14:58.173,
1503,37,9,19,14,400000.0,,1,2101,2018-03-15 17:15:36.327,
1504,37,10,19,14,200000.0,,1,2101,2018-03-15 18:29:14.270,
1505,53,2,19,14,300000.0,,1,2101,2018-03-15 17:17:14.167,
1506,53,14,19,14,200000.0,,1,2101,2018-03-15 17:17:43.547,
1507,53,3,19,14,200000.0,,1,2101,2018-03-15 17:18:54.360,
1508,9,8,9,2,40000.0,sir plz approve,1,1426,2018-03-16 09:17:03.540,
1509,87,14,87,10,10000.0,,1,1993,2018-03-16 11:01:46.360,
1510,34,14,22,13,10000.0,,1,1998,2018-03-16 17:38:37.500,
1511,52,8,52,2,40000.0,please approve,1,1974,2018-03-16 18:53:53.160,
1512,29,2,52,7,350000.0,please approve,1,1974,2018-03-16 18:56:24.840,
1513,52,13,13,7,150000.0,please approve,1,1974,2018-03-16 18:57:42.963,
1514,52,14,13,7,250000.0,please approve,1,1974,2018-03-16 19:02:18.803,
1515,29,4,13,7,200000.0,please approve,1,1974,2018-03-16 19:03:34.497,
1516,54,14,54,7,60000.0,please approve,1,1974,2018-03-16 19:04:28.340,
1517,50,2,50,1,100000.0,,1,2064,2018-03-19 13:37:39.973,
1518,50,2,50,7,200000.0,,1,2064,2018-03-19 13:41:03.433,
1519,34,14,34,13,10000.0,,1,1998,2018-03-19 14:01:44.877,
1520,65,9,65,1,50000.0,,1,1985,2018-03-20 12:10:55.110,
1521,35,2,22,13,850000.0,,1,1998,2018-03-20 18:19:52.780,
1522,49,2,49,13,200000.0,,1,2058,2018-03-21 11:09:56.243,
1523,87,14,87,10,40000.0,,1,1993,2018-03-21 11:26:18.097,
1524,13,10,13,7,40000.0,please approve,1,1974,2018-03-21 12:24:44.780,
1525,65,13,65,7,100000.0,,1,1985,2018-03-21 16:33:38.343,
1526,65,13,65,7,500000.0,,1,1985,2018-03-21 16:36:09.860,
1527,9,10,20,7,150000.0,,1,1426,2018-03-21 17:45:56.323,
1528,9,3,38,7,100000.0,,1,1426,2018-03-21 17:50:16.360,
1529,21,13,21,4,100000.0,,1,1970,2018-03-22 11:35:31.247,
1530,57,13,57,1,300000.0,,1,835,2018-03-22 12:22:45.433,
1531,21,13,21,9,100000.0,,1,1970,2018-03-22 17:25:26.800,
1532,21,13,21,7,500000.0,,1,1970,2018-03-26 13:07:13.130,
1533,21,10,21,7,20000.0,,1,1970,2018-03-26 16:59:00.600,
1534,49,8,49,7,200000.0,,1,2058,2018-03-26 18:39:05.940,
1535,21,3,21,13,800000.0,,1,1970,2018-03-27 11:03:32.453,
1536,21,3,21,14,1000000.0,,1,1970,2018-03-27 11:16:18.750,
1537,36,2,46,7,1000000.0,,1,2113,2018-03-27 12:26:33.103,
1538,13,8,52,7,160000.0,please approve,1,1974,2018-03-28 12:50:56.917,
1539,13,4,52,9,45000.0,please approve,1,1974,2018-03-28 12:52:22.540,
1540,29,4,52,9,50000.0,please approve,1,1974,2018-03-28 12:53:30.870,
1541,9,2,9,8,150000.0,,1,1989,2018-03-28 13:58:47.817,
1542,9,2,9,10,150000.0,,1,1989,2018-03-28 14:12:01.417,
1543,20,13,20,9,25000.0,,1,1989,2018-03-28 16:23:08.783,
1544,9,2,9,10,100000.0,,1,1989,2018-03-28 16:24:35.410,
1545,9,2,9,13,100000.0,,1,1989,2018-03-28 16:30:02.080,
1546,11,13,20,7,250000.0,,1,1989,2018-03-28 18:01:11.067,
1547,11,6,11,2,25000.0,,1,1989,2018-03-28 18:02:58.397,
1548,38,5,38,13,50000.0,,1,1989,2018-03-28 18:04:32.013,
1549,38,8,38,7,50000.0,,1,1989,2018-03-28 18:05:18.540,
1550,38,6,20,9,25000.0,,1,1426,2018-03-29 09:39:25.170,
1551,21,10,21,8,1119000.0,,1,1970,2018-03-29 11:26:18.297,
1552,41,9,41,9,10000.0,,1,1970,2018-03-29 11:31:50.273,
1553,41,2,41,9,25000.0,,1,1970,2018-03-29 15:04:30.123,
1554,38,10,11,13,90000.0,,1,1426,2018-03-29 17:21:00.913,
1555,53,2,53,13,55000.0,,1,2101,2018-03-30 11:25:48.480,
1556,20,13,20,9,50000.0,,1,1426,2018-03-30 16:25:55.247,
1557,9,2,9,9,75000.0,,1,1989,2018-03-30 16:32:47.797,
1558,13,2,13,10,15000.0,,1,1974,2018-03-30 16:44:11.273,
1559,13,2,13,9,15000.0,,1,1974,2018-03-30 16:45:39.123,
1560,52,8,52,7,20000.0,,1,1974,2018-03-30 16:46:48.593,
1561,9,2,9,9,70000.0,,1,1989,2018-03-30 18:36:32.020,
1562,21,3,41,7,1000000.0,,1,1970,2018-04-02 13:20:17.680,
1563,13,3,13,13,25000.0,please approve,1,1974,2018-04-02 13:48:23.767,
1564,13,2,13,9,10000.0,please approve,1,1974,2018-04-02 13:56:31.070,
1565,13,2,13,10,10000.0,please approve,1,1974,2018-04-02 13:58:35.983,
1566,29,4,29,13,15000.0,please approve,1,1974,2018-04-02 13:59:16.820,
1567,11,2,11,7,25000.0,,1,1426,2018-04-02 15:57:39.590,
1568,13,3,13,13,10000.0,please approve,1,1974,2018-04-02 16:11:53.070,
1569,52,10,52,13,30000.0,please approve,1,1974,2018-04-02 16:14:19.220,
1570,54,14,54,10,10000.0,please approve,1,1974,2018-04-02 16:15:44.827,
1571,22,9,22,14,100000.0,,1,1967,2018-04-02 16:38:36.300,
1572,29,8,13,7,100000.0,Please approve,1,1974,2018-04-03 12:01:01.820,
1573,52,7,13,7,50000.0,Please approve,1,1974,2018-04-03 12:02:30.440,
1574,12,10,87,10,50000.0,,1,1993,2018-04-03 12:51:17.147,
1575,29,10,52,9,50000.0,please approve,1,1974,2018-04-03 13:45:06.320,
1576,46,13,46,7,100000.0,,1,2045,2018-04-05 14:29:13.860,
1577,29,2,13,14,600000.0,please approve,1,1974,2018-04-06 10:21:00.590,
1578,41,8,41,13,600000.0,,1,1970,2018-04-06 10:58:01.333,
1579,29,4,52,14,520000.0,please approve,1,1974,2018-04-06 11:20:52.103,
1580,87,2,28,7,900000.0,,1,2104,2018-04-06 11:34:35.987,
1581,11,13,9,13,50000.0,,1,1989,2018-04-06 11:53:43.807,
1582,38,13,9,13,50000.0,,1,1989,2018-04-06 11:55:54.913,
1583,38,7,9,13,40000.0,,1,1989,2018-04-06 11:56:55.317,
1584,38,7,9,13,40000.0,,1,1989,2018-04-06 11:57:37.763,
1585,23,1,22,1,12000.0,,1,1998,2018-04-06 12:26:52.243,
1586,23,1,35,1,12000.0,,1,1998,2018-04-06 12:27:23.920,
1587,52,10,52,7,15000.0,please approve,1,1974,2018-04-06 12:39:31.707,
1588,13,10,13,7,10000.0,please approve,1,1974,2018-04-06 12:40:19.680,
1589,54,14,54,13,10000.0,please approve,1,1974,2018-04-06 12:41:16.020,
1590,11,6,20,7,50000.0,Please approve,1,1426,2018-04-06 12:41:50.227,
1591,9,7,20,7,50000.0,,1,1989,2018-04-06 14:56:08.150,
1592,65,3,65,7,400000.0,,1,1985,2018-04-06 18:01:20.137,
1593,54,2,54,13,50000.0,please approve,1,1974,2018-04-09 10:37:53.573,
1594,9,10,9,13,50000.0,,1,1989,2018-04-09 10:45:42.050,
1595,52,14,52,13,50000.0,please approve,1,1974,2018-04-10 09:58:25.057,
1596,13,1,13,13,350000.0,please approve,1,1974,2018-04-10 09:59:46.397,
1597,54,2,54,13,80000.0,please approve,1,1974,2018-04-10 10:00:49.177,
1598,9,10,20,13,100000.0,,1,1426,2018-04-10 10:49:27.807,
1599,9,10,9,13,100000.0,,1,1989,2018-04-10 10:54:26.113,
1600,9,10,9,13,100000.0,,1,1989,2018-04-10 10:54:46.027,
1601,9,2,20,13,130000.0,,1,1426,2018-04-10 15:25:05.743,
1602,39,14,39,7,400000.0,,1,2060,2018-04-12 12:32:55.753,
1603,9,13,20,13,70000.0,,1,1426,2018-04-12 13:05:37.913,
1604,11,13,20,13,59000.0,,1,1426,2018-04-12 16:44:58.500,
1605,38,9,20,13,70000.0,,1,1426,2018-04-12 16:54:50.187,
1606,52,14,52,8,30000.0,please approve,1,1974,2018-04-13 11:34:20.870,
1607,20,9,9,10,70000.0,,1,1989,2018-04-16 16:24:37.027,
1608,38,8,9,10,25000.0,,1,1989,2018-04-16 16:26:22.580,
1609,20,1,20,10,20000.0,,1,1989,2018-04-16 16:27:02.687,
1610,11,13,9,10,20000.0,,1,1989,2018-04-16 16:28:59.643,
1611,3,7,28,8,30000.0,,1,2104,2018-04-16 16:31:30.493,
1612,3,14,3,10,100000.0,Please transfer budget,1,1018,2018-04-16 16:36:42.000,
1613,29,13,52,13,100000.0,please approve,1,1974,2018-04-16 17:18:10.953,
1614,52,2,52,13,100000.0,Please proceed...,1,1974,2018-04-16 18:12:24.773,
1615,9,2,9,13,100000.0,please transfer,1,1426,2018-04-16 18:51:16.040,
1616,29,3,52,13,150000.0,please transfer,1,1521,2018-04-16 18:54:09.673,
1617,29,3,9,10,130000.0,,1,1974,2018-04-17 10:17:59.780,
1618,29,7,20,13,50000.0,,1,1974,2018-04-17 10:18:20.237,
1619,33,1,33,3,43000.0,,1,1996,2018-04-17 11:58:12.970,
1620,50,13,50,4,60000.0,,1,2064,2018-04-17 12:00:53.373,
1621,33,14,33,13,400000.0,,1,1996,2018-04-17 12:50:24.293,
1622,21,3,21,7,600000.0,,1,1970,2018-04-17 15:49:24.500,
1623,3,14,3,7,200000.0,Please transfer budget in social cultural head,1,1018,2018-04-17 18:46:10.200,
1624,12,10,28,7,600000.0,,1,2104,2018-04-18 09:46:12.330,
1625,1,14,1,1,180000.0,,1,1987,2018-04-19 13:42:39.720,
1626,9,11,9,1,200000.0,,1,1989,2018-04-19 17:07:09.063,
1627,20,11,20,11,200000.0,,1,1989,2018-04-19 17:09:29.647,
1628,9,3,9,1,200000.0,,1,1989,2018-04-19 17:14:53.840,
1629,38,8,20,1,25000.0,,1,1989,2018-04-19 17:15:50.660,
1630,11,13,20,1,50000.0,,1,1989,2018-04-19 17:16:58.933,
1631,11,9,20,1,40000.0,,1,1989,2018-04-19 17:17:29.677,
1632,11,3,20,1,20000.0,,1,1989,2018-04-19 17:18:07.447,
1633,9,8,20,1,70000.0,,1,1989,2018-04-19 17:19:25.410,
1634,1,14,1,2,500000.0,,1,1987,2018-04-19 17:38:23.917,
1635,29,1,20,1,500000.0,,1,1974,2018-04-19 17:53:04.710,
1636,35,14,35,7,350000.0,,1,1998,2018-04-20 17:02:05.850,
1637,12,8,87,3,200000.0,,1,1993,2018-04-20 18:19:17.723,
1638,35,14,35,1,250000.0,,1,1998,2018-04-20 19:48:15.727,
1639,29,1,20,7,200000.0,,1,1974,2018-04-23 12:40:32.803,
1640,12,8,87,7,20000.0,,1,1993,2018-04-24 10:25:51.937,
1641,24,4,24,7,600000.0,To facilitate Happycon invoice,1,2116,2018-04-24 16:13:37.883,
1642,12,13,28,7,500000.0,,1,2104,2018-04-26 12:13:40.007,
1643,12,8,87,7,20000.0,,1,1993,2018-04-27 12:51:40.037,
1644,45,1,45,13,500000.0,,1,1968,2018-04-27 14:57:14.857,
1645,54,14,54,13,100000.0,please approve,1,1974,2018-04-27 15:29:56.547,
1646,52,1,13,7,220000.0,please transfer,1,1521,2018-04-27 16:09:16.387,
1647,13,1,13,7,180000.0,please transfer,1,1521,2018-04-27 16:09:59.750,
1648,12,8,87,3,20000.0,,1,1993,2018-04-27 16:22:48.350,
1649,33,2,33,13,500000.0,,1,1996,2018-04-27 16:26:18.927,
1650,24,4,24,7,55000.0,Same HappyCon. Miscalculate the total amount. So need to transfer more.,1,2116,2018-04-27 17:24:40.697,
1651,93,6,93,7,1000000.0,,1,2010,2018-04-27 17:37:15.523,
1652,12,8,12,7,55000.0,,1,1993,2018-04-30 12:17:37.747,
1653,21,10,21,7,100000.0,,1,1970,2018-04-30 16:07:03.253,
1654,12,8,87,3,20000.0,,1,1993,2018-05-02 15:31:09.253,
1655,27,7,27,13,60000.0,,1,1986,2018-05-02 15:34:25.943,
1656,41,14,41,9,100000.0,,1,1970,2018-05-02 16:10:45.143,
1657,12,3,87,3,5000.0,,1,1993,2018-05-03 11:56:44.507,
1658,34,14,34,7,200000.0,,1,1967,2018-05-03 17:53:04.127,
1659,34,14,34,7,200000.0,,1,1967,2018-05-03 17:53:53.187,
1660,12,8,87,3,30000.0,,1,1993,2018-05-04 09:29:41.080,
1661,24,2,24,7,150000.0,,1,2116,2018-05-07 09:53:01.630,
1662,49,14,49,7,300000.0,To facilitate Vitaminology FB page invoice,1,868,2018-05-07 10:39:34.433,
1663,85,6,85,7,190000.0,,1,2113,2018-05-07 17:34:28.270,
1664,85,5,85,7,300000.0,,1,2113,2018-05-07 17:34:56.360,
1665,85,10,85,7,300000.0,,1,2113,2018-05-07 17:35:20.083,
1666,65,13,65,7,500000.0,,1,2111,2018-05-07 18:22:03.830,
1667,12,8,87,3,30000.0,,1,1993,2018-05-09 09:35:01.183,
1668,32,14,32,2,800000.0,,1,2195,2018-05-09 15:41:32.007,
1669,49,14,49,7,400000.0,,1,2058,2018-05-14 17:34:53.757,
1670,12,10,87,7,250000.0,,1,1993,2018-05-15 10:59:22.743,
1671,12,10,87,3,50000.0,,1,1993,2018-05-15 10:58:45.370,
1672,18,10,18,7,60000.0,,1,2101,2018-05-15 11:37:31.340,
1673,12,10,48,3,50000.0,,1,1993,2018-05-15 13:32:27.637,
1674,12,10,87,7,50000.0,,1,1993,2018-05-15 13:34:02.717,
1675,12,3,87,3,15000.0,,1,1993,2018-05-15 13:40:05.930,
1676,21,14,39,7,1200000.0,,1,2060,2018-05-15 18:13:01.530,
1677,21,14,21,7,1000000.0,,1,1970,2018-05-17 11:43:44.117,
1678,21,10,21,3,500000.0,,1,1970,2018-05-17 11:46:32.947,
1679,41,5,41,7,270000.0,,1,1970,2018-05-17 11:57:12.563,
1680,49,10,49,7,70000.0,,1,2058,2018-05-17 14:28:20.057,
1681,40,10,33,7,700000.0,,1,1996,2018-05-18 11:15:39.623,
1682,40,8,40,7,1700000.0,,1,1996,2018-05-18 11:27:07.730,
1683,40,10,40,7,2500000.0,,1,1996,2018-05-18 11:28:43.507,
1684,52,14,52,7,200000.0,please approve,1,1974,2018-05-18 11:52:24.210,
1685,13,1,13,7,300000.0,please approve,1,1974,2018-05-18 11:53:20.180,
1686,24,3,24,7,1200000.0,For Sohail Zindani HappyCon Invoice and Vendors Invoice,1,2116,2018-05-22 11:18:08.427,
1687,3,14,3,7,250000.0,,1,1018,2018-05-22 11:40:11.220,
1688,12,8,87,7,25000.0,,1,1993,2018-05-22 14:26:54.053,
1689,21,3,21,13,300000.0,,1,1970,2018-05-28 11:54:28.183,
1690,37,13,37,7,155000.0,,1,2101,2018-05-28 14:40:12.803,
1691,15,8,49,6,500000.0,,1,2058,2018-05-28 16:56:27.027,
1692,37,13,37,7,50000.0,,1,2101,2018-05-28 17:20:11.977,
1693,33,1,33,7,272000.0,,1,1996,2018-05-29 11:15:41.623,
1694,33,9,33,7,300000.0,,1,1996,2018-05-29 11:16:13.397,
1695,18,14,18,7,200000.0,,1,2101,2018-05-29 11:17:30.833,
1696,93,10,93,7,850000.0,,1,2010,2018-05-29 13:58:58.723,
1697,15,2,49,7,800000.0,,1,2058,2018-05-30 12:56:09.410,
1698,15,8,24,7,1200000.0,,1,2058,2018-05-30 12:56:39.420,
1699,3,14,3,7,200000.0,Please transfer budget in social cultural head,1,1018,2018-05-30 16:16:00.397,
1700,41,14,41,7,100000.0,,1,1970,2018-05-31 13:55:24.403,
1701,41,14,41,13,100000.0,,1,1970,2018-05-31 16:18:41.890,
1702,12,13,3,13,50000.0,,1,1993,2018-05-31 16:19:56.373,
1703,41,14,41,7,100000.0,,1,1970,2018-05-31 16:47:41.407,
1704,37,13,64,8,110000.0,,1,2101,2018-06-04 12:51:57.470,
1705,4,10,4,7,400000.0,,1,2135,2018-06-04 15:03:37.723,
1706,37,13,64,8,15000.0,,1,2101,2018-06-04 15:45:53.197,
1707,37,3,37,7,100000.0,,1,2101,2018-06-06 16:16:00.537,
1708,32,14,32,2,600000.0,,1,2195,2018-06-07 16:04:13.300,
1709,37,4,64,5,155000.0,,1,2101,2018-06-12 15:50:38.270,
1710,12,13,87,7,60000.0,,1,1993,2018-06-12 17:07:34.993,
1711,41,8,41,7,200000.0,,1,2060,2018-06-13 13:40:04.620,
1712,41,3,41,7,250000.0,,1,2060,2018-06-13 13:40:50.740,
1713,40,2,40,7,353253.0,,1,2111,2018-06-13 16:29:21.663,
1714,18,5,18,7,140000.0,,1,2101,2018-06-14 12:36:38.500,
1715,52,2,52,7,90000.0,please approve,1,1974,2018-06-14 15:48:40.563,
1716,52,13,52,7,15000.0,please approve,1,1974,2018-06-14 15:49:38.193,
1717,54,1,54,7,150000.0,please approve,1,1974,2018-06-14 15:52:22.290,
1718,29,8,13,7,255000.0,please approve,1,1974,2018-06-14 15:53:14.120,
1719,29,5,29,7,450000.0,please approve,1,1974,2018-06-14 15:54:54.097,
1720,29,8,29,7,400000.0,please approve,1,1974,2018-06-14 15:55:29.000,
1721,29,10,29,7,15000.0,please approve,1,1974,2018-06-14 16:15:15.483,
1722,12,4,12,7,200000.0,,1,2104,2018-06-21 18:02:49.217,
1723,12,1,12,7,250000.0,,1,2104,2018-06-21 18:03:19.110,
1724,12,14,12,7,350000.0,,1,2104,2018-06-21 18:04:18.070,
1725,12,9,12,7,200000.0,,1,2104,2018-06-21 18:04:39.583,
1726,12,10,12,7,200000.0,,1,2104,2018-06-21 18:05:07.043,
1727,12,8,12,7,100000.0,,1,2104,2018-06-21 18:05:39.893,
1728,12,8,12,7,100000.0,,1,2104,2018-06-21 18:15:22.807,
1729,29,8,29,3,120000.0,please approve,1,1974,2018-06-27 13:08:27.763,
1730,92,14,92,3,59250.0,Please Transfer Budget.,4,-1679,2018-07-04 17:34:39.970,
1731,92,14,92,15,60775.0,Please Transfer Budget.,4,-1679,2018-07-04 17:36:41.507,
1732,92,14,92,15,635600.0,Please Transfer Budget.,1,1679,2018-07-04 19:58:31.377,
1733,92,14,92,15,60775.0,please transfer budget,1,1679,2018-07-05 12:54:49.243,
1734,92,14,92,3,59250.0,please transfer budget,1,1679,2018-07-05 12:55:36.803,
1735,47,1,47,6,10000.0,,1,1997,2018-07-06 17:44:28.030,
1736,51,10,51,6,30000.0,,1,1976,2018-07-09 17:20:15.130,
1737,51,10,51,5,10000.0,,1,1976,2018-07-09 17:23:41.303,
1738,13,7,13,8,100000.0,please approve,1,1974,2018-07-12 10:53:00.707,
1739,58,9,58,13,170000.0,,1,1987,2018-07-13 09:55:49.713,
1740,22,14,22,5,50000.0,,1,1967,2018-07-16 13:34:22.083,
1741,47,2,47,6,20000.0,,1,1997,2018-07-17 15:59:58.057,
1742,49,7,49,5,50000.0,,1,2058,2018-07-18 14:16:00.363,
1743,58,7,58,13,550000.0,,1,2623,2018-07-18 15:03:53.320,
1744,51,10,51,5,55000.0,,1,1976,2018-07-19 10:49:12.553,
1745,58,7,58,9,200000.0,,1,2623,2018-07-23 13:10:35.523,
1746,1,2,1,9,200000.0,,1,2623,2018-07-23 13:11:57.127,
1747,46,1,46,7,170000.0,Budget Transfer,1,2045,2018-07-24 12:37:00.220,
1748,46,1,46,8,180000.0,Budget Transfer,1,2045,2018-07-24 12:38:27.757,
1749,34,7,35,1,10000.0,,1,1998,2018-07-27 13:21:38.673,
1750,34,7,35,1,10000.0,,1,1998,2018-07-27 13:21:13.780,
1751,35,7,34,1,8000.0,,1,1998,2018-07-27 14:49:08.673,
1752,40,7,40,9,100000.0,,1,1996,2018-07-27 15:33:09.200,
1753,13,10,13,8,50000.0,kindly transfer ...,1,1521,2018-07-30 12:35:17.673,
1754,35,7,35,1,20000.0,,1,1998,2018-07-30 15:12:52.633,
1755,34,7,34,1,20000.0,,1,1998,2018-07-30 15:13:20.160,
1756,13,13,54,9,50000.0,kindly transfer ...,1,1521,2018-07-31 11:08:46.690,
1757,3,14,3,8,150000.0,please transfer for purchasing of Omron M2 Basic,1,1018,2018-07-31 12:15:47.723,
1758,13,13,13,8,400000.0,,1,1521,2018-07-31 12:30:48.000,
1759,13,13,54,13,50000.0,,1,1521,2018-08-02 12:55:16.680,
1760,3,14,3,4,30000.0,Please transfer for Books for Dr,1,1018,2018-08-02 17:31:22.430,
1761,3,7,3,4,30000.0,For purchasing of Book,1,1018,2018-08-02 17:33:24.297,
1762,12,8,87,13,200000.0,,1,1993,2018-08-03 17:30:27.707,
1763,40,7,40,9,50000.0,,1,1996,2018-08-03 18:03:09.920,
1764,12,14,12,10,250000.0,,1,1993,2018-08-06 09:54:04.370,
1765,3,2,3,8,75000.0,For purchase of Omron M2 Basics for Heart Station and HTN camps,1,1018,2018-08-06 16:58:30.600,
1766,58,10,58,13,100000.0,,1,2064,2018-08-07 11:05:13.033,
1767,58,10,58,13,100000.0,,1,2064,2018-08-07 11:06:02.140,
1768,1,11,1,14,500000.0,,1,2064,2018-08-07 17:51:39.300,
1769,99,7,1,14,500000.0,,1,2064,2018-08-07 17:53:58.153,
1770,58,7,58,13,400000.0,,1,2064,2018-08-08 12:12:55.520,
1771,58,7,58,13,375000.0,,1,2623,2018-08-08 12:22:29.713,
1772,32,5,32,2,500000.0,,1,2195,2018-08-08 15:52:52.847,
1773,32,14,32,2,800000.0,,1,2195,2018-08-08 15:53:29.527,
1774,40,10,40,2,320000.0,,1,1996,2018-08-09 10:50:49.187,
1775,40,10,40,2,605000.0,,1,1996,2018-08-09 13:07:05.847,
1776,34,10,34,9,40000.0,,1,1998,2018-08-09 14:19:57.673,
1777,9,2,38,9,100000.0,please approve,1,1426,2018-08-10 11:56:11.853,
1778,87,14,87,10,250000.0,,1,1993,2018-08-13 11:15:22.183,
1779,57,14,57,13,500000.0,,1,835,2018-08-13 11:30:45.553,
1780,34,7,35,13,250000.0,,1,1998,2018-08-13 13:12:37.420,
1781,22,14,22,5,332000.0,Request to transfer budget for printing of PDAs,1,1967,2018-08-13 16:13:38.973,
1782,34,3,34,5,358000.0,Request to transfer budget for printing of PDAs,1,1967,2018-08-13 16:16:42.687,
1783,12,14,87,2,150000.0,,1,1993,2018-08-15 10:10:54.893,
1784,58,7,58,13,650000.0,,1,2623,2018-08-15 10:51:57.433,
1785,1,2,1,13,400000.0,,1,2623,2018-08-15 11:02:59.447,
1786,12,14,87,13,250000.0,,1,1993,2018-08-15 18:10:04.240,
1787,62,7,62,4,10000.0,For Faizo faraz cover designing quotation,1,1984,2018-08-16 11:42:14.617,
1788,106,14,106,8,80000.0,,1,868,2018-08-16 17:50:59.440,
1789,46,14,46,8,80000.0,,1,868,2018-08-16 17:51:45.663,
1790,13,13,54,13,100000.0,,1,1521,2018-08-17 10:33:25.393,
1791,13,13,54,13,100000.0,,1,2063,2018-08-17 10:37:04.050,
1792,13,10,54,10,80000.0,,1,2063,2018-08-17 10:40:19.897,
1793,13,10,54,10,80000.0,,1,1521,2018-08-17 10:42:02.797,
1794,13,13,54,13,100000.0,,1,1521,2018-08-17 10:45:53.483,
1795,66,10,66,13,100000.0,,1,1995,2018-08-17 12:21:58.530,
1796,9,2,11,9,100000.0,sir for your approval,1,1989,2018-08-17 15:51:37.843,
1797,51,14,51,13,120000.0,,1,1976,2018-08-17 17:45:43.853,
1798,92,1,92,5,50000.0,please transfer budget,1,1679,2018-08-17 18:04:49.120,
1799,12,14,87,2,50000.0,,1,1993,2018-08-17 18:09:21.813,
1800,93,2,93,11,1450000.0,Amount for 1000 meters @ Rs. 1450,1,2010,2018-08-17 18:42:07.370,
1801,51,14,51,9,60000.0,,1,1976,2018-08-18 13:08:33.723,
1802,16,14,16,9,50000.0,,1,1976,2018-08-18 13:10:19.593,
1803,42,14,42,10,1000000.0,,1,868,2018-08-19 16:22:59.723,
1804,27,7,27,9,50000.0,,1,1976,2018-08-20 10:23:27.983,
1805,12,14,87,10,200000.0,,1,1993,2018-08-21 10:51:59.713,
1806,55,2,55,6,15000.0,For Phytus Video PO,1,2623,2018-08-21 13:08:06.767,
1807,1,2,1,14,450000.0,Kind Incentive Scheme - JEET KA MAZA,1,2623,2018-08-21 13:22:11.327,
1808,25,10,25,7,10000.0,,1,2135,2018-08-21 14:12:05.230,
1809,25,10,25,7,50000.0,,1,2135,2018-08-27 10:16:49.377,
1810,13,10,54,10,200000.0,,1,1521,2018-08-27 11:42:13.067,
1811,106,14,46,7,300000.0,,1,2692,2018-08-28 12:24:17.803,
1812,51,14,51,13,80000.0,,1,1976,2018-08-28 14:43:25.523,
1813,51,14,51,13,50000.0,,1,1976,2018-08-28 14:46:19.190,
1814,12,14,87,10,200000.0,,1,1993,2018-08-29 15:12:43.840,
1815,51,14,51,2,10000.0,,1,1976,2018-08-29 17:25:32.807,
1816,42,14,42,2,100000.0,,1,868,2018-08-30 01:38:06.190,
1817,42,14,42,10,1000000.0,,1,868,2018-08-30 10:22:41.057,
1818,13,9,54,9,50000.0,,1,1521,2018-08-30 12:17:55.193,
1819,87,14,87,13,300000.0,,1,1993,2018-08-30 19:20:53.937,
1820,39,14,39,5,100000.0,,1,2060,2018-08-31 11:22:18.937,
1821,50,14,50,13,500000.0,,1,1987,2018-08-31 12:23:19.057,
1822,51,14,51,13,70000.0,,1,1976,2018-09-03 11:26:45.377,
1823,43,13,43,10,250000.0,,1,868,2018-09-03 11:41:13.560,
1824,58,14,58,13,400000.0,,1,2623,2018-09-03 11:49:18.707,
1825,1,2,1,4,1500.0,,1,2623,2018-09-03 12:47:56.600,
1826,9,13,38,13,100000.0,Sir for your approval,1,1989,2018-09-03 16:09:26.967,
1827,34,7,34,9,300000.0,,1,1998,2018-09-03 16:30:32.697,
1828,51,14,51,13,120000.0,,1,1976,2018-09-03 16:46:55.830,
1829,87,14,87,9,50000.0,,1,2104,2018-09-03 18:19:03.827,
1830,22,14,35,7,500000.0,,1,1998,2018-09-04 02:06:47.243,
1831,22,14,34,4,100000.0,,1,1998,2018-09-04 11:16:30.080,
1832,66,10,66,13,50000.0,,1,1995,2018-09-04 11:34:41.857,
1833,16,14,16,9,60000.0,,1,1999,2018-09-04 16:24:17.013,
1834,16,14,16,9,60000.0,,1,1976,2018-09-04 16:26:00.943,
1835,14,14,14,7,500000.0,,1,835,2018-09-04 16:45:13.847,
1836,62,2,62,10,400000.0,,1,2135,2018-09-04 17:36:53.477,
1837,51,14,51,13,80000.0,,1,1976,2018-09-05 16:36:40.410,
1838,27,10,27,13,100000.0,,1,1976,2018-09-05 16:40:41.513,
1839,22,14,35,13,700000.0,,1,1998,2018-09-06 06:06:23.967,
1840,62,14,62,10,300000.0,,1,1984,2018-09-06 08:41:03.053,
1841,9,7,38,7,125000.0,Sir for your approval,1,1989,2018-09-06 10:06:53.863,
1842,14,14,14,1,100000.0,,1,835,2018-09-06 10:28:43.543,
1843,106,1,46,7,100000.0,,1,2692,2018-09-06 19:43:17.840,
1844,40,10,40,9,150000.0,,1,1996,2018-09-10 13:10:32.240,
1845,37,10,53,13,300000.0,,1,1978,2018-09-10 15:34:17.083,
1846,53,10,53,13,250000.0,,1,1978,2018-09-10 18:37:38.857,
1847,54,14,54,13,250000.0,Dear Sir,1,1972,2018-09-11 17:14:06.803,
1848,9,7,11,7,125000.0,Sir for your approval,1,1989,2018-09-12 00:11:45.510,
1849,51,14,51,13,50000.0,,1,1976,2018-09-12 08:57:10.297,
1850,66,10,66,13,50000.0,,1,1995,2018-09-12 10:21:34.937,
1851,49,14,49,13,700000.0,,1,2058,2018-09-12 10:47:14.390,
1852,50,14,50,9,150000.0,,1,1987,2018-09-12 10:58:13.867,
1853,106,7,46,10,100000.0,,1,2692,2018-09-13 00:57:29.990,
1854,66,3,66,7,50000.0,,1,1995,2018-09-14 10:45:08.417,
1855,57,14,57,9,100000.0,,1,835,2018-09-14 12:44:54.753,
1856,57,14,57,1,200000.0,,1,835,2018-09-14 12:45:27.583,
1857,62,14,62,8,300000.0,,1,1984,2018-09-14 14:50:37.363,
1858,12,14,87,7,50000.0,,1,1993,2018-09-14 15:08:30.683,
1859,40,10,40,9,50000.0,,1,1996,2018-09-14 15:31:01.817,
1860,34,7,34,9,200000.0,Request to tranfer funds due to negative balance in Prescription Pads Head,1,1998,2018-09-14 15:41:12.457,
1861,29,7,29,8,300000.0,Dear Sir,1,1972,2018-09-14 17:07:15.113,
1862,16,14,51,13,50000.0,,1,2787,2018-09-16 21:37:38.763,
1863,51,14,51,13,75000.0,,1,1976,2018-09-16 21:50:51.570,
1864,16,14,16,6,10.0,,1,1976,2018-09-17 10:01:25.460,
1865,42,14,42,13,400000.0,,1,868,2018-09-17 12:06:07.657,
1866,13,13,13,8,50000.0,,1,1521,2018-09-17 13:48:02.217,
1867,66,3,66,13,100000.0,,1,1995,2018-09-17 16:38:51.003,
1868,50,14,50,13,350000.0,,1,1987,2018-09-17 22:07:36.193,
1869,57,14,57,13,400000.0,,1,835,2018-09-18 09:52:24.013,
1870,14,14,14,9,300000.0,,1,835,2018-09-19 09:28:44.157,
1871,85,5,85,13,125000.0,,1,2008,2018-09-19 10:52:56.493,
1872,55,2,55,13,550000.0,For Activities,1,2623,2018-09-19 11:30:18.907,
1873,58,7,58,4,40000.0,For Activities,1,2623,2018-09-19 13:14:19.503,
1874,58,7,58,10,15000.0,,1,2623,2018-09-19 13:16:22.050,
1875,61,10,61,4,25000.0,,1,2623,2018-09-19 13:17:28.673,
1876,58,7,58,13,200000.0,,1,2623,2018-09-19 17:54:41.357,
1877,58,7,58,13,200000.0,,1,2623,2018-09-19 17:54:42.173,
1878,62,14,62,13,300000.0,,1,1984,2018-09-19 18:31:40.533,
1879,22,14,34,9,150000.0,,1,1998,2018-09-22 17:21:31.173,
1880,12,8,87,7,200000.0,,1,1993,2018-09-24 10:27:25.960,
1881,46,14,46,10,150000.0,,1,868,2018-09-24 11:24:00.287,
1882,66,9,66,10,50000.0,,1,1995,2018-09-24 15:12:37.587,
1883,40,10,40,9,150000.0,,1,1996,2018-09-24 15:36:58.687,
1884,58,14,58,10,200000.0,,1,2064,2018-09-24 18:23:12.707,
1885,1,2,1,13,200000.0,,1,2064,2018-09-24 19:22:45.810,
1886,34,14,34,13,100000.0,Request to tranfer funds due to negative balance,1,1998,2018-09-25 10:35:40.423,
1887,22,14,23,7,250000.0,Request to tranfer funds due to negative balance in social / culture / educational program,1,1967,2018-09-25 12:00:16.653,
1888,12,7,87,13,100000.0,,1,1993,2018-09-25 12:31:50.943,
1889,87,4,87,13,15000.0,Please transfer budget as negative in equipment head,1,1018,2018-09-25 13:37:10.303,
1890,1,14,1,13,200000.0,,1,2064,2018-09-25 13:45:20.300,
1891,58,13,58,10,200000.0,,1,2064,2018-09-25 13:47:21.297,
1892,14,14,14,5,20000.0,,1,835,2018-09-25 14:29:34.460,
1893,51,14,51,13,80000.0,,1,1976,2018-09-25 17:33:14.017,
1894,3,7,3,13,100000.0,Please transfer budget as negative in equipment head,1,1018,2018-09-26 11:05:20.863,
1895,4,10,4,13,50000.0,,1,2135,2018-09-26 13:23:44.930,
1896,9,13,20,13,150000.0,,1,1989,2018-09-26 14:01:59.003,
1897,4,10,4,13,400000.0,,1,2135,2018-09-26 17:24:44.283,
1898,9,7,20,7,100000.0,Sir kindly approve,1,1426,2018-09-27 10:56:40.190,
1899,51,14,51,13,90000.0,,1,1976,2018-09-27 15:07:33.210,
1900,51,14,51,13,90000.0,,1,1976,2018-09-27 15:17:02.793,
1901,12,13,87,13,100000.0,,1,1993,2018-09-28 02:09:01.283,
1902,37,13,53,13,300000.0,,1,1978,2018-09-28 11:12:42.473,
1903,9,7,11,7,100000.0,sir for your approval,1,1989,2018-09-28 11:14:41.993,
1904,66,9,66,13,50000.0,,1,1995,2018-09-28 16:20:13.527,
1905,22,14,34,13,200000.0,,1,1998,2018-09-28 16:28:31.420,
1906,62,14,62,13,300000.0,,1,1984,2018-09-29 12:19:02.120,
1907,3,7,3,13,200000.0,Please transfer budget as negative in equipment head,1,1018,2018-10-01 09:39:09.853,
1908,106,7,46,13,100000.0,,1,2692,2018-10-01 09:53:34.307,
1909,34,14,34,13,200000.0,Request to transfer funds due to negative balance in Equipments,1,1998,2018-10-01 10:29:13.197,
1910,22,14,35,10,70000.0,,1,1998,2018-10-01 16:00:39.093,
1911,50,3,50,13,500000.0,,1,1987,2018-10-01 18:15:07.553,
1912,50,6,50,1,149000.0,,1,1987,2018-10-01 18:45:43.400,
1913,31,9,31,10,25000.0,,1,1995,2018-10-02 10:55:43.523,
1914,57,14,57,13,200000.0,,1,835,2018-10-02 11:02:29.383,
1915,28,14,12,13,50000.0,,1,1993,2018-10-02 13:04:40.577,
1916,40,10,40,9,150000.0,,1,1996,2018-10-02 15:20:13.860,
1917,28,14,12,10,50000.0,,1,1993,2018-10-02 18:16:33.407,
1918,28,14,87,10,70000.0,,1,1993,2018-10-03 14:12:51.393,
1919,87,14,87,7,100000.0,,1,1993,2018-10-03 15:56:40.747,
1920,28,14,87,9,70000.0,,1,1993,2018-10-03 16:25:04.060,
1921,87,14,87,13,100000.0,,1,1993,2018-10-03 16:25:34.783,
1922,106,1,46,8,150000.0,,1,2692,2018-10-03 19:18:59.260,
1923,87,4,87,1,50000.0,,1,1993,2018-10-03 19:37:02.680,
1924,28,14,87,3,50000.0,,1,1993,2018-10-04 09:14:00.410,
1925,104,13,104,3,1000000.0,,1,1985,2018-10-04 12:30:06.473,
1926,104,13,104,7,500000.0,,1,1985,2018-10-04 12:30:52.033,
1927,50,5,50,13,200000.0,,1,1987,2018-10-04 17:04:45.070,
1928,9,10,103,12,500000.0,Please approve,1,1989,2018-10-05 10:05:45.877,
1929,9,13,38,13,150000.0,,1,1989,2018-10-05 10:06:20.357,
1930,101,10,101,2,800000.0,,1,2765,2018-10-05 10:50:21.050,
1931,1,2,99,14,100000.0,,1,2064,2018-10-05 11:11:52.000,
1932,1,2,99,9,100000.0,,1,2064,2018-10-05 11:15:55.963,
1933,3,7,3,13,200000.0,Please transfer budget as negative in equipment head,1,1018,2018-10-05 11:43:37.007,
1934,22,7,34,10,200000.0,,1,1998,2018-10-05 16:06:46.623,
1935,22,7,35,10,200000.0,,1,1998,2018-10-05 16:07:17.170,
1936,1,2,1,10,350000.0,,1,2623,2018-10-08 09:24:30.603,
1937,3,2,3,10,200000.0,Please transfer budget as negative in renovationhead,1,1018,2018-10-08 09:57:51.260,
1938,22,7,35,13,200000.0,,1,1998,2018-10-08 13:20:25.713,
1939,12,13,87,13,50000.0,,1,1993,2018-10-09 00:10:09.340,
1940,62,14,62,8,500000.0,,1,2135,2018-10-09 14:55:40.720,
1941,28,14,87,1,70000.0,,1,1993,2018-10-09 16:06:13.220,
1942,4,14,4,13,500000.0,,1,2135,2018-10-09 17:28:58.033,
1943,62,3,62,13,200000.0,,1,2135,2018-10-09 17:29:59.407,
1944,4,14,4,13,100000.0,,1,1984,2018-10-09 17:58:01.853,
1945,66,3,66,10,20000.0,,1,1995,2018-10-09 18:07:13.780,
1946,27,7,27,13,50000.0,,1,1976,2018-10-10 09:54:56.683,
1947,22,7,35,13,200000.0,,1,1998,2018-10-10 10:43:20.823,
1948,29,13,13,13,200000.0,Dear Sir kIndly approve.,1,1521,2018-10-10 12:13:31.867,
1949,29,9,54,13,100000.0,Please approve.,1,1521,2018-10-10 12:14:09.193,
1950,9,7,103,13,400000.0,,1,1426,2018-10-10 12:28:37.373,
1951,9,3,103,13,400000.0,,1,1426,2018-10-10 12:29:43.860,
1952,11,2,11,13,10000.0,please approve,1,1426,2018-10-10 12:32:57.730,
1953,20,2,20,3,180000.0,please approve,1,1426,2018-10-10 13:26:01.790,
1954,20,4,20,3,80000.0,please approve,1,1426,2018-10-10 13:26:53.563,
1955,103,14,20,3,150000.0,please approve,1,1426,2018-10-10 13:27:34.963,
1956,29,13,52,13,100000.0,,1,1521,2018-10-10 15:13:10.417,
1957,103,2,20,9,100000.0,please approve,1,1426,2018-10-10 17:55:40.210,
1958,54,9,54,13,10000.0,"Dear Sir Kindlly aproe transfer of 10,000 PKR to Equipment head as we have a budget defecit of PKR 4,050 for 1 activity with setspin sharing.",1,1972,2018-10-10 20:11:03.680,
1959,54,9,54,10,23000.0,"Dear Sir Kindlly approve transfer of 23,000 PKR to Ward Renovation head as we have a budget defecit of PKR 22,090 for 1 activity with setspin sharing.",1,1972,2018-10-11 09:46:31.330,
1960,66,3,66,7,200000.0,,1,1995,2018-10-11 11:08:06.197,
1961,40,10,40,9,50000.0,,1,1996,2018-10-11 11:51:17.187,
1962,39,14,39,3,50000.0,,1,2060,2018-10-11 12:52:29.623,
1963,66,14,66,13,100000.0,,1,1995,2018-10-11 12:53:10.150,
1964,49,7,49,10,500000.0,,1,2058,2018-10-11 12:55:18.440,
1965,37,13,53,13,400000.0,,1,1978,2018-10-11 13:02:26.753,
1966,62,14,62,13,500000.0,,1,1984,2018-10-11 13:29:22.510,
1967,39,10,39,3,600000.0,,1,2060,2018-10-11 20:41:23.273,
1968,28,14,87,6,10000.0,,1,1993,2018-10-12 15:10:51.423,
1969,45,10,45,13,2000000.0,"2 Baby Incubator YP 100, 2 Phototherapy Unit and 2 Puls Oximeter with nibp for Hospital, Professor Dr. Najma Ghaffar, consultant Obs & Gynae, (Quetta) - prf 11896",1,1986,2018-10-13 16:48:15.060,
1970,9,10,103,9,100000.0,Sir for your approval,1,1989,2018-10-15 12:17:17.993,
1971,9,10,103,10,500000.0,,1,1989,2018-10-15 12:21:02.883,
1972,9,13,103,10,300000.0,,1,1989,2018-10-15 12:21:29.313,
1973,29,10,52,10,100000.0,,1,1521,2018-10-15 12:24:24.560,
1974,29,2,13,8,30000.0,,1,1521,2018-10-15 12:31:39.607,
1975,3,3,3,13,300000.0,Please transfer budget as negative in equipment head,1,1018,2018-10-15 12:35:46.913,
1976,29,13,52,13,200000.0,,1,1521,2018-10-15 16:01:03.177,
1977,9,3,103,3,500000.0,,1,1989,2018-10-15 20:01:17.057,
1978,9,7,103,3,500000.0,,1,1989,2018-10-15 20:01:53.023,
1979,104,13,104,7,500000.0,,1,1985,2018-10-16 10:58:48.733,
1980,99,3,99,2,100000.0,,1,2064,2018-10-16 11:50:22.650,
1981,103,2,103,10,300000.0,please approve,1,1426,2018-10-17 16:43:34.897,
1982,29,13,52,9,100000.0,please approve...,1,1521,2018-10-17 18:18:08.290,
1983,9,10,103,10,120000.0,,1,1989,2018-10-18 17:14:23.750,
1984,52,14,52,9,500000.0,,1,1521,2018-10-18 17:16:39.103,
1985,58,3,58,10,400000.0,,1,2064,2018-10-18 17:45:47.977,
1986,109,13,109,1,300000.0,,1,1997,2018-10-18 18:31:47.947,
1987,50,8,50,13,300000.0,,1,1987,2018-10-18 23:18:17.453,
1988,57,10,57,13,300000.0,,1,835,2018-10-19 12:42:35.660,
1989,99,3,99,7,100000.0,,1,2064,2018-10-22 10:31:52.503,
1990,49,14,49,13,600000.0,,1,2058,2018-10-22 11:58:18.630,
1991,28,14,87,13,100000.0,,1,1993,2018-10-22 15:57:07.757,
1992,9,3,103,3,300000.0,,1,1989,2018-10-22 18:05:17.453,
1993,99,13,99,7,400000.0,,1,2064,2018-10-23 10:56:44.113,
1994,87,4,87,13,80000.0,Please transfer budget as negative in equipment head,1,1993,2018-10-23 15:28:29.197,
1995,87,8,87,13,45000.0,Please transfer budget as negative in equipment head,1,1993,2018-10-23 15:29:58.183,
1996,51,14,51,13,45000.0,,1,2787,2018-10-23 16:30:02.147,
1997,27,10,27,13,70000.0,,1,1976,2018-10-23 17:15:02.413,
1998,62,7,62,9,100000.0,,1,1984,2018-10-23 17:35:55.147,
1999,28,14,87,13,100000.0,,1,1993,2018-10-24 10:01:24.253,
2000,9,9,103,9,100000.0,,1,1989,2018-10-24 10:12:18.267,
2001,28,14,87,7,100000.0,,1,1993,2018-10-24 13:20:01.537,
2002,14,10,14,4,32153.0,please transfer budget,1,1679,2018-10-24 16:12:24.157,
2003,58,13,58,7,15000.0,,1,2064,2018-10-24 16:45:14.090,
2004,20,13,38,13,30000.0,,1,1989,2018-10-25 10:45:37.563,
2005,29,10,54,10,25000.0,,1,1972,2018-10-25 11:38:04.293,
2006,50,7,50,13,400000.0,,1,1987,2018-10-26 00:10:34.267,
2007,50,7,50,10,200000.0,,1,1987,2018-10-26 13:58:05.803,
2008,66,14,66,10,80000.0,,1,1995,2018-10-26 14:48:06.637,
2009,9,7,9,10,200000.0,,1,1989,2018-10-29 11:10:55.813,
2010,9,7,9,13,100000.0,,1,1989,2018-10-29 16:08:05.957,
2011,22,2,22,13,300000.0,Need to move budget due to pending activities and negative budget in head,1,1967,2018-10-29 17:40:45.577,
2012,29,10,52,10,200000.0,,1,1521,2018-10-29 18:06:30.783,
2013,46,10,46,13,70000.0,,1,2692,2018-10-29 18:16:26.750,
2014,101,11,101,6,2000.0,,1,2765,2018-10-29 18:29:17.427,
2015,55,2,55,6,2000.0,,1,2623,2018-10-29 18:33:58.540,
2016,55,2,55,6,2000.0,,1,2623,2018-10-29 18:34:00.393,
2017,22,7,35,13,150000.0,,1,1998,2018-10-29 18:47:49.180,
2018,22,7,22,13,100000.0,,1,1998,2018-10-29 18:48:35.977,
2019,37,7,53,7,400000.0,,1,1978,2018-10-30 11:21:50.240,
2020,22,7,34,13,125000.0,,1,1998,2018-10-30 11:38:04.720,
2021,9,7,9,9,200000.0,,1,1989,2018-10-30 13:48:12.320,
2022,9,9,103,9,150000.0,,1,1989,2018-10-30 16:11:38.730,
2023,22,7,34,10,100000.0,,1,1998,2018-10-30 17:42:23.027,
2024,39,1,39,5,200000.0,,1,2060,2018-10-31 01:02:25.910,
2025,40,10,40,9,100000.0,,1,1996,2018-10-31 10:02:46.540,
2026,9,2,20,13,50000.0,,1,1989,2018-10-31 12:29:47.283,
2027,12,8,12,3,600000.0,,1,1993,2018-10-31 14:44:36.450,
2028,12,8,12,3,700000.0,,1,1018,2018-10-31 16:13:13.610,
2029,51,14,51,13,90000.0,,1,2787,2018-10-31 16:53:52.183,
2030,29,1,29,14,21000.0,,1,1972,2018-11-01 08:51:06.537,
2031,29,1,29,14,21000.0,,1,1972,2018-11-01 08:51:32.903,
2032,22,7,35,10,150000.0,,1,1998,2018-11-06 13:46:33.410,
2033,37,7,53,7,20000.0,,1,1978,2018-11-06 15:15:42.073,
2034,22,14,34,13,100000.0,,1,1998,2018-11-06 15:29:29.013,
2035,22,14,35,13,150000.0,,1,1998,2018-11-06 15:29:53.023,
2036,4,4,4,13,500000.0,,1,2135,2018-11-06 17:18:31.427,
2037,62,7,62,2,20000.0,,1,2135,2018-11-06 18:03:38.347,
2038,114,14,28,6,10000.0,,1,2104,2018-11-07 13:15:49.000,
2039,22,14,102,1,125000.0,,1,1998,2018-11-07 18:23:59.740,
2040,22,7,35,9,100000.0,,1,1998,2018-11-08 19:01:13.913,
2041,22,7,34,13,75000.0,,1,1998,2018-11-08 19:42:56.933,
2042,2,9,47,13,25000.0,,1,1997,2018-11-09 10:49:42.337,
2043,16,14,16,13,90000.0,,1,2787,2018-11-09 12:55:31.847,
2044,51,14,51,13,90000.0,,1,2787,2018-11-09 13:12:51.333,
2045,29,2,29,13,100000.0,,1,1972,2018-11-09 16:23:50.210,
2046,9,2,9,13,500000.0,,1,1989,2018-11-09 16:35:57.963,
2047,99,7,99,13,50000.0,,1,2064,2018-11-09 16:46:53.740,
2048,22,7,102,1,150000.0,,1,1998,2018-11-09 17:26:33.583,
2049,40,10,40,9,100000.0,,1,1996,2018-11-12 10:02:02.110,
2050,16,13,16,4,90000.0,,1,2787,2018-11-12 15:48:42.123,
2051,9,2,20,3,50000.0,please approve,1,1426,2018-11-12 16:01:51.350,
2052,51,14,51,5,95000.0,,1,2787,2018-11-13 12:20:21.537,
2053,51,14,51,5,92000.0,,1,2787,2018-11-13 12:21:38.587,
2054,29,7,29,8,50000.0,,1,1972,2018-11-13 15:46:48.443,
2055,12,3,3,7,200000.0,,1,1018,2018-11-14 10:18:16.593,
2056,3,3,3,13,100000.0,,1,1018,2018-11-14 10:19:29.127,
2057,62,7,62,13,100000.0,,1,2135,2018-11-14 11:27:41.243,
2058,22,7,34,13,150000.0,,1,1998,2018-11-14 11:27:58.363,
2059,22,7,35,13,100000.0,Request of transfer budget from lowplat plus social culture head to Telsarta A equipment head,1,1998,2018-11-15 10:23:06.447,
2060,28,14,3,7,300000.0,,1,1018,2018-11-15 15:43:41.837,
2061,22,2,34,9,50000.0,,1,1998,2018-11-15 18:25:21.500,
2062,22,2,22,13,150000.0,,1,1998,2018-11-15 18:25:44.810,
2063,27,7,27,13,150000.0,,1,1976,2018-11-15 18:52:56.950,
2064,104,13,104,7,1000000.0,,1,1985,2018-11-16 11:17:52.587,
2065,3,2,3,7,375000.0,,1,2104,2018-11-16 11:21:09.587,
2066,2,1,47,9,50000.0,,1,1997,2018-11-16 11:54:01.283,
2067,22,2,22,13,500000.0,Need to move budget due to pending activities and negative budget in head,1,1967,2018-11-16 12:51:54.410,
2068,50,4,50,7,95000.0,,1,1987,2018-11-16 12:55:29.330,
2069,22,7,22,13,150000.0,budget transfer request due to negative balance in lowplat plus equipments,1,1967,2018-11-16 13:14:29.143,
2070,109,13,109,1,20000.0,,1,1997,2018-11-16 14:43:20.383,
2071,13,7,52,13,500000.0,,1,1521,2018-11-16 15:53:24.813,
2072,52,7,52,13,500000.0,,1,1521,2018-11-16 15:53:58.093,
2073,14,14,14,7,300000.0,,1,1987,2018-11-16 17:07:08.880,
2074,103,1,103,8,300000.0,,1,1989,2018-11-18 18:59:20.783,
2075,28,14,87,7,100000.0,,1,1993,2018-11-19 09:49:59.673,
2076,13,7,13,8,100000.0,,1,1521,2018-11-19 10:43:59.663,
2077,9,4,20,3,70000.0,please approve,1,1426,2018-11-19 10:54:47.673,
2078,51,14,51,13,25000.0,,1,2787,2018-11-19 13:20:38.730,
2079,22,7,35,13,100000.0,,1,1998,2018-11-19 16:40:13.783,
2080,103,7,103,3,200000.0,,1,1989,2018-11-19 18:13:48.810,
2081,29,10,52,10,200000.0,,1,1521,2018-11-20 18:23:50.107,
2082,55,10,55,2,900000.0,,1,2623,2018-11-21 13:17:31.193,
2083,55,3,55,2,250000.0,,1,2623,2018-11-21 13:24:10.953,
2084,51,14,51,13,50000.0,,1,2787,2018-11-22 11:06:49.353,
2085,29,10,13,7,50000.0,,1,1521,2018-11-22 12:29:57.253,
2086,29,10,29,7,50000.0,,1,1521,2018-11-22 12:30:24.960,
2087,105,14,105,10,1000000.0,PRF # 12977,1,1986,2018-11-22 17:23:48.783,
2088,4,2,62,14,600000.0,For Kind Incentive,1,2135,2018-11-26 12:17:36.593,
2089,28,10,87,10,50000.0,,1,1993,2018-11-26 12:27:18.780,
2090,28,10,12,10,40000.0,,1,1993,2018-11-26 12:27:46.333,
2091,104,15,104,1,300000.0,,1,1985,2018-11-27 12:46:13.860,
2092,104,13,104,3,500000.0,,1,1985,2018-11-27 12:46:54.460,
2093,47,2,47,9,30000.0,,1,1997,2018-11-28 12:43:02.497,
2094,27,7,27,13,200000.0,,1,1976,2018-11-28 15:37:13.440,
2095,51,7,51,13,100000.0,,1,1976,2018-11-28 15:38:28.703,
2096,33,13,33,4,65000.0,,1,1996,2018-11-29 10:10:54.100,
2097,105,15,105,2,200000.0,For Omron Nebulizers,1,1986,2018-11-29 11:06:18.293,
2098,22,3,35,2,150000.0,,1,1998,2018-11-29 11:41:42.650,
2099,22,2,35,4,500000.0,,1,1998,2018-11-29 11:49:05.393,
2100,103,7,103,3,150000.0,,1,1989,2018-11-29 13:35:17.713,
2101,9,3,20,7,110000.0,,1,1426,2018-11-29 15:27:35.663,
2102,53,14,53,13,300000.0,,1,1984,2018-11-29 18:28:10.277,
2103,20,7,20,3,110000.0,,1,1426,2018-11-30 10:59:57.327,
2104,103,2,103,3,50000.0,please approve,1,1426,2018-12-03 10:14:07.600,
2105,22,7,34,13,200000.0,,1,1998,2018-12-03 17:25:17.127,
2106,29,3,29,7,150000.0,,1,1972,2018-12-03 18:04:21.750,
2107,29,9,54,9,20000.0,,1,1972,2018-12-03 18:09:42.013,
2108,4,14,4,13,400000.0,,1,2135,2018-12-03 19:32:54.053,
2109,4,2,62,13,200000.0,,1,2135,2018-12-03 19:33:40.550,
2110,3,3,3,4,50000.0,,1,1018,2018-12-04 11:44:12.920,
2111,28,14,87,10,100000.0,,1,1993,2018-12-04 17:11:14.843,
2112,29,3,52,10,100000.0,,1,1521,2018-12-05 09:41:07.307,
2113,20,13,38,9,30000.0,,1,1989,2018-12-05 16:22:14.753,
2114,4,7,4,13,300000.0,,1,389,2018-12-06 16:34:03.950,
2115,62,7,62,13,300000.0,,1,389,2018-12-06 16:34:50.243,
2116,62,7,62,9,150000.0,,1,389,2018-12-06 16:37:28.613,
2117,28,14,87,7,100000.0,,1,1993,2018-12-06 17:41:50.277,
2118,53,14,53,8,100000.0,,1,1984,2018-12-07 14:17:45.100,
2119,22,7,34,13,100000.0,,1,1998,2018-12-10 12:57:03.290,
2120,49,6,49,4,50000.0,,1,2116,2018-12-10 15:21:29.313,
2121,14,10,14,7,100000.0,,1,835,2018-12-10 16:42:24.373,
2122,51,14,51,13,40000.0,,1,2787,2018-12-11 14:20:58.320,
2123,9,2,9,10,50000.0,,1,1989,2018-12-11 15:31:06.053,
2124,103,7,103,10,250000.0,,1,1989,2018-12-11 15:39:53.607,
2125,9,7,9,10,250000.0,,1,1989,2018-12-11 15:40:44.413,
2126,29,3,29,7,300000.0,"Dear Sir Kindly approve to transfer 300,000 PKR to Social/CUltural/Eucational Program",1,1972,2018-12-11 15:48:27.703,
2127,22,7,35,13,200000.0,,1,1998,2018-12-11 18:50:51.773,
2128,22,7,34,10,50000.0,,1,1998,2018-12-11 18:51:23.427,
2129,22,7,34,13,100000.0,,1,1998,2018-12-11 18:52:09.663,
2130,22,7,102,1,75000.0,,1,1998,2018-12-14 18:32:16.633,
2131,27,7,27,5,80000.0,,1,1976,2018-12-17 10:36:23.977,
2132,29,3,29,7,30000.0,,1,1972,2018-12-17 11:28:24.347,
2133,55,10,55,2,996817.0,,1,2623,2018-12-17 16:14:44.993,
2134,2,9,47,9,100000.0,,1,1997,2018-12-18 10:31:10.203,
2135,61,10,99,7,2000000.0,,1,2623,2018-12-18 16:10:11.030,
2136,99,14,58,14,240000.0,,1,2064,2018-12-19 11:42:50.687,
2137,99,14,99,13,200000.0,,1,2064,2018-12-20 11:59:13.703,
2138,103,7,103,3,200000.0,,1,1989,2018-12-21 10:26:03.740,
2139,9,9,103,3,200000.0,,1,1989,2018-12-21 15:23:40.360,
2140,97,4,97,1,250000.0,,1,2116,2018-12-24 16:07:05.553,
2141,4,4,4,6,40000.0,,1,2135,2018-12-25 22:10:59.813,
2142,14,10,14,7,200000.0,,1,835,2018-12-26 19:12:46.053,
2143,3,3,3,13,30000.0,,1,1018,2018-12-27 10:45:17.253,
2144,101,13,101,2,400000.0,,1,2765,2018-12-27 16:53:46.413,
2145,15,2,15,8,200000.0,Uric Acid Strips,1,2692,2018-12-27 16:57:30.433,
2146,104,13,104,7,1000000.0,,1,1985,2018-12-28 09:58:27.337,
2147,15,1,15,13,500000.0,,1,2692,2018-12-28 12:51:07.797,
2148,15,7,15,3,2500000.0,,1,2692,2018-12-28 12:52:10.407,
2149,108,15,108,13,531000.0,,1,2692,2018-12-28 13:00:57.327,
2150,20,7,103,10,100000.0,,1,1989,2018-12-28 16:12:19.700,
2151,2,13,47,4,425000.0,,1,1997,2018-12-28 16:23:55.030,
2152,15,10,15,14,700000.0,Gouric Kind Incentive,1,2692,2018-12-28 18:01:17.047,
2153,61,10,99,7,600000.0,,1,2623,2018-12-31 17:59:55.263,
2154,101,9,101,2,700000.0,,1,2765,2019-01-01 16:50:27.193,
2155,28,7,114,7,2000000.0,,1,2104,2019-01-02 09:27:54.727,
2156,93,2,93,7,1500000.0,,1,2010,2019-01-03 11:36:53.703,
2157,22,7,102,7,150000.0,budget transfer request due to negative balance in Byvas social culture head,1,1998,2019-01-03 15:04:58.543,
2158,29,3,29,7,250000.0,,1,1972,2019-01-03 18:07:33.333,
2159,51,4,51,6,10000.0,,1,2787,2019-01-04 10:18:09.783,
2160,51,5,51,6,10000.0,,1,2787,2019-01-04 10:26:03.657,
2161,28,2,114,2,500000.0,,1,2104,2019-01-07 11:23:26.123,
2162,47,13,60,7,20000.0,add in neo q10 Presentation head,1,1997,2019-01-07 18:03:14.283,
2163,47,13,60,7,180000.0,,1,1997,2019-01-07 18:21:37.017,
2164,9,7,103,10,150000.0,,1,1989,2019-01-08 10:32:17.193,
2165,20,2,103,13,70000.0,,1,1989,2019-01-08 10:35:26.200,
2166,49,5,49,13,15000.0,,1,2116,2019-01-08 12:03:52.173,
2167,22,7,102,7,250000.0,,1,1998,2019-01-08 15:03:56.283,
2168,99,7,99,13,300000.0,,1,2064,2019-01-08 15:39:14.033,
2169,97,10,97,13,100000.0,,1,2116,2019-01-08 17:25:48.000,
2170,28,7,87,7,50000.0,,1,1993,2019-01-09 17:07:19.153,
2171,61,10,99,7,500000.0,,1,2623,2019-01-09 17:20:06.330,
2172,97,15,97,2,500000.0,,1,2116,2019-01-11 18:22:59.307,
2173,97,15,97,7,500000.0,,1,2116,2019-01-11 18:23:22.563,
2174,97,15,97,3,271697.0,,1,2116,2019-01-16 15:51:47.500,
2175,97,2,97,13,400000.0,,1,2116,2019-01-16 15:52:25.013,
2176,24,7,17,7,250000.0,,1,2116,2019-01-16 15:55:20.163,
2177,24,3,17,12,100000.0,,1,2116,2019-01-16 15:55:52.187,
2178,13,4,13,6,50000.0,,1,1972,2019-01-16 18:00:10.107,
2179,13,4,13,3,40000.0,,1,1972,2019-01-16 18:01:00.047,
2180,13,4,29,6,40000.0,,1,1972,2019-01-16 18:01:35.680,
2181,13,7,29,14,800000.0,,1,1972,2019-01-16 18:02:56.263,
2182,13,2,29,14,500000.0,,1,1972,2019-01-16 18:03:57.300,
2183,29,3,29,7,350000.0,,1,1972,2019-01-16 18:07:21.820,
2184,54,14,54,13,400000.0,,1,1972,2019-01-16 18:09:30.827,
2185,54,7,54,13,250000.0,,1,1972,2019-01-16 18:10:33.920,
2186,32,10,32,14,800000.0,,1,2765,2019-01-17 08:54:39.443,
2187,32,15,32,7,220000.0,,1,2765,2019-01-17 08:55:16.903,
2188,101,10,101,2,800000.0,,1,2765,2019-01-17 08:55:52.577,
2189,101,10,101,15,330000.0,,1,2765,2019-01-17 08:56:16.757,
2190,41,14,41,13,3000000.0,,1,1970,2019-01-17 11:06:37.223,
2191,21,13,21,7,2000000.0,,1,1970,2019-01-17 11:08:57.377,
2192,21,14,21,7,1000000.0,,1,1970,2019-01-17 11:09:32.727,
2193,21,14,21,3,250000.0,,1,1970,2019-01-17 11:10:15.693,
2194,22,3,102,15,750000.0,budget transfer request due to negative balance in Byvas Launching S&D,1,1967,2019-01-18 12:26:44.743,
2195,22,7,102,5,100000.0,budget transfer request due to negative balance in Byvas manual/literature/photo copies-S&D,1,1967,2019-01-18 12:29:32.710,
2196,22,7,22,14,750000.0,Request of transfer budget from lowplat plus social culture head to  Lowplat plus others head,1,1967,2019-01-18 12:32:17.267,
2197,34,7,34,13,50000.0,Request of transfer budget fromTelsarta Social Culture Head to Telsarta Equipments Head,1,1967,2019-01-18 12:35:28.887,
2198,22,3,34,1,400000.0,Request of transfer budget from lowplat plus Seminars Head to Telsarta Folders Head,1,1967,2019-01-18 12:39:40.733,
2199,34,7,34,14,300000.0,Request of transfer budget from Telsarta Social Culture Head to Telsarta Others Head,1,1967,2019-01-18 12:43:24.830,
2200,22,7,34,3,50000.0,Request of transfer budget from lowplat plus social culture head to Telsarta Seminars Head,1,1967,2019-01-18 12:46:01.230,
2201,35,14,35,1,10000.0,budget transfer request due to negative balance in Telsarta A Folders,1,1967,2019-01-18 12:48:22.740,
2202,35,14,35,3,50000.0,budget transfer request due to negative balance in Telsarta A Seminars Head,1,1967,2019-01-18 12:51:23.273,
2203,22,7,35,12,500000.0,budget transfer request due to negative balance in Telsarta A Incentives Head,1,1967,2019-01-18 12:59:56.950,
2204,28,7,114,2,500000.0,,1,2104,2019-01-23 11:30:08.880,
2205,20,7,103,7,200000.0,,1,1989,2019-01-24 10:09:11.810,
2206,22,7,102,7,100000.0,,1,1998,2019-01-29 08:01:15.527,
2207,61,3,99,7,760000.0,,1,2623,2019-01-31 13:21:07.103,
2208,28,7,114,2,2200000.0,,1,2104,2019-02-04 11:29:29.627,
2209,61,9,99,7,450000.0,,1,2623,2019-02-06 12:14:37.753,
2210,61,10,99,7,441800.0,,1,2623,2019-02-06 13:09:42.440,
2211,55,2,99,7,750000.0,,1,2623,2019-02-07 10:22:00.997,
2212,104,13,104,7,500000.0,,1,1985,2019-02-07 13:08:17.890,
2213,19,14,19,7,500000.0,,1,1984,2019-02-12 12:04:52.117,
2214,55,2,99,7,500000.0,,1,2623,2019-02-13 16:58:09.027,
2215,9,2,103,7,150000.0,,1,1989,2019-02-15 10:46:34.447,
2216,9,13,103,7,100000.0,,1,1989,2019-02-15 10:47:10.287,
2217,28,8,114,9,800000.0,,1,2104,2019-02-15 14:58:45.207,
2218,29,3,103,2,100500.0,,1,1972,2019-02-15 16:24:47.630,
2219,9,1,103,13,150000.0,please approve,1,1426,2019-02-15 16:25:05.163,
2220,28,13,114,2,1600000.0,,1,2104,2019-02-15 17:17:07.243,
2221,28,2,114,15,1000000.0,,1,1018,2019-02-15 17:50:40.923,
2222,28,9,114,15,400000.0,,1,1018,2019-02-15 17:51:55.130,
2223,19,14,19,7,800000.0,,1,1984,2019-02-25 10:44:03.930,
2224,37,14,19,7,370000.0,,1,1984,2019-02-25 10:44:47.647,
2225,19,2,19,7,300000.0,,1,1984,2019-02-25 10:45:27.060,
2226,40,8,40,2,395000.0,,1,1996,2019-02-26 10:32:53.937,
2227,40,10,40,3,1470595.0,,1,1996,2019-02-26 10:33:28.083,
2228,40,10,40,7,1736286.0,,1,1996,2019-02-26 10:34:01.493,
2229,21,14,21,4,500000.0,,1,1970,2019-02-26 10:34:09.727,
2230,21,14,21,7,1000000.0,,1,1970,2019-02-26 10:34:35.420,
2231,21,14,21,7,1000000.0,,1,1970,2019-02-26 10:34:35.793,
2232,21,14,21,6,10000.0,,1,1970,2019-02-26 10:35:07.923,
2233,41,7,41,9,50000.0,,1,1970,2019-02-26 10:35:49.697,
2234,41,10,41,6,25000.0,,1,1970,2019-02-26 10:36:22.780,
2235,97,14,97,10,250000.0,,1,2116,2019-02-26 11:02:53.370,
2236,97,14,97,7,250000.0,,1,2116,2019-02-26 11:03:30.897,
2237,97,14,97,13,100000.0,,1,2116,2019-02-26 11:04:30.503,
2238,15,6,15,14,250000.0,,1,2692,2019-02-26 11:20:26.320,
2239,106,14,30,7,56332.0,,1,2692,2019-02-26 11:32:07.720,
2240,106,14,30,12,9365.0,,1,2692,2019-02-26 11:33:15.113,
2241,106,14,36,12,22367.0,,1,2692,2019-02-26 11:36:45.793,
2242,42,14,42,6,60000.0,,1,2692,2019-02-26 11:41:05.770,
2243,42,14,42,4,53579.0,,1,2692,2019-02-26 11:42:03.320,
2244,42,2,42,13,2031.0,,1,2692,2019-02-26 11:43:35.570,
2245,42,2,42,3,16970.0,,1,2692,2019-02-26 11:45:56.850,
2246,42,2,42,7,73074.0,,1,2692,2019-02-26 11:48:57.760,
2247,102,3,102,1,155000.0,budget transfer request due to negative balance,1,1196,2019-02-26 11:51:25.347,
2248,43,3,43,14,275000.0,,1,2692,2019-02-26 11:52:20.297,
2249,102,3,102,7,300000.0,budget transfer request due to negative balance,1,1196,2019-02-26 11:57:09.133,
2250,22,5,22,1,50000.0,budget transfer request due to negative balance,1,1196,2019-02-26 11:59:42.377,
2251,22,10,22,14,400000.0,budget transfer request due to negative balance,1,1196,2019-02-26 12:04:13.050,
2252,22,10,22,12,1000000.0,budget transfer request due to negative balance,1,1196,2019-02-26 12:06:19.573,
2253,22,3,35,12,320000.0,budget transfer request due to negative balance,1,1196,2019-02-26 14:25:11.957,
2254,22,3,35,11,320000.0,budget transfer request due to negative balance,1,1196,2019-02-26 14:24:51.373,
2255,43,10,43,14,226654.0,,1,2692,2019-02-26 12:11:20.160,
2256,43,13,43,7,100764.0,,1,2692,2019-02-26 12:12:38.663,
2257,23,14,34,1,160000.0,budget transfer request due to negative balance,1,1196,2019-02-26 12:12:57.973,
2258,35,14,35,1,200000.0,budget transfer request due to negative balance,1,1196,2019-02-26 12:13:59.193,
2259,108,12,108,14,300000.0,,1,2692,2019-02-26 12:15:37.993,
2260,108,12,108,7,500000.0,,1,2692,2019-02-26 12:16:30.920,
2261,42,12,15,12,600000.0,,1,2692,2019-02-26 12:19:05.880,
2262,107,1,107,13,160000.0,,1,2692,2019-02-26 12:21:35.160,
2263,107,14,107,13,3000.0,,1,2692,2019-02-26 12:22:15.327,
2264,107,14,107,10,112000.0,,1,2692,2019-02-26 12:23:37.933,
2265,106,12,36,7,134917.0,,1,2692,2019-02-26 12:26:04.567,
2266,24,9,97,9,40000.0,,1,2116,2019-02-26 12:28:45.180,
2267,24,4,97,4,25000.0,,1,2116,2019-02-26 12:29:21.387,
2268,24,3,97,3,100000.0,,1,2116,2019-02-26 12:29:49.303,
2269,24,7,17,7,40000.0,,1,2116,2019-02-26 12:33:13.607,
2270,49,14,49,13,200000.0,,1,2116,2019-02-26 12:34:38.027,
2271,49,6,49,4,80000.0,,1,2116,2019-02-26 12:35:06.787,
2272,49,7,49,3,10000.0,,1,2116,2019-02-26 12:35:38.133,
2273,27,4,27,6,8700.0,,1,1976,2019-02-26 12:41:43.943,
2274,27,7,27,14,687300.0,,1,1976,2019-02-26 12:44:17.413,
2275,46,11,46,7,1200000.0,,1,2692,2019-02-26 12:52:57.073,
2276,46,1,46,7,90000.0,,1,2692,2019-02-26 12:53:30.847,
2277,46,13,46,7,10000.0,,1,2692,2019-02-26 12:54:14.487,
2278,46,10,46,7,100000.0,,1,2692,2019-02-26 12:54:46.607,
2279,46,8,46,7,11000.0,,1,2692,2019-02-26 12:55:36.883,
2280,16,1,16,9,13700.0,,1,2787,2019-02-26 13:26:04.400,
2281,16,13,16,14,185100.0,,1,2787,2019-02-26 13:27:21.250,
2282,51,10,51,5,152600.0,,1,2787,2019-02-26 13:29:22.640,
2283,51,10,51,1,62400.0,,1,2787,2019-02-26 13:30:04.893,
2284,51,10,51,4,70700.0,,1,2787,2019-02-26 13:30:41.273,
2285,51,10,51,6,11000.0,,1,2787,2019-02-26 15:29:26.983,
2286,51,10,51,9,400.0,,1,2787,2019-02-26 15:31:34.363,
2287,16,10,16,3,554000.0,,1,2787,2019-02-26 15:43:31.200,
2288,55,2,99,7,758000.0,,1,2623,2019-02-27 12:13:21.620,
2289,13,14,13,13,200000.0,,1,1972,2019-02-28 13:50:45.730,
2290,13,14,13,4,100000.0,,1,1972,2019-02-28 13:51:16.697,
2291,52,3,29,7,400000.0,,1,1972,2019-02-28 13:52:19.850,
2292,52,3,29,14,150000.0,,1,1972,2019-02-28 13:52:51.153,
2293,52,3,29,5,50000.0,,1,1972,2019-02-28 13:53:35.053,
2294,52,3,52,13,600000.0,,1,1972,2019-02-28 13:54:14.220,
2295,52,3,52,10,200000.0,,1,1972,2019-02-28 13:54:41.733,
2296,4,4,4,6,1934.0,Settling -ve Heads,1,2135,2019-03-05 11:14:22.760,
2297,4,4,4,13,600000.0,Settling -ve heads,1,2135,2019-03-05 11:17:00.247,
2298,4,1,4,13,315898.0,Settling -ve Heads,1,2135,2019-03-05 11:17:58.200,
2299,4,8,4,10,232893.0,Settling -ve Heads,1,2135,2019-03-05 11:19:18.660,
2300,4,9,4,10,626261.0,Settling -ve Heads,1,2135,2019-03-05 11:20:08.893,
2301,4,14,4,7,813277.0,Settling -ve Heads,1,2135,2019-03-05 11:23:54.087,
2302,62,9,62,13,58737.0,Settling -ve Heads,1,2135,2019-03-05 12:21:25.163,
2303,62,1,62,5,28385.0,Settling -ve Heads,1,2135,2019-03-05 12:25:49.773,
2304,62,10,62,3,187292.0,Settling -ve Heads,1,2135,2019-03-05 12:26:55.383,
2305,62,8,62,7,226629.0,Settling -ve Heads,1,2135,2019-03-05 12:27:51.590,
2306,25,1,25,6,22500.0,Settling -ve Heads,1,2135,2019-03-05 12:30:39.863,
2307,25,1,25,7,222540.0,Settling -ve Heads,1,2135,2019-03-05 12:31:41.787,
2308,33,10,99,7,2500000.0,,1,2064,2019-03-06 09:56:46.773,
2309,53,14,19,7,330000.0,,1,1984,2019-03-08 11:19:59.107,
2310,19,1,19,7,300000.0,,1,1984,2019-03-08 11:33:13.460,
2311,19,10,19,7,300000.0,,1,1984,2019-03-08 11:33:57.197,
2312,19,8,19,7,200000.0,,1,1984,2019-03-08 11:35:36.257,
2313,53,10,53,7,300000.0,,1,1984,2019-03-08 15:52:33.460,
2314,104,13,104,7,1000000.0,,1,1985,2019-03-11 15:43:18.617,
2315,9,1,103,7,150000.0,,1,1989,2019-03-13 10:44:01.147,
2316,9,7,103,1,250000.0,,1,1989,2019-03-13 10:44:34.723,
2317,3,1,28,14,300000.0,Pre approval done from BUH,1,1993,2019-03-14 15:40:19.043,
2318,3,9,28,14,100000.0,Pre approval done from BUH,1,1993,2019-03-14 15:40:58.440,
2319,3,3,28,14,500000.0,Pre approval done from BUH,1,1993,2019-03-14 15:41:32.887,
2320,28,2,28,14,100000.0,Pre approval done from BUH,1,1993,2019-03-14 15:42:20.350,
2321,28,9,28,14,350000.0,Pre approval done from BUH,1,1993,2019-03-14 15:42:59.977,
2322,114,2,28,14,600000.0,Pre approval done from BUH,1,1993,2019-03-14 15:44:54.397,
2323,25,1,4,7,240441.0,Settling -ve heads,1,2135,2019-03-15 00:15:50.283,
2324,25,10,4,7,271019.0,Settling -ve heads,1,2135,2019-03-15 00:17:13.240,
2325,25,13,4,7,91900.0,Settling -ve heads,1,2135,2019-03-15 00:18:50.130,
2326,3,11,28,14,1500000.0,Pre approval done from BUH,1,1993,2019-03-19 12:11:55.420,
2327,87,11,28,14,500000.0,Pre approval done from BUH,1,1993,2019-03-19 12:11:16.900,
2328,99,7,58,13,300000.0,,1,2064,2019-03-20 10:06:12.143,
2329,28,14,114,7,250000.0,,1,1993,2019-03-20 17:42:49.177,
2330,28,14,114,7,30000.0,,1,1993,2019-03-20 19:04:16.253,
2331,28,14,114,7,300000.0,,1,1993,2019-03-20 19:05:00.627,
2332,64,2,53,7,200000.0,,1,1984,2019-03-25 16:06:35.980,
2333,22,3,22,7,300000.0,budget transfer request due to negative balance,1,1967,2019-04-01 09:43:20.660,
2334,33,13,99,7,779671.0,,1,2623,2019-04-02 19:41:02.253,
2335,33,9,99,7,711958.0,,1,2623,2019-04-02 19:41:38.843,
2336,54,1,99,7,584730.0,,1,2623,2019-04-02 19:42:35.137,
2337,54,13,99,7,621346.0,,1,2623,2019-04-02 19:45:55.307,
2338,104,13,104,7,1000000.0,,1,1985,2019-04-09 16:35:43.590,
2339,9,7,103,7,300000.0,,1,1989,2019-04-10 10:13:49.930,
2340,9,7,103,7,300000.0,,1,1989,2019-04-10 10:14:20.680,
2341,9,7,115,14,300000.0,please approve,1,1426,2019-04-10 13:04:39.473,
2342,9,7,115,3,200000.0,,1,1426,2019-04-10 13:07:02.683,
2343,51,14,51,13,50000.0,,1,2787,2019-04-10 13:39:44.770,
2344,24,7,97,7,800000.0,,1,2116,2019-04-12 15:24:37.867,
2345,24,3,97,3,500000.0,,1,2116,2019-04-12 15:25:12.330,
2346,9,1,115,7,300000.0,,1,1989,2019-04-15 12:46:26.833,
2347,102,6,102,7,100000.0,budget transfer request due to negative balance,1,1967,2019-04-15 12:56:13.740,
2348,9,1,9,1,300000.0,,1,1989,2019-04-15 14:10:09.450,
2349,9,1,115,6,250000.0,,1,1989,2019-04-15 14:11:54.367,
2350,19,8,19,7,1000000.0,,1,1984,2019-04-16 16:27:25.200,
2351,19,10,19,7,500000.0,,1,1984,2019-04-16 16:28:43.593,
2352,51,14,51,13,20000.0,,1,2787,2019-04-16 16:47:29.477,
2353,64,14,19,7,500000.0,,1,1984,2019-04-19 16:44:09.290,
2354,9,8,115,7,150000.0,please approve,1,1426,2019-04-22 16:12:54.563,
2355,9,3,115,7,150000.0,please approve,1,1426,2019-04-22 16:13:51.897,
2356,20,1,103,7,150000.0,,1,1989,2019-04-25 16:55:09.520,
2357,20,1,103,7,150000.0,,1,1989,2019-04-25 16:55:43.463,
2358,21,13,21,7,3000000.0,,1,1970,2019-04-26 16:12:15.007,
2359,21,10,21,7,1500000.0,,1,1970,2019-04-26 16:12:52.473,
2360,21,10,21,7,1500000.0,,1,1970,2019-04-26 16:12:53.363,
2361,41,14,41,7,1000000.0,,1,1970,2019-04-26 16:14:14.293,
2362,41,14,41,13,1500000.0,,1,1970,2019-04-26 16:15:05.340,
2363,41,14,41,3,1000000.0,,1,1970,2019-04-26 16:15:29.903,
2364,41,14,41,3,1000000.0,,1,1970,2019-04-26 16:15:30.453,
2365,101,9,32,2,650000.0,,1,2765,2019-04-29 14:42:41.957,
2366,20,1,103,7,150000.0,,1,1989,2019-05-02 11:43:34.763,
2367,11,10,103,10,100000.0,,1,1989,2019-05-02 20:39:53.303,
2368,9,3,9,10,200000.0,,1,1972,2019-05-03 17:54:15.993,
2369,20,1,115,13,200000.0,,1,1989,2019-05-03 18:33:32.567,
2370,9,3,115,13,200000.0,,1,1989,2019-05-03 18:34:40.647,
2371,33,10,99,7,366966.0,,1,2623,2019-05-07 10:55:04.703,
2372,33,7,99,7,266895.0,,1,2623,2019-05-07 10:56:09.413,
2373,11,1,115,13,100000.0,,1,1989,2019-05-07 11:09:47.463,
2374,11,2,115,13,90000.0,,1,1989,2019-05-07 11:10:15.297,
2375,11,10,115,13,150000.0,,1,1989,2019-05-07 11:10:39.040,
2376,52,2,115,13,399800.0,Kindly transfer the amount,1,1521,2019-05-07 12:33:34.443,
2377,101,9,101,10,200000.0,"Please shift Rs 200,000 from Prescription pads to renovation",1,2765,2019-05-09 14:02:45.000,
2378,27,1,27,10,100000.0,,1,1976,2019-05-13 12:44:22.490,
2379,27,1,27,10,70000.0,,1,1976,2019-05-13 13:21:41.710,
2380,33,1,99,7,65760.0,,1,2623,2019-05-14 10:33:34.110,
2381,19,10,19,13,500000.0,,1,1984,2019-05-16 12:25:14.723,
2382,37,10,53,7,100000.0,,1,1984,2019-05-17 14:40:33.743,
2383,37,10,53,7,300000.0,,1,1984,2019-05-17 14:40:15.760,
2384,37,10,19,13,500000.0,,1,1984,2019-05-17 14:41:13.770,
2385,37,10,19,7,200000.0,,1,1984,2019-05-17 14:42:03.210,
2386,37,10,64,13,500000.0,,1,1984,2019-05-17 14:59:05.950,
2387,52,9,20,14,470000.0,Kindly APprove,1,1972,2019-05-20 17:11:42.343,
2388,103,7,115,4,200000.0,,1,1989,2019-05-22 14:30:41.060,
2389,21,7,62,14,2200000.0,,1,1970,2019-05-22 14:57:17.793,
2390,103,7,115,7,500000.0,,1,1989,2019-05-23 10:56:53.237,
2391,38,10,115,3,40000.0,,1,1989,2019-05-24 11:47:42.160,
2392,20,4,115,3,150000.0,,1,1989,2019-05-24 11:56:04.750,
2393,11,3,115,7,50000.0,,1,1989,2019-05-24 12:11:59.697,
2394,11,10,115,7,40000.0,,1,1989,2019-05-24 12:12:54.697,
2395,11,2,115,7,90000.0,,1,1989,2019-05-24 12:13:23.683,
2396,11,1,115,7,100000.0,,1,1989,2019-05-24 12:14:09.080,
2397,20,4,115,7,100000.0,,1,1989,2019-05-24 12:14:53.513,
2398,20,1,115,1,30000.0,,1,1989,2019-05-24 12:17:54.567,
2399,11,9,115,7,70000.0,,1,1989,2019-05-24 12:18:51.183,
2400,11,6,115,3,15000.0,,1,1989,2019-05-24 12:21:58.203,
2401,85,11,85,12,1000000.0,,1,2886,2019-05-30 17:13:14.793,
2402,85,11,85,7,1000000.0,,1,2886,2019-05-30 17:16:06.410,
2403,85,11,85,7,1000000.0,,1,2886,2019-05-30 17:16:11.063,
2404,85,11,85,7,1000000.0,,1,2886,2019-05-30 17:16:24.160,
2405,41,14,62,14,1000000.0,,1,1970,2019-05-31 16:11:55.470,
2406,21,13,21,2,40000.0,,1,1970,2019-06-12 16:34:59.383,
2407,37,13,53,7,500000.0,,1,1984,2019-06-13 12:32:32.677,
2408,37,10,53,7,500000.0,,1,1984,2019-06-13 12:33:06.760,
2409,97,3,97,13,373861.0,,1,2116,2019-06-13 16:00:12.153,
2410,97,3,97,9,45527.0,,1,2116,2019-06-13 16:01:28.637,
2411,97,3,97,6,25570.0,,1,2116,2019-06-13 16:02:10.073,
2412,97,7,97,14,362100.0,,1,2116,2019-06-13 16:02:54.917,
2413,97,7,97,5,30400.0,,1,2116,2019-06-13 16:03:48.797,
2414,24,3,17,7,122904.0,,1,2116,2019-06-13 16:07:36.530,
2415,49,14,49,13,501021.0,,1,2116,2019-06-13 16:08:36.040,
2416,49,7,49,2,448250.0,,1,2116,2019-06-13 16:12:06.727,
2417,49,7,49,10,42560.0,,1,2116,2019-06-13 16:14:04.953,
2418,49,7,49,3,32120.0,,1,2116,2019-06-13 16:14:55.873,
2419,104,6,104,7,246000.0,,1,1985,2019-06-21 12:25:26.150,
2420,104,4,104,7,150000.0,,1,1985,2019-06-21 12:25:51.380,
2421,104,13,104,7,4000000.0,,1,1985,2019-06-21 12:26:48.427,
2422,41,14,39,14,2100000.0,,1,2060,2019-06-21 12:26:48.770,
2423,93,2,93,11,800000.0,For Samples and FOC stock to corporate,1,2010,2019-06-21 17:35:50.883,
2424,13,7,91,7,300000.0,,1,1521,2019-07-16 14:42:21.330,
2425,12,13,91,7,300000.0,,1,1521,2019-07-16 14:43:35.743,
2426,45,7,45,12,1000000.0,,1,1986,2019-07-16 22:30:30.693,
2427,105,10,105,12,1000000.0,,1,1986,2019-07-16 22:31:24.180,
2428,22,10,102,13,850000.0,,1,1998,2019-08-28 17:28:18.503,
2429,22,10,102,1,300000.0,,1,1998,2019-08-28 17:28:53.233,
2430,22,10,102,9,150000.0,,1,1998,2019-08-28 17:29:34.387,
2431,22,14,102,14,60000.0,,1,389,2019-08-29 17:07:57.113,
2432,22,14,102,13,500000.0,,1,389,2019-08-29 17:08:43.313,
2433,54,13,58,14,300000.0,,1,2765,2019-09-13 16:30:00.310,
2434,99,7,58,14,600000.0,,1,2765,2019-09-13 18:07:10.643,
2435,33,13,58,13,400000.0,,1,2064,2019-09-20 17:49:14.177,
2436,33,13,33,13,600000.0,,1,2765,2019-09-27 10:45:43.263,
2437,33,13,58,13,600000.0,,1,2765,2019-09-27 15:21:48.643,
2438,42,14,42,13,300000.0,,1,1934,2019-10-01 13:23:25.497,
2439,42,3,42,9,100000.0,,1,1934,2019-10-01 13:25:47.483,
2440,108,7,42,7,1600000.0,,1,1934,2019-10-01 16:58:20.720,
2441,3,14,3,2,250000.0,,1,1018,2019-10-01 18:47:12.433,
2442,3,14,3,5,5000.0,,1,1018,2019-10-01 18:47:39.200,
2443,3,14,3,9,100000.0,,1,1018,2019-10-01 18:48:11.290,
2444,3,14,3,8,150000.0,,1,1018,2019-10-01 18:48:39.867,
2445,104,13,104,7,400000.0,,1,1985,2019-10-15 17:36:17.997,
2446,33,3,61,13,1100000.0,,1,2765,2019-10-23 17:15:03.517,
2447,14,10,14,1,100000.0,Please tranfer,1,1679,2019-10-24 10:02:30.307,
2448,50,14,112,1,200000.0,,1,835,2019-10-25 09:02:39.720,
2449,97,10,97,13,250000.0,,1,2116,2019-10-29 15:21:24.493,
2450,97,14,97,3,75000.0,,1,2116,2019-10-29 15:22:03.183,
2451,50,14,14,1,100000.0,,1,2089,2019-10-29 17:50:28.187,
2452,113,1,113,14,497117.0,Settling the account,1,1196,2019-10-31 17:12:48.457,
2453,113,3,113,14,181594.0,,1,1196,2019-10-31 17:13:29.413,
2454,33,13,116,2,300000.0,,1,2064,2019-11-06 11:09:00.950,
2455,111,7,111,3,500000.0,Budget Transfer for Sacvin Kahoot Sessions,1,1992,2019-11-11 12:24:05.360,
2456,29,13,91,1,50000.0,,1,1521,2019-11-11 15:46:02.320,
2457,9,2,125,7,500000.0,,1,1989,2019-11-12 09:23:45.550,
2458,92,13,14,7,20000.0,Please tranfer,1,1679,2019-11-13 11:48:14.217,
2459,97,14,97,13,200000.0,,1,2116,2019-11-14 18:05:19.537,
2460,97,9,97,12,100000.0,,1,2116,2019-11-14 18:06:24.293,
2461,125,2,125,7,500000.0,sir plz approve,1,1989,2019-11-18 10:40:14.940,
2462,33,10,58,14,50000.0,budget Deficit for approval of NICH Digital Inugration,1,2765,2019-11-20 15:00:09.890,
2463,97,4,97,7,150000.0,,1,2116,2019-11-21 09:54:57.030,
2464,97,9,97,13,100000.0,,1,2116,2019-11-21 09:55:28.980,
2465,97,6,97,7,100000.0,,1,2116,2019-11-21 09:56:08.800,
2466,49,14,49,7,400000.0,,1,2116,2019-11-21 09:57:02.957,
2467,49,4,49,5,30000.0,,1,2116,2019-11-21 09:57:51.803,
2468,49,14,49,10,100000.0,,1,2116,2019-11-21 09:58:24.017,
2469,24,5,24,8,30000.0,,1,2116,2019-11-21 09:59:44.797,
2470,33,13,58,2,200000.0,,1,2064,2019-11-28 11:46:21.337,
2471,127,12,127,13,300000.0,,1,2135,2019-12-04 11:32:07.907,
2472,97,3,51,3,400000.0,,1,1999,2019-12-10 09:03:42.360,
2473,97,3,51,3,400000.0,,1,2116,2019-12-10 09:12:04.307,
2474,22,14,102,7,1000000.0,,1,389,2019-12-13 12:23:37.360,
2475,27,4,27,7,10000.0,,1,1976,2019-12-13 17:10:26.830,
2476,27,10,27,7,46000.0,,1,2787,2019-12-21 15:52:35.873,
2477,22,14,35,13,500000.0,,1,1998,2019-12-31 17:39:34.833,
2478,22,14,35,7,600000.0,,1,1998,2020-01-03 12:58:29.493,
2479,39,3,39,7,2000000.0,,1,2060,2020-01-10 17:23:54.573,
2480,9,4,115,7,500000.0,,1,1426,2020-01-14 12:05:02.987,
2481,57,14,92,14,100000.0,,1,835,2020-01-21 16:21:35.873,
2482,57,14,92,14,100000.0,,1,835,2020-01-21 16:21:37.687,
2483,91,13,91,7,290000.0,,1,1521,2020-01-23 15:50:10.440,
2484,91,10,91,7,70000.0,,1,1521,2020-01-23 15:50:33.567,
2485,47,3,47,2,300000.0,,1,1997,2020-01-24 12:48:38.053,
2486,125,4,125,7,50000.0,,1,1989,2020-01-28 18:00:13.773,
2487,22,14,35,7,500000.0,,1,1998,2020-02-14 09:40:00.940,
2488,97,6,97,13,70000.0,,1,2116,2020-02-17 17:52:10.103,
2489,97,2,97,7,150000.0,,1,2116,2020-02-17 17:52:57.800,
2490,97,1,97,7,150000.0,,1,2116,2020-02-17 17:53:19.947,
2491,97,14,97,7,150000.0,,1,2116,2020-02-17 17:54:14.477,
2492,97,10,97,3,50000.0,,1,2116,2020-02-17 17:56:55.973,
2493,33,7,58,1,200000.0,Evofix drop card,1,3459,2020-02-24 18:43:08.667,
2494,19,14,130,7,1000000.0,Budget transfer,1,1984,2020-03-04 11:25:11.620,
2495,64,7,130,7,500000.0,,1,1984,2020-03-04 11:25:37.637,
2496,37,13,130,13,500000.0,,1,1984,2020-03-04 11:26:29.733,
2497,19,10,130,8,500000.0,,1,1984,2020-03-04 11:27:14.800,
2498,27,10,27,4,125000.0,,1,1976,2020-03-05 09:58:43.947,
2499,22,7,35,7,500000.0,,1,1998,2020-03-05 17:32:48.550,
2500,64,7,130,7,2000000.0,,1,3043,2020-03-19 09:18:52.080,
2501,24,4,24,1,200000.0,,1,2116,2020-04-22 11:38:40.900,
2502,21,13,4,13,2600000.0,Budget Required,1,2135,2020-06-26 13:18:26.183,
2503,21,10,4,9,5900000.0,Budget Required,1,2135,2020-06-26 13:21:25.420,
2504,21,3,4,7,5800000.0,Budget Required,1,2135,2020-06-26 13:22:46.713,
2505,51,1,51,12,20000.0,,1,1976,2020-07-09 15:43:38.163,
2506,39,13,111,7,350000.0,,1,2060,2020-08-11 17:18:39.503,
2507,39,10,41,7,500000.0,,1,2060,2020-08-13 00:28:51.007,
2508,29,7,20,7,200000.0,,1,1989,2020-08-24 12:20:11.280,
2509,58,7,58,2,160000.0,Funds Required for Evofix T-shirts & Choclate Box,1,3459,2020-08-31 13:12:44.093,
2510,116,7,58,2,115000.0,"Funds Required for Evofix T-shirts , chocolate Box & chocolate",1,3459,2020-08-31 13:16:05.943,
2511,29,1,103,1,100000.0,,1,1989,2020-09-01 07:14:13.990,
2512,108,14,108,7,100000.0,,1,2692,2020-09-01 13:29:13.837,
2513,21,14,39,14,1000000.0,For Xcept Souveniors,1,2135,2020-09-02 01:54:16.157,
2514,55,2,116,13,400000.0,,1,2064,2020-09-03 16:15:47.957,
2515,33,10,116,13,150000.0,,1,2064,2020-09-03 17:38:37.297,
2516,1,13,116,14,40000.0,,1,2064,2020-09-04 10:32:37.510,
2517,1,14,116,7,42000.0,,1,2064,2020-09-04 10:36:19.683,
2518,58,13,116,7,150000.0,,1,2064,2020-09-14 15:54:39.770,
2519,33,7,116,10,100000.0,,1,2064,2020-09-14 16:01:17.287,
2520,103,1,20,7,200000.0,For ward engagement + WMHD celebration,1,1989,2020-09-18 18:28:19.917,
2521,103,10,20,7,100000.0,,1,1989,2020-09-18 18:29:20.327,
2522,33,6,58,1,20000.0,For PDA,1,3459,2020-09-28 12:58:06.433,
2523,28,7,131,1,200000.0,Kindly make the budget transfer,1,2338,2020-10-08 12:41:00.130,
2524,102,10,102,14,200000.0,Budget deficit in others- S &D,1,389,2020-10-09 17:47:25.043,
2525,22,13,102,13,500000.0,Budget deficit in equipments =S&D,1,389,2020-10-09 17:55:02.027,
2526,33,14,58,14,600000.0,The amount is being transferred so that activities can be charged on EvoFix Suspension,1,3900,2021-01-06 15:35:38.233,
2527,17,7,96,10,1000000.0,,1,2116,2021-01-27 17:39:30.277,
2528,17,7,96,13,700000.0,,1,2116,2021-01-27 17:40:10.840,
2529,9,7,125,7,150000.0,Kindly apporve,1,1972,2021-02-01 14:32:26.587,
2530,22,13,102,14,500000.0,Amount Transferred from Lowplat Plus Equipments- S &D to ByVas Others for Ward Giveaways on ByVas in form of Kettles with Branding during Covid-20.,1,389,2021-02-01 16:31:39.710,
2531,50,10,50,14,500000.0,,1,3462,2021-02-04 14:35:03.177,
2532,33,10,58,14,600000.0,The amount is being transferred so that activities can be charged on EvoFix Suspension,1,3900,2021-02-10 11:05:46.043,
2533,9,14,125,14,150000.0,,1,1972,2021-02-23 16:55:39.127,
2534,9,14,125,14,150000.0,,1,1972,2021-03-02 16:21:10.673,
2535,29,13,52,7,1000000.0,,1,3358,2021-03-08 18:14:45.620,
2536,115,3,115,7,950000.0,,1,1972,2021-03-09 16:30:04.133,
2537,115,4,115,7,200000.0,,1,1972,2021-03-09 16:30:39.843,
2538,33,14,58,14,400000.0,The amount is being transferred so that activities can be charged on EvoFix Suspension,1,3900,2021-03-17 21:39:00.933,
2539,1,13,58,14,300000.0,The amount is being transferred so that activities can be charged on EvoFix Suspension,1,3900,2021-03-17 21:45:08.747,
2540,24,3,49,7,1500000.0,,1,2116,2021-04-12 11:38:19.553,
2541,40,4,104,194,200000.0,,1,1985,2021-04-19 12:55:33.993,
2542,85,2,93,7,273500.0,,1,2886,2021-04-30 17:42:25.600,
2543,4,3,119,3,25000.0,,1,1567,2021-05-06 11:33:03.853,
2544,24,14,24,7,1000000.0,,1,2116,2021-05-26 12:37:59.347,
2545,35,14,127,14,800000.0,TEEM TRIAL SERVICES HONORARIUM TO DOCTORS,1,3852,2021-06-11 11:44:14.337,
2546,137,10,137,3,90000.0,,1,2787,2021-06-14 12:54:07.240,
2547,15,10,15,2,1000000.0,From Renovation Wards to Giveaways,1,1986,2021-10-01 18:17:07.580,
2548,15,10,15,9,500000.0,From Renovation Wards to Prescription Pads,1,1986,2021-10-01 18:17:50.600,
2549,15,8,19,13,290000.0,,1,1986,2021-10-01 18:47:49.107,
2550,15,3,19,2,50000.0,,1,1986,2021-10-01 18:48:21.097,
2551,15,7,19,9,105000.0,,1,1986,2021-10-01 18:48:51.450,
2552,15,3,19,8,220000.0,,1,1986,2021-10-01 18:49:29.567,
2553,15,7,19,3,130000.0,,1,1986,2021-10-01 18:50:14.170,
2554,15,7,19,7,455000.0,,1,1986,2021-10-01 18:50:41.410,
2555,15,13,15,14,55000.0,,1,1986,2021-10-01 19:03:15.290,
2556,15,13,130,7,950000.0,,1,1986,2021-10-01 19:15:18.407,
2557,15,10,130,7,400000.0,,1,1986,2021-10-01 19:15:42.300,
2558,42,1,130,13,300000.0,,1,1986,2021-10-01 19:19:04.777,
2559,42,2,130,13,900000.0,,1,1986,2021-10-01 19:19:26.003,
2560,42,2,42,13,630000.0,,1,1986,2021-10-01 19:26:33.687,
2561,42,2,42,6,260000.0,,1,1986,2021-10-01 19:27:07.973,
2562,42,1,42,9,115000.0,,1,1986,2021-10-01 19:27:58.750,
2563,42,1,42,10,30000.0,,1,1986,2021-10-01 19:28:21.737,
2564,42,1,42,8,30000.0,,1,1986,2021-10-01 19:28:46.163,
2565,42,1,42,7,90000.0,,1,1986,2021-10-01 19:30:31.673,
2566,108,5,108,10,137000.0,,1,1986,2021-10-01 19:34:38.007,
2567,108,5,108,9,13000.0,,1,1986,2021-10-01 19:35:04.140,
2568,108,5,108,13,90000.0,,1,1986,2021-10-01 19:36:21.747,
2569,108,5,108,1,27000.0,,1,1986,2021-10-01 19:36:46.127,
2570,43,7,108,2,200000.0,,1,1986,2021-10-01 19:37:37.250,
2571,111,13,111,7,400000.0,,1,1985,2021-10-29 17:00:42.243,
2572,29,7,162,7,800000.0,,1,5192,2021-11-16 10:43:54.723,
2573,29,13,162,13,500000.0,,1,5192,2021-11-16 10:44:49.793,
2574,24,7,51,7,800000.0,From Team Bone Savior to ELITE (OPTD),1,1980,2021-12-20 22:16:01.670,
2575,4,14,16,3,3300000.0,Email approval of MSA,1,2054,2022-01-18 15:26:03.627,
2576,15,10,19,7,1800000.0,Budget movement from Gouric to Inosita for Inosita Family 1 Billion Plan,1,5152,2022-02-01 14:38:34.320,
2577,15,2,19,7,700000.0,Budget movement from Gouric to Inosita for Inosita Family 1 Billion Plan,1,5152,2022-02-01 14:37:10.863,
2578,12,8,114,14,1500000.0,,1,1993,2022-02-03 11:55:22.813,
2579,12,14,114,14,1000000.0,,1,1993,2022-02-03 11:56:29.847,
2580,3,14,114,7,1500000.0,,1,1993,2022-02-17 15:30:22.510,
2581,12,9,114,7,750000.0,,1,1993,2022-02-17 15:33:05.847,
2582,12,10,114,7,750000.0,,1,1993,2022-02-17 15:34:22.127,
2583,51,10,51,7,1000000.0,,1,1976,2022-02-18 14:22:19.763,
2584,29,10,29,7,1000000.0,,1,4144,2022-03-02 20:31:52.403,
2585,43,2,19,7,1200000.0,,1,5152,2022-03-08 15:10:08.237,
2586,17,14,49,14,100000.0,,1,1980,2022-03-10 17:22:30.140,
2587,3,14,114,14,2000000.0,,1,1993,2022-03-11 16:41:14.803,
2588,15,13,19,7,1000000.0,Budget movement from Gouric to Inosita for Inosita Family 1 Billion Plan,1,5152,2022-03-16 22:00:56.307,
2589,120,10,120,7,125000.0,,1,1976,2022-03-25 23:35:14.703,
2590,16,10,120,7,500000.0,,1,1976,2022-03-29 16:39:27.790,
2591,13,2,64,7,600000.0,,1,3900,2022-03-31 11:39:01.240,
2592,15,8,19,7,1000000.0,Budget movement from Gouric to Inosita for Inosita Family 1 Billion Plan,1,5152,2022-04-06 13:52:35.370,
2593,16,10,51,7,800000.0,,1,1976,2022-04-07 12:44:55.377,
2594,3,14,150,7,500000.0,For dapwiz campaign,1,5620,2022-04-11 13:21:36.030,
2595,16,10,51,7,850000.0,,1,1976,2022-04-19 11:05:18.950,
2596,3,8,114,14,1500000.0,,1,1993,2022-04-26 15:43:59.537,
2597,13,2,64,7,1000000.0,,1,3900,2022-04-26 17:04:29.930,
2598,15,8,19,7,1000000.0,Budget movement from Gouric to Inosita for Inosita Family 1 Billion Plan,1,5152,2022-05-11 12:51:13.733,
2599,16,10,51,194,800000.0,,1,1976,2022-05-16 16:14:02.027,
2600,24,10,49,7,2400000.0,,1,1980,2022-05-27 12:14:59.483,
2601,35,11,35,194,1200000.0,"Contact Trial Souvenirs Execution is pending, We need to change our marketing budget priorities so. Samples is not received to us as per forecast provided for FY-21-22..",1,2090,2022-06-03 19:03:03.167,
2602,62,11,62,194,1500000.0,Samples is not provided as per forecast 2021-2022. We need budget for doctors activities in hand executions.,1,2090,2022-06-03 19:07:38.897,
2603,15,14,19,7,360000.0,Erli Kind Incentive 21-22,1,5461,2022-06-07 11:06:12.300,
2604,15,14,19,7,250000.0,Budget for Flexi Approved Activities,1,5152,2022-06-07 13:34:40.043,
2605,114,10,150,14,1000000.0,,1,1993,2022-06-14 12:56:34.263,
2606,17,14,24,7,1000000.0,,1,3044,2022-06-28 17:45:22.137,
2607,17,14,24,13,1000000.0,,1,3044,2022-06-28 17:45:52.813,
2608,96,10,49,13,1000000.0,,1,3044,2022-06-28 17:57:13.553,
2609,4,1,177,1,300000.0,,1,1567,2022-08-30 13:37:56.593,
2610,15,7,130,7,1000000.0,,1,5461,2022-09-05 16:08:30.117,
2611,15,7,130,8,300000.0,,1,5461,2022-09-05 16:09:16.317,
2612,33,2,174,7,2035660.0,,1,4000,2022-12-15 10:33:21.047,
2613,158,7,65,14,3000000.0,budget transfer request due to negative balance,1,1196,2023-01-12 10:59:36.310,
2614,91,14,29,7,183000.0,,1,3358,2023-01-30 16:59:03.680,
2615,91,1,52,7,134000.0,,1,3358,2023-01-30 16:59:33.903,
2616,91,7,29,7,263000.0,,1,3358,2023-01-30 17:00:13.550,
2617,91,7,52,7,89000.0,,1,3358,2023-01-30 17:00:41.090,
2618,65,14,65,2,800000.0,budget transfer request due to negative balance,1,1196,2023-02-14 09:38:50.897,
2619,158,7,65,13,2200000.0,budget transfer request due to negative balance,1,1196,2023-02-14 11:36:13.377,
2620,65,14,65,13,2400000.0,budget transfer request due to negative balance,1,1196,2023-02-14 11:37:07.733,
2621,15,2,130,7,2000000.0,,1,812,2023-02-27 12:54:58.640,
2622,158,7,65,14,1000000.0,budget transfer request due to negative balance,1,1196,2023-03-13 16:55:28.233,
2623,163,1,29,7,500000.0,,1,4144,2023-03-20 13:17:54.187,
2624,52,14,52,13,500000.0,,1,4144,2023-03-20 13:18:28.567,
2625,20,1,29,2,300000.0,,1,4144,2023-03-20 13:19:34.937,
2626,29,4,29,13,600000.0,,1,4144,2023-03-20 13:20:16.450,
2627,11,14,52,7,1000000.0,,1,2061,2023-03-27 12:45:37.670,
2628,162,14,52,7,550000.0,,1,7308,2023-03-27 13:19:25.243,
2629,29,13,52,7,1700000.0,,1,7308,2023-03-27 13:20:26.677,
2630,92,1,50,13,200000.0,,1,5631,2023-04-06 14:43:49.017,
2631,29,10,52,7,1075000.0,,1,3358,2023-04-07 12:08:25.740,
2632,29,3,52,7,346000.0,,1,3358,2023-04-07 12:08:54.930,
2633,29,1,52,7,315000.0,,1,3358,2023-04-07 12:09:21.517,
2634,171,14,52,7,250000.0,,1,2091,2023-04-17 16:37:53.607,
2635,33,2,28,7,25000.0,,1,4000,2023-05-18 11:12:53.763,
2636,33,2,28,7,25000.0,,1,7312,2023-05-18 11:20:32.120,
2637,178,13,112,1,20000.0,,1,5660,2023-05-18 11:24:16.480,
2638,142,11,1,3,600000.0,Abdul Siddiqui email approval,1,2054,2023-05-22 11:27:17.720,
2639,114,11,1,3,750000.0,Abdul Siddiqui email approval,1,2054,2023-05-22 12:19:10.967,
2640,60,11,1,3,500000.0,Abdul Siddiqui email approval,1,2054,2023-05-22 12:20:06.850,
2641,131,11,1,3,150000.0,Abdul Siddiqui email approval,1,2054,2023-05-22 12:20:44.807,
2642,12,14,191,14,2000000.0,New Product Marketing SUpport,1,2104,2023-05-29 18:22:58.813,
2643,12,14,191,14,2000000.0,For new launch activation,1,5620,2023-05-30 15:37:35.503,
2644,158,7,158,194,1000000.0,budget transfer request due to negative balance,1,1196,2023-06-02 18:43:35.483,
2645,21,14,21,194,1500000.0,Please transfer budget,1,1567,2023-06-02 19:07:22.387,
2646,21,14,21,194,1500000.0,Please transfer budget,1,1567,2023-06-02 19:15:26.030,
2647,24,11,154,11,400000.0,"Due to flexi in team bravo , need budget for samples of Azliv for the month of June 2023",1,7413,2023-06-12 11:47:30.160,
2648,65,14,65,2,800000.0,budget transfer request due to negative balance,1,1196,2023-07-25 13:08:34.510,
2649,158,7,130,13,2500000.0,budget transfer request due to negative balance,1,1196,2023-08-01 11:13:38.347,
2650,158,7,65,13,2500000.0,budget transfer request due to negative balance,1,1196,2023-08-01 11:15:06.203,
2651,155,7,155,2,60000.0,For Azadi Campaign Budget Transfer,1,3999,2023-08-03 16:58:00.217,
2652,9,3,9,13,492000.0,,1,2091,2023-08-04 09:49:23.117,
2653,9,10,9,13,325552.0,,1,2091,2023-08-04 09:50:01.007,
2654,9,14,9,13,680026.0,,1,2091,2023-08-04 09:52:14.363,
2655,38,14,38,13,184719.0,,1,2091,2023-08-04 09:53:15.193,
2656,102,10,102,9,1500000.0,Doctors Printing Requests will be entertained more this year as it is continuous activity.,1,3852,2023-08-07 11:37:32.983,
2657,102,3,102,13,900000.0,We need budget in Equipment Head to proceed some urgent customers requests about medical devices.,1,3852,2023-08-07 11:40:14.787,
2658,150,14,150,13,667808.0,Others Budget was kept to use when necessary in any head. We need budget in Equipments due to increasing cost.,1,3852,2023-08-07 12:12:45.477,
2659,150,3,150,9,700000.0,Doctors Printing Requests will be entertained more this year as it is continuous activity.,1,3852,2023-08-07 12:19:15.687,
2660,157,7,65,9,500000.0,budget transfer request due to negative balance,1,1196,2023-08-07 14:54:13.180,
2661,158,14,130,9,500000.0,budget transfer request due to negative balance,1,1196,2023-08-07 14:55:16.737,
2662,120,7,120,13,500000.0,,1,546,2023-08-07 17:39:23.600,
2663,9,3,9,13,800000.0,,1,2091,2023-08-09 16:01:04.633,
2664,9,14,9,13,650000.0,,1,2091,2023-08-09 16:01:58.183,
2665,9,2,9,13,200000.0,,1,2091,2023-08-09 16:02:48.360,
2666,9,1,9,9,100000.0,,1,2091,2023-08-09 16:04:05.010,
2667,9,5,9,9,100000.0,,1,2091,2023-08-09 16:04:34.470,
2668,9,6,9,9,80000.0,,1,2091,2023-08-09 16:05:07.700,
2669,38,14,38,13,277000.0,,1,2091,2023-08-09 16:06:24.223,
2670,4,14,4,8,1500000.0,Please Transfer Budget,1,1567,2023-08-09 20:55:37.983,
2671,22,2,22,23,200000.0,Please proceed to transfer amount in contractual salary head.,1,5596,2023-08-10 13:48:07.973,
2672,22,14,22,23,1500000.0,Please transfer the budget for the smooth execution of Activities,1,5596,2023-08-10 14:03:13.753,
2673,4,10,4,7,500000.0,PLEASE PROCEED,1,1567,2023-08-10 23:25:25.313,
2674,123,14,123,2,100000.0,Transfer for 14 Aug badges activity,1,2052,2023-08-11 11:16:30.453,
2675,51,10,51,7,1000000.0,,1,546,2023-08-11 17:16:28.647,
2676,61,1,187,1,92431.0,,1,3900,2023-08-11 18:11:53.893,
2677,182,13,187,13,22577.0,,1,3900,2023-08-11 18:12:40.517,
2678,182,2,187,2,88780.0,,1,3900,2023-08-11 18:14:15.117,
2679,182,14,187,14,20829.0,,1,3900,2023-08-11 18:14:52.877,
2680,182,10,187,10,9827.0,,1,3900,2023-08-11 18:15:14.167,
2681,182,3,187,7,79827.0,,1,3900,2023-08-11 18:15:35.893,
2682,182,7,187,7,42027.0,,1,3900,2023-08-11 18:16:01.887,
2683,180,2,187,2,189191.0,,1,3900,2023-08-11 18:17:35.147,
2684,183,1,187,1,115135.0,,1,3900,2023-08-11 18:18:04.593,
2685,183,2,187,2,103621.0,,1,3900,2023-08-11 18:18:28.647,
2686,183,14,187,14,240151.0,,1,3900,2023-08-11 18:18:55.813,
2687,183,10,187,10,5470.0,,1,3900,2023-08-11 18:19:21.517,
2688,183,3,187,3,125470.0,,1,3900,2023-08-11 18:19:46.937,
2689,183,14,183,10,240000.0,,1,3900,2023-08-16 10:18:13.097,
2690,41,14,41,3,800000.0,Transferring for execution of Presentations,1,5627,2023-08-16 11:04:23.280,
2691,159,7,41,9,800000.0,Transferring for execution of Printing Activities pending for Finance Submission,1,5627,2023-08-17 11:51:49.593,
2692,156,5,156,8,250000.0,Budget transfer for activity relevant GL,1,2718,2023-08-17 17:06:29.730,
2693,156,5,156,8,200000.0,Budget transfer for activity relevant GL,1,2718,2023-08-17 18:07:22.407,
2694,52,2,52,9,500000.0,Transferring budget from giveaways due to inssuffient budget in Duzalta printing head.,1,3358,2023-08-18 11:23:16.637,
2695,52,5,52,9,500000.0,,1,3358,2023-08-18 11:24:39.763,
2696,52,2,52,10,500000.0,,1,3358,2023-08-18 11:29:48.543,
2697,29,2,20,9,200000.0,,1,7308,2023-08-18 11:34:02.680,
2698,143,1,20,9,150000.0,,1,7308,2023-08-18 11:44:27.610,
2699,11,14,29,7,500000.0,,1,7308,2023-08-18 12:24:47.670,
2700,9,2,9,9,200000.0,,1,7130,2023-08-18 12:31:26.600,
2702,111,10,111,7,500000.0,Budget transfer for activity relevant GL,1,2718,2023-08-21 10:15:16.103,
2703,65,2,65,7,800000.0,budget transfer request due to negative balance,1,1196,2023-08-21 10:29:32.707,
2704,20,1,20,8,100000.0,,1,3322,2023-08-21 12:43:36.283,
2705,15,7,42,7,100000.0,,1,812,2023-08-21 23:10:21.397,
2706,171,14,171,13,126952.0,,1,7130,2023-08-22 17:18:35.520,
2707,176,3,176,13,227507.0,,1,7130,2023-08-22 17:19:21.957,
2708,180,2,180,7,189191.0,,1,3900,2023-08-23 14:43:29.163,
2709,41,10,41,7,1000000.0,Transferring for course fee for Doctors,1,5627,2023-08-24 17:39:35.767,
2710,41,10,41,7,600000.0,Transferring for course fee for Doctors,1,5627,2023-08-24 17:40:05.213,
2711,115,14,115,7,50000.0,,1,7130,2023-08-25 17:01:04.407,
2712,115,14,115,3,42000.0,,1,7130,2023-08-25 17:07:16.167,
2713,115,7,115,3,30000.0,,1,7130,2023-08-25 17:07:34.737,
2714,104,13,104,7,350000.0,,1,5627,2023-08-25 19:20:24.840,
2715,156,4,156,13,1000000.0,For activities,1,8617,2023-08-28 17:05:17.573,
2716,156,10,156,7,1000000.0,For pending activities,1,8617,2023-08-28 17:05:52.873,
2717,156,3,156,7,400000.0,For pending activities,1,8617,2023-08-28 17:06:50.683,
2718,104,4,104,13,180000.0,,1,5627,2023-08-28 17:20:42.343,
2719,53,14,186,9,1400000.0,,1,7411,2023-08-29 12:17:11.280,
2720,53,3,186,2,585043.0,,1,7411,2023-08-29 12:17:49.637,
2721,53,7,186,13,1400000.0,,1,7411,2023-08-29 12:18:35.300,
2722,53,10,186,10,108320.0,,1,7411,2023-08-29 12:19:27.813,
2723,130,10,130,1,100000.0,budget transfer request due to negative balance,1,1196,2023-08-29 12:44:19.343,
2724,158,14,130,7,800000.0,budget transfer request due to negative balance,1,1196,2023-08-29 12:58:37.057,
2725,53,14,186,9,1400000.0,,1,2887,2023-08-29 13:19:10.183,
2726,53,3,186,13,585043.0,,1,2887,2023-08-29 13:20:55.457,
2727,53,7,186,2,1477000.0,,1,2887,2023-08-29 13:22:26.803,
2728,53,10,186,7,108320.0,,1,2887,2023-08-29 13:23:45.520,
2729,35,14,35,8,100000.0,,1,3322,2023-08-29 17:10:11.187,
2730,35,14,35,8,50000.0,,1,3322,2023-08-29 17:11:35.757,
2731,4,10,4,7,1000000.0,PLEASE PROCEED,1,1567,2023-08-29 17:12:39.937,
2732,62,2,62,8,50000.0,,1,3322,2023-08-29 17:14:06.680,
2733,29,4,29,2,200000.0,,1,4144,2023-08-29 17:22:12.880,
2734,34,1,34,8,100000.0,,1,3322,2023-08-29 17:25:59.223,
2735,35,7,35,13,70000.0,,1,3322,2023-08-29 17:31:01.530,
2736,35,7,35,13,70000.0,,1,3322,2023-08-29 17:31:50.687,
2737,35,7,35,13,70000.0,,1,3322,2023-08-29 17:33:20.057,
2738,22,14,22,7,80000.0,,1,3322,2023-08-29 17:56:23.423,
2739,22,14,22,7,250000.0,,1,3322,2023-08-29 17:57:11.833,
2740,150,13,150,7,250000.0,,1,3322,2023-08-29 17:59:12.137,
2741,29,14,29,7,200000.0,,1,4144,2023-08-29 18:02:01.720,
2742,41,8,41,13,400000.0,,1,5627,2023-08-30 06:38:12.497,
2743,156,14,156,7,500000.0,For pending activities,1,8617,2023-08-30 10:14:00.300,
2744,52,1,52,7,125000.0,,1,3358,2023-08-30 10:55:16.423,
2745,52,2,52,7,125000.0,,1,3358,2023-08-30 10:55:35.940,
2746,52,5,52,3,100000.0,,1,3358,2023-08-30 11:01:45.493,
2747,62,4,62,13,23920.0,,1,7312,2023-08-30 12:09:36.837,
2748,62,5,62,13,28322.0,,1,7312,2023-08-30 12:13:42.760,
2749,35,7,35,8,100000.0,,1,3322,2023-08-30 12:50:29.610,
2750,51,10,51,3,500000.0,,1,546,2023-08-30 12:58:55.297,
2751,34,4,34,8,31021.0,,1,7312,2023-08-30 12:59:53.900,
2752,51,10,51,3,500000.0,,1,546,2023-08-30 13:02:25.407,
2753,117,4,117,7,725760.0,We use Social/ Cultural head on frequent basis.,1,3999,2023-08-30 15:22:04.720,
2754,155,4,155,7,974853.0,We use Social/ Cultural head on frequent basis.,1,3999,2023-08-30 15:22:37.500,
2755,29,2,29,9,150000.0,,1,4144,2023-08-30 15:39:52.013,
2756,29,14,29,8,150000.0,,1,3322,2023-08-30 16:15:18.027,
2757,29,14,29,9,80000.0,,1,3322,2023-08-30 16:20:02.253,
2758,29,7,29,9,100000.0,,1,3322,2023-08-30 16:20:48.727,
2759,29,7,29,1,60000.0,,1,3322,2023-08-30 16:21:53.557,
2760,29,2,29,7,150000.0,,1,4144,2023-08-30 16:25:40.093,
2761,35,7,35,8,100000.0,,1,3322,2023-08-30 16:36:12.700,
2762,29,8,11,2,100000.0,,1,4144,2023-08-30 16:42:33.233,
2763,29,4,29,1,18000.0,,1,4144,2023-08-30 16:43:50.257,
2764,29,2,29,1,27000.0,,1,4144,2023-08-30 16:44:04.937,
2765,29,1,11,1,50000.0,,1,4144,2023-08-30 16:45:12.450,
2766,49,8,49,7,100000.0,,1,1912,2023-08-31 11:36:51.663,
2767,49,7,49,3,50000.0,,1,1912,2023-08-31 11:38:12.793,
2768,51,3,51,13,60000.0,,1,3322,2023-08-31 15:13:37.013,
2769,24,7,24,9,60000.0,,1,3322,2023-08-31 16:02:23.437,
2770,24,7,24,9,100000.0,,1,3322,2023-08-31 16:03:27.487,
2771,153,8,153,7,572000.0,,1,7413,2023-08-31 18:53:33.060,
2772,156,14,156,7,300000.0,For pending activities,1,8617,2023-08-31 20:08:10.930,
2773,4,14,4,7,1000000.0,PLEASE PROCEED,1,1567,2023-08-31 21:55:33.763,
2774,177,14,177,7,1000000.0,,1,1567,2023-08-31 21:55:58.650,
2775,156,7,156,3,500000.0,For pending activities,1,8617,2023-09-01 09:34:04.863,
2776,102,10,102,8,800000.0,,1,3852,2023-09-01 11:43:36.033,
2777,150,2,150,8,340000.0,,1,5596,2023-09-01 11:45:00.857,
2778,150,1,150,8,130000.0,,1,5596,2023-09-01 11:47:07.443,
2779,22,10,22,8,2000000.0,,1,5596,2023-09-01 11:49:58.890,
2780,51,10,51,13,1500000.0,,1,546,2023-09-01 15:21:56.273,
2781,51,14,51,9,55000.0,,1,3322,2023-09-01 17:38:27.340,
2782,22,14,22,7,3000000.0,,1,5596,2023-09-01 18:46:46.443,
2783,15,6,15,2,200000.0,,1,812,2023-09-01 19:48:12.093,
2784,41,9,41,10,500000.0,,1,5627,2023-09-01 20:23:27.947,
2785,49,7,49,3,100000.0,,1,1912,2023-09-02 09:57:40.370,
2786,16,10,16,7,200000.0,,1,1976,2023-09-04 11:03:25.880,
2787,16,10,16,3,250000.0,,1,1976,2023-09-04 11:04:32.253,
2788,65,9,65,7,250000.0,budget transfer request due to negative balance,1,1196,2023-09-04 12:48:12.380,
2789,65,9,65,7,250000.0,budget transfer request due to negative balance,1,1196,2023-09-04 12:50:57.973,
2790,52,10,52,8,150000.0,,1,3358,2023-09-04 14:47:57.403,
2791,35,7,35,13,120000.0,,1,3322,2023-09-04 15:37:58.170,
2792,114,10,114,2,168000.0,,1,2755,2023-09-04 17:55:05.137,
2793,49,7,49,3,400000.0,,1,1912,2023-09-04 23:47:53.800,
2794,4,14,4,7,1000000.0,Please Proceed,1,1567,2023-09-05 10:43:02.833,
2795,4,14,4,13,500000.0,,1,1567,2023-09-05 10:45:31.663,
2796,4,14,4,13,100000.0,Please Proceed,1,1567,2023-09-05 10:47:48.933,
2797,111,14,111,9,300000.0,,1,3322,2023-09-05 11:18:22.907,
2798,35,7,35,3,20000.0,,1,7312,2023-09-05 11:41:25.033,
2799,35,7,35,3,25000.0,,1,7312,2023-09-05 11:43:15.893,
2800,156,14,156,7,3.0,,1,3322,2023-09-05 12:12:00.917,
2801,156,14,156,7,3.0,,1,3322,2023-09-05 12:12:21.560,
2802,156,14,156,7,300000.0,,1,3322,2023-09-05 12:12:43.643,
2803,156,14,156,13,300000.0,,1,3322,2023-09-05 13:06:26.093,
2804,123,13,123,1,500000.0,Transfer for Phamacist session folders.,1,2052,2023-09-05 13:50:39.180,
2805,4,14,4,7,100000.0,PLEASE PROCEED,1,1985,2023-09-05 16:33:30.710,
2806,4,14,4,7,800000.0,Please Proceed,1,1567,2023-09-05 17:31:48.550,
2807,177,14,177,7,500000.0,Please Proceed,1,1567,2023-09-05 17:34:39.127,
2808,3,1,3,7,80000.0,,1,5620,2023-09-05 17:42:52.383,
2809,35,7,35,9,300000.0,,1,7312,2023-09-05 17:43:58.190,
2810,35,2,35,9,98840.0,,1,7312,2023-09-05 17:59:04.497,
2811,11,14,11,8,300000.0,,1,3322,2023-09-05 18:02:05.587,
2812,29,3,29,13,720000.0,,1,4144,2023-09-05 18:08:44.690,
2813,20,14,20,9,200000.0,,1,3322,2023-09-05 18:11:56.813,
2814,3,14,3,3,43000.0,,1,5620,2023-09-05 20:24:06.487,
2815,35,7,35,3,10000.0,,1,7312,2023-09-05 20:24:48.430,
2816,108,1,108,13,400000.0,,1,3322,2023-09-06 10:34:24.607,
2817,156,10,156,13,100000.0,,1,8617,2023-09-06 10:36:40.767,
2818,156,3,156,13,100000.0,,1,8617,2023-09-06 10:37:15.820,
2819,35,1,35,13,40000.0,,1,3322,2023-09-06 12:59:06.627,
2820,34,14,35,13,50000.0,,1,3322,2023-09-06 13:00:29.690,
2821,34,14,35,13,40000.0,,1,3322,2023-09-06 13:07:50.370,
2822,35,7,35,13,100000.0,,1,3322,2023-09-06 13:09:48.510,
2823,51,14,51,9,200000.0,,1,546,2023-09-06 15:13:22.780,
2824,51,6,51,9,136655.0,,1,546,2023-09-06 15:15:55.950,
2825,51,2,51,9,102633.0,,1,546,2023-09-06 15:17:15.163,
2826,51,1,51,7,133663.0,,1,546,2023-09-06 15:19:19.210,
2827,51,10,51,9,89885.0,,1,546,2023-09-06 15:20:18.897,
2828,51,3,51,7,105116.0,,1,546,2023-09-06 15:21:27.097,
2829,51,14,51,9,5810.0,,1,546,2023-09-06 15:22:09.607,
2830,13,2,13,7,500000.0,,1,5620,2023-09-06 15:49:54.533,
2831,53,14,53,13,200000.0,,1,7130,2023-09-06 16:51:22.200,
2832,4,10,4,7,400000.0,,1,3322,2023-09-06 17:15:01.493,
2833,4,7,4,8,300000.0,,1,3322,2023-09-06 17:16:11.940,
2834,4,4,4,9,300000.0,,1,3322,2023-09-06 17:30:32.587,
2835,49,7,49,9,100000.0,,1,1912,2023-09-06 18:24:28.140,
2836,49,7,49,9,200000.0,,1,1912,2023-09-06 18:38:08.640,
2837,104,14,104,3,300000.0,,1,5627,2023-09-07 08:49:08.240,
2838,13,1,13,8,70000.0,,1,3322,2023-09-07 09:59:47.383,
2839,11,3,11,13,250000.0,,1,4144,2023-09-07 10:18:50.147,
2840,51,13,51,8,110000.0,,1,1976,2023-09-07 10:55:09.777,
2841,4,4,4,13,60000.0,,1,7362,2023-09-07 12:41:31.157,
2842,11,13,11,10,50000.0,,1,3322,2023-09-07 14:02:37.860,
2843,15,3,15,9,200000.0,,1,812,2023-09-07 14:27:23.117,
2844,111,14,111,8,50000.0,Budget transfer for activity relevant GL,1,2718,2023-09-07 16:04:05.287,
2845,156,5,156,8,100000.0,,1,8617,2023-09-07 16:07:49.300,
2846,4,10,4,9,200000.0,,1,3322,2023-09-07 16:35:30.857,
2847,4,10,4,13,250000.0,,1,3322,2023-09-07 16:37:40.527,
2848,4,10,4,7,100000.0,,1,3322,2023-09-07 16:45:22.357,
2849,4,10,4,13,50000.0,,1,3322,2023-09-07 16:49:18.907,
2850,4,10,4,8,1500000.0,,1,3322,2023-09-07 16:56:07.413,
2851,153,2,153,7,265000.0,,1,7413,2023-09-07 17:33:51.850,
2852,153,1,153,7,140000.0,,1,7413,2023-09-07 17:35:41.177,
2853,11,2,11,7,75000.0,,1,4144,2023-09-08 00:46:49.617,
2854,41,1,41,13,200000.0,,1,5627,2023-09-08 09:03:36.640,
2855,151,10,151,13,100000.0,,1,8617,2023-09-08 09:45:18.280,
2856,111,10,111,7,600000.0,Budget transfer for activity relevant GL,1,2718,2023-09-08 11:05:46.167,
2857,131,14,131,13,250000.0,,1,5618,2023-09-08 11:54:14.663,
2858,131,14,131,2,250000.0,,1,5618,2023-09-08 11:57:34.307,
2859,131,14,131,9,100000.0,,1,5618,2023-09-08 11:58:04.187,
2860,60,3,60,9,40000.0,,1,5618,2023-09-08 11:59:19.453,
2861,28,14,28,13,300000.0,,1,5618,2023-09-08 12:01:43.820,
2862,28,14,28,9,300000.0,,1,5618,2023-09-08 12:02:06.483,
2863,149,3,149,9,300000.0,,1,5618,2023-09-08 12:03:44.730,
2864,152,14,152,13,350000.0,,1,5618,2023-09-08 12:05:02.027,
2865,156,1,156,7,100000.0,,1,3322,2023-09-08 16:47:37.213,
2866,151,3,151,7,100000.0,,1,8617,2023-09-08 17:14:40.793,
2867,142,8,142,7,1000000.0,,1,7411,2023-09-08 18:33:39.387,
2868,142,8,142,7,1000000.0,,1,7411,2023-09-08 18:35:49.627,
2869,142,8,142,7,1000000.0,,1,7411,2023-09-08 18:37:07.607,
2870,142,8,142,7,1000000.0,,1,7411,2023-09-08 18:38:23.557,
2871,142,8,142,7,2000000.0,,1,7411,2023-09-08 18:39:41.267,
2872,41,4,41,10,100000.0,,1,5627,2023-09-08 19:05:07.133,
2873,11,2,11,13,40000.0,,1,4144,2023-09-10 03:08:23.897,
2874,111,4,111,7,100000.0,Budget transfer for activity relevant GL,1,2718,2023-09-11 10:35:24.860,
2875,156,5,156,9,150000.0,,1,8617,2023-09-11 11:26:29.787,
2876,111,4,111,9,50000.0,Budget transfer for activity relevant GL,1,2718,2023-09-11 11:43:29.897,
2877,37,4,37,7,136450.0,,1,2887,2023-09-11 12:26:04.883,
2878,37,13,37,7,409354.0,,1,2887,2023-09-11 12:26:39.297,
2879,37,1,37,7,68225.0,,1,2887,2023-09-11 12:27:06.603,
2880,37,2,37,7,102482.0,,1,2887,2023-09-11 12:27:57.277,
2881,37,5,37,7,29112.0,,1,2887,2023-09-11 12:28:20.247,
2882,37,14,37,7,341128.0,,1,2887,2023-09-11 12:28:51.180,
2883,37,9,37,7,196362.0,,1,2887,2023-09-11 12:29:15.640,
2884,37,10,37,7,174326.0,,1,2887,2023-09-11 12:29:36.867,
2885,37,3,37,7,134677.0,,1,2887,2023-09-11 12:30:15.703,
2886,142,7,142,13,250000.0,,1,3322,2023-09-11 12:33:13.740,
2887,37,7,61,7,2140000.0,,1,2887,2023-09-11 12:33:37.280,
2888,142,7,142,13,500000.0,,1,3322,2023-09-11 12:34:36.723,
2889,157,14,65,7,1000000.0,budget transfer request due to negative balance,1,1196,2023-09-11 13:16:37.737,
2890,123,7,123,10,500000.0,Needed for BINO Hospital Shed activity,1,2045,2023-09-11 14:57:18.493,
2891,123,7,123,10,150000.0,Needed for BINO Hospital Shed activity,1,2045,2023-09-11 15:02:46.750,
2892,11,2,11,5,40000.0,,1,4144,2023-09-11 15:10:12.993,
2893,123,13,123,10,150000.0,Needed for BINO Hospital Shed activity,1,2045,2023-09-11 15:10:54.240,
2894,61,7,61,13,600001.0,,1,3900,2023-09-11 15:21:59.027,
2895,61,7,61,9,60000.0,,1,3900,2023-09-11 15:26:57.250,
2896,61,7,61,13,41000.0,,1,3900,2023-09-11 15:28:01.690,
2897,61,7,61,13,38000.0,,1,3900,2023-09-11 15:28:58.583,
2898,61,7,61,13,36500.0,,1,3900,2023-09-11 15:30:08.167,
2899,61,7,61,13,60000.0,,1,3900,2023-09-11 15:30:59.677,
2900,61,7,61,13,36000.0,,1,3900,2023-09-11 15:32:33.683,
2901,61,7,61,9,25000.0,,1,3900,2023-09-11 15:33:52.947,
2902,61,7,61,13,17000.0,,1,3900,2023-09-11 15:43:09.237,
2903,61,7,61,13,51000.0,,1,3900,2023-09-11 15:48:33.277,
2904,61,7,61,13,15500.0,,1,3900,2023-09-11 15:52:05.060,
2905,61,7,61,13,25000.0,,1,3900,2023-09-11 15:52:57.647,
2906,61,7,61,13,60000.0,,1,3900,2023-09-11 15:54:50.647,
2907,61,7,61,10,25000.0,,1,3900,2023-09-11 15:55:28.433,
2908,123,14,123,13,1000000.0,,1,5356,2023-09-11 17:27:29.050,
2909,24,14,24,9,150000.0,,1,3322,2023-09-11 18:31:09.237,
2910,53,14,53,13,297308.0,,1,7130,2023-09-12 10:13:29.210,
2911,53,3,53,13,276895.0,,1,7130,2023-09-12 10:13:58.843,
2912,156,5,156,7,150000.0,,1,8617,2023-09-12 10:22:41.490,
2913,61,7,61,13,65000.0,,1,3900,2023-09-12 11:16:10.483,
2914,61,7,61,13,20000.0,,1,3900,2023-09-12 11:19:23.823,
2915,61,7,61,9,30000.0,,1,3900,2023-09-12 11:23:29.387,
2916,61,7,61,13,30000.0,,1,3900,2023-09-12 11:24:37.860,
2917,61,7,61,13,30000.0,,1,3900,2023-09-12 11:27:10.290,
2918,61,7,61,13,28500.0,,1,3900,2023-09-12 11:28:43.180,
2919,61,7,61,13,15200.0,,1,3900,2023-09-12 11:30:13.920,
2920,61,7,61,13,20000.0,,1,3900,2023-09-12 11:35:40.757,
2921,61,7,61,9,100000.0,,1,3900,2023-09-12 11:36:46.733,
2922,61,7,61,9,50000.0,,1,3900,2023-09-12 11:38:56.043,
2923,61,7,61,9,30000.0,,1,3900,2023-09-12 11:39:42.400,
2924,4,10,4,7,400000.0,PLEASE PROCEED,1,1567,2023-09-12 11:47:50.737,
2925,156,5,156,3,100000.0,,1,8617,2023-09-12 12:54:44.767,
2926,15,3,15,13,1000000.0,Budget Movement due to negative balance,1,812,2023-09-12 13:14:17.097,
2927,191,14,191,10,400000.0,,1,5620,2023-09-12 13:28:13.793,
2928,49,7,49,3,100000.0,,1,7413,2023-09-12 13:35:19.197,
2929,4,1,4,7,300000.0,Please Proceed,1,1567,2023-09-12 16:06:08.973,
2930,177,10,177,7,1000000.0,Please Proceed,1,1567,2023-09-12 16:12:33.353,
2931,156,5,156,7,130000.0,,1,8617,2023-09-12 17:43:49.307,
2932,35,1,35,3,6184.0,,1,7312,2023-09-12 18:30:25.563,
2933,35,4,35,3,40740.0,,1,7312,2023-09-12 18:31:17.087,
2934,35,14,35,3,20760.0,,1,7312,2023-09-12 18:31:51.520,
2935,35,8,35,3,46092.0,,1,7312,2023-09-12 18:32:38.517,
2936,35,7,35,3,12175.0,,1,7312,2023-09-12 18:33:15.360,
2937,15,10,15,14,200000.0,,1,812,2023-09-12 21:18:54.367,
2938,19,1,19,14,50000.0,,1,812,2023-09-12 21:22:05.157,
2939,53,2,53,1,141844.0,,1,7130,2023-09-13 09:44:01.173,
2940,53,13,53,10,80000.0,,1,3322,2023-09-13 10:41:56.727,
2941,158,2,130,14,500000.0,budget movement request due to negative balance,1,1196,2023-09-13 11:00:51.997,
2942,61,7,61,13,200000.0,,1,3322,2023-09-13 11:44:52.160,
2943,111,4,111,9,200000.0,Budget transfer for activity relevant GL,1,2718,2023-09-13 11:49:58.220,
2944,111,1,111,9,100000.0,Budget transfer for activity relevant GL,1,2718,2023-09-13 11:50:33.617,
2945,156,4,156,9,100000.0,Budget transfer for activity relevant GL,1,2718,2023-09-13 11:51:40.100,
2946,21,10,21,13,100000.0,,1,3322,2023-09-13 12:00:01.897,
2947,4,10,4,13,100000.0,,1,3322,2023-09-13 12:00:58.213,
2948,142,14,142,13,500000.0,,1,3322,2023-09-13 12:07:37.273,
2949,111,10,111,13,100000.0,Budget transfer for activity relevant GL,1,2718,2023-09-13 12:07:50.563,
2950,156,9,156,13,100000.0,Budget transfer for activity relevant GL,1,2718,2023-09-13 12:10:14.273,
2951,156,10,156,13,100000.0,Budget transfer for activity relevant GL,1,2718,2023-09-13 12:10:35.213,
2952,64,7,64,8,200000.0,,1,3322,2023-09-13 12:57:09.343,
2953,111,3,111,13,170000.0,Budget transfer for activity relevant GL,1,2718,2023-09-13 14:35:05.933,
2954,156,4,156,13,170000.0,Budget transfer for activity relevant GL,1,2718,2023-09-13 14:35:48.160,
2955,142,1,142,8,400000.0,,1,2887,2023-09-13 14:42:27.757,
2956,142,10,142,9,300000.0,,1,2887,2023-09-13 14:43:56.140,
2957,142,10,142,13,200000.0,,1,2887,2023-09-13 14:44:32.307,
2958,146,14,146,13,400000.0,,1,2887,2023-09-13 14:45:10.000,
2959,146,3,146,2,300000.0,,1,2887,2023-09-13 14:50:44.953,
2960,64,3,64,7,300000.0,,1,3322,2023-09-13 15:02:00.913,
2961,51,8,51,7,110000.0,,1,546,2023-09-13 15:24:11.060,
2962,61,7,61,9,100000.0,,1,3322,2023-09-13 15:31:32.137,
2963,61,7,61,10,154000.0,,1,3322,2023-09-13 15:41:30.900,
2964,142,3,142,13,500000.0,,1,2887,2023-09-13 15:54:24.087,
2965,64,3,64,7,200000.0,,1,2887,2023-09-13 15:54:52.597,
2966,11,14,11,2,200000.0,,1,4144,2023-09-13 16:04:40.173,
2967,64,2,64,8,400000.0,,1,2887,2023-09-13 16:14:56.410,
2968,116,7,116,9,160000.0,,1,3322,2023-09-13 16:21:45.780,
2969,116,7,116,9,50000.0,,1,3322,2023-09-13 16:22:21.950,
2970,11,14,11,7,300000.0,,1,4144,2023-09-13 16:30:38.073,
2971,142,3,61,7,800000.0,,1,2887,2023-09-13 16:33:06.040,
2972,142,10,61,7,500000.0,,1,2887,2023-09-13 16:33:28.903,
2973,64,3,64,14,40000.0,,1,2887,2023-09-13 17:18:52.680,
2974,123,14,123,3,300000.0,,1,5356,2023-09-13 18:05:58.607,
2975,22,13,22,3,300000.0,,1,5596,2023-09-13 18:33:32.707,
2976,24,7,153,7,500000.0,,1,7413,2023-09-14 10:36:45.200,
2977,29,13,11,5,287952.0,,1,4144,2023-09-14 10:55:56.313,
2978,156,14,156,3,45000.0,,1,8617,2023-09-14 10:58:11.637,
2979,156,14,156,9,100000.0,,1,8617,2023-09-14 11:09:59.023,
2980,177,1,177,7,200000.0,please proceed,1,7362,2023-09-14 11:22:08.827,
2981,24,7,24,9,200000.0,,1,3322,2023-09-14 12:25:20.200,
2982,123,14,123,3,140000.0,,1,5356,2023-09-14 12:40:15.413,
2983,41,8,41,7,100000.0,,1,5627,2023-09-14 12:42:39.283,
2984,41,14,41,10,100000.0,,1,5627,2023-09-14 12:45:54.330,
2985,49,7,49,13,200000.0,,1,1912,2023-09-14 15:01:49.993,
2986,41,4,41,13,200000.0,,1,5627,2023-09-14 15:25:56.543,
2987,142,3,142,8,600000.0,,1,2887,2023-09-14 15:28:05.673,
2988,142,10,142,8,300000.0,,1,2887,2023-09-14 15:31:14.887,
2989,146,10,146,8,300000.0,,1,2887,2023-09-14 15:33:39.000,
2990,146,3,146,7,200000.0,,1,2887,2023-09-14 15:35:27.590,
2991,60,4,60,13,50000.0,,1,2338,2023-09-14 15:39:06.793,
2992,11,7,11,10,250000.0,,1,3322,2023-09-14 17:04:49.797,
2993,146,10,146,7,200000.0,,1,2887,2023-09-14 18:43:37.950,
2994,64,14,64,13,100000.0,,1,2887,2023-09-14 18:45:45.743,
2995,64,8,64,13,100000.0,,1,2887,2023-09-14 18:46:36.177,
2996,108,1,108,7,960807.0,,1,5461,2023-09-14 18:59:04.720,
2997,4,10,4,8,50000.0,,1,7362,2023-09-15 10:14:51.767,
2998,114,14,114,3,100000.0,,1,2755,2023-09-15 10:39:24.163,
2999,114,14,114,3,60000.0,,1,2755,2023-09-15 10:41:01.250,
3000,4,10,4,13,300000.0,,1,1567,2023-09-15 11:54:32.613,
3001,4,2,4,13,150000.0,PLEASE PROCEED,1,1567,2023-09-15 11:57:41.077,
3002,157,14,157,7,150000.0,,1,3322,2023-09-15 12:30:23.490,
3003,157,7,157,8,150000.0,,1,3322,2023-09-15 12:31:53.967,
3004,186,9,61,7,500000.0,,1,2887,2023-09-15 13:04:58.600,
3005,24,7,24,13,300000.0,,1,3322,2023-09-15 15:04:07.423,
3006,24,7,24,10,100000.0,,1,3322,2023-09-15 15:12:11.120,
3007,13,2,13,13,300000.0,,1,5620,2023-09-15 16:06:49.027,
3008,157,7,157,13,120000.0,,1,3322,2023-09-15 16:07:12.110,
3009,13,9,13,13,400000.0,,1,5620,2023-09-15 16:07:16.790,
3010,191,14,191,7,700000.0,,1,5620,2023-09-15 16:10:25.640,
3011,157,7,157,13,300000.0,,1,3322,2023-09-15 16:10:38.440,
3012,191,10,191,7,100000.0,,1,5620,2023-09-15 16:12:17.947,
3013,13,13,191,7,1200000.0,For Epex Trial,1,5620,2023-09-15 16:17:43.363,
3014,61,7,61,13,100000.0,,1,3322,2023-09-15 16:18:26.103,
3015,61,7,61,10,60000.0,,1,3322,2023-09-15 16:27:22.670,
3016,61,7,61,13,60000.0,,1,3322,2023-09-15 16:30:22.113,
3017,159,14,159,13,250000.0,,1,8620,2023-09-15 16:42:01.890,
3018,21,10,21,7,1500000.0,PLEASE PROCEED,1,1567,2023-09-15 16:42:09.393,
3019,191,14,191,7,227000.0,,1,5620,2023-09-15 16:49:13.690,
3020,191,1,191,7,123000.0,,1,5620,2023-09-15 16:51:14.430,
3021,114,14,114,13,50000.0,,1,3322,2023-09-15 17:04:17.563,
3022,111,9,111,7,80000.0,,1,3322,2023-09-15 17:19:29.573,
3023,104,10,104,8,70000.0,,1,5627,2023-09-17 09:34:52.610,
3024,113,10,113,8,40000.0,,1,5627,2023-09-17 09:35:18.463,
3025,4,5,4,9,180000.0,Please Proceed,1,1567,2023-09-17 16:07:29.303,
3026,4,4,4,9,100000.0,Please Proceed,1,1567,2023-09-17 16:10:17.383,
3027,4,4,4,13,40000.0,Please Proceed,1,1567,2023-09-17 16:16:02.787,
3028,4,8,4,7,240000.0,,1,7362,2023-09-18 00:28:50.830,
3029,108,7,15,3,150000.0,,1,812,2023-09-18 10:32:07.717,
3030,15,14,15,3,100000.0,,1,812,2023-09-18 10:34:26.593,
3031,15,14,15,3,100000.0,,1,812,2023-09-18 10:34:35.583,
3032,114,10,114,7,200000.0,,1,2755,2023-09-18 10:54:36.980,
3033,4,8,4,13,100000.0,Please Proceed,1,1567,2023-09-18 11:42:29.023,
3034,142,14,142,3,150618.0,,1,7411,2023-09-18 13:44:46.747,
3035,142,5,142,3,140437.0,,1,7411,2023-09-18 13:47:07.113,
3036,142,10,142,3,68126.0,,1,7411,2023-09-18 13:49:33.547,
3037,4,8,4,13,50000.0,,1,3322,2023-09-18 14:29:07.800,
3038,11,13,11,10,100000.0,,1,3322,2023-09-18 14:47:33.120,
3039,11,13,11,10,150000.0,,1,4144,2023-09-18 14:52:50.697,
3040,11,13,11,9,57000.0,,1,4144,2023-09-18 14:54:21.063,
3041,21,2,21,7,50000.0,,1,3322,2023-09-18 15:10:45.473,
3042,177,2,177,9,70000.0,,1,3322,2023-09-18 15:40:33.397,
3043,177,2,177,13,200000.0,,1,3322,2023-09-18 16:13:39.760,
3044,177,2,177,13,300000.0,,1,3322,2023-09-18 16:15:03.387,
3045,21,10,21,13,300000.0,,1,3322,2023-09-18 16:19:09.990,
3046,21,10,21,13,500000.0,,1,3322,2023-09-18 16:19:45.297,
3047,177,7,177,9,150000.0,,1,3322,2023-09-18 16:25:18.773,
3048,177,7,177,9,200000.0,,1,3322,2023-09-18 16:26:15.383,
3049,111,9,111,4,100000.0,,1,3322,2023-09-18 18:05:13.837,
3050,21,2,21,7,200000.0,Please Proceed,1,1567,2023-09-19 00:44:15.383,
3051,13,13,13,7,200000.0,,1,2755,2023-09-19 01:03:18.243,
3052,13,2,13,7,100000.0,,1,2755,2023-09-19 01:21:30.410,
3053,11,1,11,7,100000.0,,1,7308,2023-09-19 10:58:32.037,
3054,123,13,123,7,300000.0,For RIC Software Activity,1,2052,2023-09-19 11:03:44.900,
3055,24,3,24,9,80000.0,,1,3322,2023-09-19 11:10:34.487,
3056,21,1,21,10,110000.0,,1,3322,2023-09-19 12:01:50.973,
3057,108,7,108,5,250000.0,,1,812,2023-09-19 12:40:41.380,
3058,153,14,153,8,65000.0,,1,7413,2023-09-19 14:21:06.657,
3059,21,14,21,9,70000.0,,1,3322,2023-09-19 14:21:35.587,
3060,20,1,20,9,70000.0,,1,3322,2023-09-19 14:22:39.093,
3061,49,7,49,3,200000.0,,1,1912,2023-09-19 15:03:34.397,
3062,156,1,156,13,420000.0,Budget transfer for activity relevant GL,1,2718,2023-09-19 15:37:18.347,
3063,24,8,24,3,125000.0,,1,7413,2023-09-19 15:59:01.913,
3064,41,4,41,7,200000.0,,1,5627,2023-09-19 16:11:02.100,
3065,41,8,41,7,200000.0,,1,3043,2023-09-19 16:23:47.003,
3066,20,1,20,9,60000.0,,1,3322,2023-09-19 16:30:40.483,
3067,22,4,22,7,470000.0,,1,3852,2023-09-19 16:32:13.643,
3068,22,10,22,7,400000.0,,1,5191,2023-09-19 16:43:21.607,
3069,156,1,156,7,250000.0,Budget transfer for activity relevant GL - Dr. Ghazanfar Ali Shah Activity PRF,1,2718,2023-09-19 16:53:38.133,
3070,16,10,51,13,749100.0,,1,546,2023-09-19 17:49:36.300,
3071,27,5,27,3,85912.0,,1,546,2023-09-19 18:16:56.030,
3072,27,10,27,3,153331.0,,1,546,2023-09-19 18:17:57.900,
3073,27,14,27,3,65000.0,,1,546,2023-09-19 18:20:01.327,
3074,21,14,21,13,200000.0,,1,1567,2023-09-19 23:49:28.690,
3075,53,2,53,3,51000.0,,1,7130,2023-09-20 00:31:40.273,
3076,53,2,53,3,36100.0,,1,7130,2023-09-20 00:35:21.100,
3077,146,3,146,13,600000.0,,1,2887,2023-09-20 03:03:43.323,
3078,146,1,146,13,189000.0,,1,2887,2023-09-20 03:04:31.663,
3079,22,2,22,8,900000.0,,1,3852,2023-09-20 06:47:53.247,
3080,22,14,22,9,400000.0,,1,3852,2023-09-20 06:48:31.293,
3081,27,14,27,9,148498.0,,1,546,2023-09-20 10:58:46.643,
3082,51,13,51,10,75000.0,,1,546,2023-09-20 11:04:01.530,
3083,111,1,111,7,30000.0,,1,8617,2023-09-20 14:44:22.103,
3084,111,10,111,7,30000.0,,1,8617,2023-09-20 14:44:43.350,
3085,11,2,11,14,40000.0,,1,4144,2023-09-20 15:01:00.197,
3086,11,14,11,7,100000.0,,1,4144,2023-09-20 15:01:40.113,
3087,51,13,51,7,400000.0,,1,1976,2023-09-20 16:17:52.240,
3088,24,13,24,9,100000.0,,1,3322,2023-09-20 17:03:18.247,
3089,92,7,92,9,26000.0,,1,3322,2023-09-20 17:07:43.417,
3090,24,14,153,13,300000.0,Sir need budget in Redexa for corporate activity kindly approve,1,7413,2023-09-20 17:09:38.883,
3091,156,14,156,7,50000.0,,1,8617,2023-09-20 18:33:36.563,
3092,156,13,156,10,250000.0,,1,8617,2023-09-20 19:10:06.523,
3093,156,14,156,10,100000.0,,1,8617,2023-09-20 19:10:26.723,
3094,41,1,41,10,100000.0,,1,5627,2023-09-20 19:41:41.580,
3095,111,7,111,10,160000.0,Budget transfer for activity relevant GL,1,2718,2023-09-20 23:17:37.580,
3096,146,8,146,4,100000.0,,1,2887,2023-09-21 03:20:13.137,
3097,159,3,159,4,400000.0,,1,8620,2023-09-21 12:14:33.587,
3098,41,2,41,14,262000.0,,1,8620,2023-09-21 17:32:25.153,
3099,104,14,104,3,100000.0,,1,5627,2023-09-21 19:08:49.640,
3100,104,10,104,3,300000.0,,1,5627,2023-09-21 19:10:23.670,
3101,156,8,156,7,90000.0,,1,8617,2023-09-21 21:14:40.853,
3102,156,1,156,7,50000.0,,1,8617,2023-09-21 21:14:47.810,
3103,156,1,156,7,75000.0,,1,8617,2023-09-21 21:15:45.307,
3104,156,3,156,7,75000.0,,1,8617,2023-09-21 21:17:00.187,
3105,156,10,156,7,45000.0,,1,8617,2023-09-21 21:19:57.767,
3106,52,3,52,7,60000.0,,1,3358,2023-09-22 00:40:47.840,
3107,11,14,11,10,10000.0,,1,3358,2023-09-22 00:41:21.600,
3108,151,10,156,7,500000.0,,1,8617,2023-09-22 10:20:42.530,
3109,151,3,156,7,500000.0,,1,8617,2023-09-22 10:29:23.060,
3110,151,3,151,7,100000.0,,1,8617,2023-09-22 11:22:10.623,
3111,50,10,50,13,20000.0,,1,3322,2023-09-22 11:40:34.380,
3112,50,10,50,9,350000.0,,1,3322,2023-09-22 11:41:16.510,
3113,159,10,159,7,250000.0,,1,8620,2023-09-22 11:46:23.773,
3114,112,4,112,9,250000.0,,1,3322,2023-09-22 11:48:07.653,
3115,136,6,136,7,28718.0,We use Social/ Cultural head on frequent basis.,1,2112,2023-09-22 11:51:33.143,
3116,136,4,136,7,10769.0,We use Social/ Cultural head on frequent basis.,1,2112,2023-09-22 11:52:13.327,
3117,16,1,16,9,129519.0,,1,546,2023-09-22 11:54:34.377,
3118,136,1,136,7,7179.0,We use Social/ Cultural head on frequent basis.,1,2112,2023-09-22 11:54:37.063,
3119,136,2,136,7,12299.0,We use Social/ Cultural head on frequent basis.,1,2112,2023-09-22 11:55:09.247,
3120,16,14,16,9,31000.0,,1,546,2023-09-22 11:55:33.383,
3121,135,4,135,7,9000.0,We use Social/ Cultural head on frequent basis.,1,2112,2023-09-22 11:56:57.253,
3122,135,1,135,7,6000.0,We use Social/ Cultural head on frequent basis.,1,2112,2023-09-22 11:57:21.480,
3123,135,2,135,7,15000.0,We use Social/ Cultural head on frequent basis.,1,2112,2023-09-22 11:58:00.603,
3124,135,14,135,7,24000.0,We use Social/ Cultural head on frequent basis.,1,2112,2023-09-22 11:58:26.717,
3125,136,6,136,7,28718.0,We use Social/ Cultural head on frequent basis.,1,2112,2023-09-22 12:00:44.207,
3126,136,4,136,7,10769.0,We use Social/ Cultural head on frequent basis.,1,2112,2023-09-22 12:01:03.567,
3127,136,1,136,7,7179.0,We use Social/ Cultural head on frequent basis.,1,2112,2023-09-22 12:01:24.290,
3128,136,2,136,7,12299.0,We use Social/ Cultural head on frequent basis.,1,2112,2023-09-22 12:01:42.650,
3129,135,4,135,7,9000.0,We use Social/ Cultural head on frequent basis.,1,2112,2023-09-22 12:03:17.753,
3130,135,1,135,7,6000.0,We use Social/ Cultural head on frequent basis.,1,2112,2023-09-22 12:03:34.760,
3131,135,2,135,7,15000.0,We use Social/ Cultural head on frequent basis.,1,2112,2023-09-22 12:03:55.093,
3132,135,14,135,7,24000.0,We use Social/ Cultural head on frequent basis.,1,2112,2023-09-22 12:04:12.873,
3133,43,2,43,7,71700.0,,1,812,2023-09-22 14:40:44.480,
3134,43,14,43,7,8700.0,,1,812,2023-09-22 14:41:17.053,
3135,43,10,43,7,43500.0,,1,812,2023-09-22 14:41:49.303,
3136,108,7,108,10,100000.0,,1,812,2023-09-22 15:23:01.970,
3137,108,7,108,13,50000.0,,1,812,2023-09-22 15:29:04.660,
3138,43,7,43,13,100000.0,,1,812,2023-09-22 15:35:37.697,
3139,43,7,43,10,90000.0,,1,812,2023-09-22 15:51:57.850,
3140,108,7,108,9,110000.0,,1,812,2023-09-22 16:15:46.223,
3141,22,10,22,3,300000.0,,1,3852,2023-09-22 17:38:59.477,
3142,22,10,22,7,300000.0,,1,3852,2023-09-22 17:40:54.813,
3143,41,1,41,7,500000.0,,1,5627,2023-09-23 14:46:04.153,
3144,156,7,156,13,300000.0,,1,8617,2023-09-24 13:05:55.730,
3145,177,3,177,7,290000.0,,1,7362,2023-09-25 10:38:18.503,
3146,177,10,177,7,85000.0,,1,7362,2023-09-25 10:39:14.333,
3147,177,7,177,13,170000.0,,1,7362,2023-09-25 10:42:35.743,
3148,177,4,177,13,130000.0,,1,7362,2023-09-25 10:43:28.680,
3149,177,3,177,13,290000.0,,1,7362,2023-09-25 10:46:19.960,
3150,177,2,177,13,250000.0,,1,7362,2023-09-25 10:46:51.890,
3151,177,10,177,13,150000.0,,1,7362,2023-09-25 10:47:13.513,
3152,153,8,153,10,50000.0,,1,3322,2023-09-25 12:27:23.963,
3153,177,5,177,10,50000.0,,1,3322,2023-09-25 12:46:58.297,
3154,52,8,52,14,150000.0,,1,3358,2023-09-25 12:51:32.120,
3155,52,10,52,14,31000.0,,1,3358,2023-09-25 12:53:05.180,
3156,156,7,156,9,180000.0,,1,3322,2023-09-25 12:54:02.407,
3157,104,10,104,7,130000.0,,1,8620,2023-09-25 16:05:17.077,
3158,85,10,85,7,20000000.0,budget wrongly placed,1,2010,2023-09-25 16:28:16.313,
3159,93,4,93,7,6806100.0,We use Social/ Cultural head on frequent basis.,1,2112,2023-09-25 16:49:12.170,
3160,93,8,93,7,181496.0,We use Social/ Cultural head on frequent basis.,1,2112,2023-09-25 16:49:43.723,
3161,93,6,93,7,181496.0,We use Social/ Cultural head on frequent basis.,1,2112,2023-09-25 16:49:58.333,
3162,155,6,155,7,547028.0,We use Social/ Cultural head on frequent basis.,1,2112,2023-09-25 16:50:55.323,
3163,155,4,155,7,646695.0,We use Social/ Cultural head on frequent basis.,1,2112,2023-09-25 16:51:24.310,
3164,155,5,155,7,97683.0,We use Social/ Cultural head on frequent basis.,1,2112,2023-09-25 16:52:06.167,
3165,155,10,155,7,2848370.0,We use Social/ Cultural head on frequent basis.,1,2112,2023-09-25 16:52:39.547,
3166,155,8,155,7,644712.0,We use Social/ Cultural head on frequent basis.,1,2112,2023-09-25 16:52:57.603,
3167,177,4,177,8,135000.0,Please Proceed,1,1567,2023-09-25 17:27:48.073,
3168,177,5,177,8,100000.0,Please Proceed,1,1567,2023-09-25 17:28:38.417,
3169,177,1,177,8,190000.0,Please Proceed,1,1567,2023-09-25 17:29:10.950,
3170,177,14,177,8,25000.0,Please Proceed,1,1567,2023-09-25 17:29:52.473,
3171,177,10,177,8,35000.0,Please Proceed,1,1567,2023-09-25 17:30:35.503,
3172,177,2,177,8,24000.0,Please Proceed,1,1567,2023-09-25 17:34:16.267,
3173,21,14,21,13,50000.0,Please Proceed,1,1567,2023-09-25 17:53:53.827,
3174,123,14,123,7,100000.0,,1,5356,2023-09-25 17:59:00.943,
3175,130,14,130,13,750000.0,,1,3322,2023-09-25 18:33:26.550,
3176,177,8,177,13,500000.0,Please Proceed,1,1567,2023-09-25 18:42:13.807,
3177,153,14,153,8,100000.0,,1,7413,2023-09-26 10:22:24.273,
3178,157,14,157,6,70000.0,budget movement request due to negative balance,1,1196,2023-09-26 10:37:32.180,
3179,49,7,49,9,100000.0,,1,1912,2023-09-26 10:43:36.363,
3180,153,234,153,9,40000.0,,1,7413,2023-09-26 10:44:56.100,
3181,111,234,111,7,145000.0,Budget transfer for activity relevant GL,1,2718,2023-09-26 10:54:26.050,
3182,111,4,111,14,40000.0,Budget transfer for activity relevant GL,1,2718,2023-09-26 10:57:12.600,
3183,11,1,11,7,32000.0,,1,7308,2023-09-26 12:37:51.370,
3184,11,3,11,7,25000.0,,1,4144,2023-09-26 13:32:01.580,
3185,151,10,151,13,23000.0,,1,8617,2023-09-26 16:01:21.780,
3186,151,14,151,13,300000.0,,1,8617,2023-09-26 16:02:45.230,
3187,142,2,142,7,230000.0,,1,3322,2023-09-26 18:05:05.873,
3188,142,2,142,7,297000.0,,1,3322,2023-09-26 18:09:02.453,
3189,142,1,142,7,68000.0,,1,3322,2023-09-26 18:09:49.093,
3190,64,1,64,7,182000.0,,1,3322,2023-09-26 18:11:28.620,
3191,64,2,64,7,147000.0,,1,3322,2023-09-26 18:12:05.200,
3192,64,5,64,7,136000.0,,1,3322,2023-09-26 18:12:32.703,
3193,64,14,64,7,450000.0,,1,3322,2023-09-26 18:13:04.673,
3194,21,14,21,10,500000.0,Please Proceed,1,1567,2023-09-27 10:43:04.537,
3195,49,7,49,13,100000.0,,1,1912,2023-09-27 12:29:06.317,
3196,49,7,49,13,100000.0,,1,1912,2023-09-27 12:30:36.440,
3197,49,7,49,10,100000.0,,1,1912,2023-09-27 12:35:50.160,
3198,49,7,49,10,100000.0,,1,1912,2023-09-27 12:36:54.960,
3199,22,10,22,7,700000.0,,1,3852,2023-09-27 13:57:40.383,
3200,22,10,22,8,600000.0,,1,3852,2023-09-27 13:58:59.397,
3201,11,3,11,7,130000.0,,1,4144,2023-09-27 14:47:15.887,
3202,11,14,11,9,400000.0,,1,7308,2023-09-27 15:04:31.437,
3203,11,4,11,13,81000.0,,1,7308,2023-09-27 15:07:12.687,
3204,11,4,11,13,100000.0,,1,7308,2023-09-27 15:09:02.577,
3205,186,9,186,14,1000000.0,,1,2887,2023-09-27 15:40:41.773,
3206,177,8,177,3,25000.0,Please Proceed,1,1567,2023-09-27 15:50:02.460,
3207,13,13,13,10,50000.0,,1,2755,2023-09-28 08:39:56.180,
3208,3,13,3,10,50000.0,,1,2755,2023-09-28 08:40:51.423,
3209,13,13,13,14,50000.0,,1,2755,2023-09-28 08:43:14.007,
3210,13,13,13,14,50000.0,,1,2755,2023-09-28 08:43:27.687,
3211,161,14,161,9,100000.0,,1,3322,2023-09-28 09:58:39.583,
3212,181,1,181,7,45000.0,,1,3900,2023-09-28 10:30:04.080,
3213,181,2,181,7,61000.0,,1,3900,2023-09-28 10:30:17.790,
3214,181,3,181,13,50001.0,,1,3900,2023-09-28 10:41:24.033,
3215,181,10,181,9,50001.0,,1,3900,2023-09-28 10:42:46.457,
3216,180,7,180,13,75000.0,,1,3900,2023-09-28 10:48:29.513,
3217,180,3,180,13,52000.0,,1,3900,2023-09-28 10:48:48.757,
3218,142,234,142,7,250000.0,,1,2887,2023-09-28 11:00:36.547,
3219,186,9,186,3,56000.0,,1,2887,2023-09-28 11:33:15.030,
3220,52,14,52,1,100000.0,,1,4144,2023-09-28 11:44:04.747,
3221,3,13,3,10,50000.0,,1,2755,2023-09-28 12:00:53.143,
3222,13,14,13,10,50000.0,,1,2755,2023-09-28 12:01:09.340,
3223,156,9,156,3,25000.0,,1,8617,2023-09-28 12:33:02.217,
3224,93,7,135,7,30000.0,,1,2112,2023-09-28 12:38:04.003,
3225,155,7,136,7,30000.0,,1,2112,2023-09-28 12:38:32.753,
3226,93,7,135,7,3500.0,,1,2112,2023-09-28 12:43:32.963,
3227,93,7,136,7,1200.0,,1,2112,2023-09-28 12:45:13.920,
3228,9,14,9,3,25000.0,,1,7130,2023-09-28 14:39:59.687,
3229,159,4,159,14,220000.0,,1,8620,2023-09-28 16:27:51.630,
3230,11,14,11,10,300000.0,,1,3322,2023-09-28 16:58:13.117,
3231,11,14,11,10,300000.0,,1,3322,2023-09-28 17:01:09.027,
3232,11,10,11,13,250000.0,,1,4144,2023-09-28 17:45:20.020,
3233,11,10,11,7,100000.0,,1,4144,2023-09-28 17:45:55.800,
3234,11,13,11,8,250000.0,,1,4144,2023-09-28 17:47:04.177,
3235,186,14,186,3,300000.0,,1,2887,2023-09-28 17:58:26.620,
3236,13,14,13,8,56000.0,,1,3322,2023-09-28 18:19:17.463,
3237,3,14,3,8,150000.0,,1,3322,2023-09-28 18:19:59.003,
3238,28,14,28,6,121000.0,,1,5618,2023-10-02 09:45:01.223,
3239,3,14,3,3,100000.0,,1,5620,2023-10-02 11:46:50.527,
3240,9,14,9,13,450000.0,,1,7130,2023-10-02 13:27:04.117,
3241,102,13,102,8,700000.0,700000,1,3852,2023-10-02 14:06:44.147,
3242,21,14,21,194,1650000.0,,1,2054,2023-10-02 14:31:52.343,
3243,22,14,22,194,1935000.0,,1,2054,2023-10-02 14:33:15.550,
3244,156,14,156,194,25000.0,,1,2054,2023-10-02 14:33:54.017,
3245,41,14,41,194,150000.0,,1,2054,2023-10-02 14:34:11.613,
3246,114,234,114,1,200000.0,,1,2755,2023-10-02 15:40:44.657,
3247,51,10,51,13,1098955.0,,1,546,2023-10-02 16:03:59.087,
3248,28,14,28,7,50000.0,,1,5618,2023-10-02 16:53:47.660,
3249,112,14,112,7,83000.0,,1,5631,2023-10-02 17:50:31.080,
3250,108,1,108,7,300000.0,,1,812,2023-10-03 11:11:16.787,
3251,29,14,29,9,200000.0,,1,3322,2023-10-03 16:07:50.350,
3252,11,14,11,9,150000.0,,1,3322,2023-10-03 16:11:26.530,
3253,4,234,4,8,375000.0,Please Proceed,1,1567,2023-10-04 10:56:07.320,
3254,4,10,4,7,300000.0,,1,3322,2023-10-04 11:13:48.610,
3255,22,14,22,3,650000.0,,1,5596,2023-10-04 11:36:16.933,
3256,61,1,61,9,75000.0,,1,3322,2023-10-04 11:51:01.213,
3257,21,14,21,3,1000000.0,,1,1985,2023-10-04 11:52:36.223,
3258,61,10,61,9,50000.0,,1,3322,2023-10-04 11:54:44.050,
3259,61,2,61,9,40000.0,,1,3322,2023-10-04 11:57:14.140,
3260,61,3,61,9,60000.0,,1,3322,2023-10-04 11:57:50.107,
3261,65,10,65,3,500000.0,budget movement request due to negative balance,1,1196,2023-10-04 15:21:58.540,
3262,4,14,4,8,500000.0,,1,3322,2023-10-04 15:35:37.887,
3263,159,234,159,14,112000.0,,1,8620,2023-10-04 16:24:48.880,
3264,4,14,4,13,100000.0,,1,1567,2023-10-04 17:31:54.637,
3265,4,14,4,13,100000.0,,1,1567,2023-10-04 17:34:46.120,
3266,4,10,4,3,450000.0,Please Proceed,1,1567,2023-10-05 12:05:44.270,
3267,4,9,4,3,300000.0,Please Proceed,1,1567,2023-10-05 12:07:15.193,
3268,158,14,158,7,1200000.0,budget movement request due to negative balance,1,1196,2023-10-06 00:25:21.850,
3269,4,4,4,10,80000.0,Please Proceed,1,1567,2023-10-06 15:16:08.707,
3270,4,14,4,9,80000.0,Please Proceed,1,1567,2023-10-06 15:16:52.333,
3271,21,14,21,13,800000.0,Please Proceed,1,1567,2023-10-06 15:19:19.113,
3272,21,14,21,7,800000.0,Please Proceed,1,1567,2023-10-06 15:21:31.480,
3273,62,234,62,9,60000.0,,1,3322,2023-10-06 16:08:58.557,
3274,22,10,22,3,450000.0,,1,5596,2023-10-06 17:03:53.520,
3275,22,10,22,3,150000.0,,1,5596,2023-10-06 17:59:56.013,
3276,178,14,178,1,125000.0,,1,5631,2023-10-06 18:18:54.617,
3277,103,14,103,5,100000.0,,1,4144,2023-10-06 18:26:39.583,
3278,21,10,21,8,500000.0,Please Proceed,1,1567,2023-10-06 18:28:47.450,
3279,22,14,22,3,300000.0,,1,5596,2023-10-06 18:45:43.020,
3280,50,14,50,1,180000.0,,1,5631,2023-10-06 19:05:49.457,
3281,112,3,112,1,100000.0,100000,1,5631,2023-10-06 19:07:50.903,
3282,174,2,174,4,30000.0,,1,7312,2023-10-07 20:57:58.377,
3283,174,6,174,4,14497.0,,1,7312,2023-10-07 20:59:01.430,
3284,62,10,62,4,40000.0,,1,7312,2023-10-07 21:00:35.473,
3285,174,1,174,4,16000.0,,1,7312,2023-10-07 21:05:05.260,
3286,21,6,21,13,35000.0,Please Proceed,1,1567,2023-10-09 11:24:03.617,
3287,21,4,21,13,74000.0,Please Proceed,1,1567,2023-10-09 11:24:31.587,
3288,21,234,21,13,245000.0,Please Proceed,1,1567,2023-10-09 11:25:01.060,
3289,21,1,21,13,5000.0,Please Proceed,1,1567,2023-10-09 11:26:05.303,
3290,21,1,21,13,88000.0,Please Proceed,1,1567,2023-10-09 11:34:25.110,
3291,21,2,21,13,52000.0,Please Proceed,1,1567,2023-10-09 11:34:57.197,
3292,21,5,21,13,71000.0,Please Proceed,1,1567,2023-10-09 11:35:45.767,
3293,21,14,21,13,41000.0,Please Proceed,1,1567,2023-10-09 11:36:15.793,
3294,21,7,21,8,400000.0,Please Proceed,1,1567,2023-10-09 11:40:35.317,
3295,21,14,21,8,350000.0,Please Proceed,1,1567,2023-10-09 11:41:07.123,
3296,21,14,21,7,135000.0,Please Proceed,1,1567,2023-10-09 13:09:51.460,
3297,150,8,150,194,13500.0,,1,3852,2023-10-09 14:21:11.123,
3298,150,8,150,194,5000.0,,1,3852,2023-10-09 14:23:33.940,
3299,4,13,4,8,100000.0,,1,3322,2023-10-09 16:44:07.243,
3300,4,14,4,8,400000.0,,1,3322,2023-10-09 16:47:40.833,
3301,29,234,29,194,313891.0,,1,4144,2023-10-10 00:09:03.190,
3302,29,13,29,194,999978.0,,1,4144,2023-10-10 00:10:04.417,
3303,29,1,29,194,139509.0,,1,4144,2023-10-10 00:10:53.440,
3304,29,14,29,194,629855.0,,1,4144,2023-10-10 00:11:20.147,
3305,29,10,29,194,250877.0,,1,4144,2023-10-10 00:11:51.310,
3306,29,9,29,194,73793.0,,1,4144,2023-10-10 00:12:45.380,
3307,29,3,29,194,19317.0,,1,4144,2023-10-10 00:13:18.927,
3308,21,13,21,7,15000.0,Please Proceed,1,1567,2023-10-10 10:40:18.557,
3309,49,7,49,3,1000000.0,,1,1912,2023-10-10 11:08:00.730,
3310,61,3,61,7,217000.0,,1,3900,2023-10-10 11:27:59.687,
3311,11,14,11,9,1000000.0,,1,3358,2023-10-10 17:19:33.507,
3312,22,10,22,7,3000000.0,,1,5596,2023-10-10 17:33:09.590,
3313,11,9,11,10,500000.0,,1,3358,2023-10-10 17:53:23.087,
3314,4,14,4,8,50000.0,,1,3322,2023-10-10 18:51:08.933,
3315,102,14,102,8,50000.0,,1,3322,2023-10-10 18:51:30.800,
3316,4,14,4,8,100000.0,,1,3322,2023-10-10 18:52:23.617,
3317,102,14,102,8,100000.0,,1,3322,2023-10-10 18:52:41.743,
3318,123,14,123,7,141725.0,,1,5356,2023-10-11 12:21:03.587,
3319,27,234,27,7,154773.0,,1,546,2023-10-11 13:12:18.363,
3320,27,14,27,13,250000.0,,1,546,2023-10-11 13:13:20.457,
3321,27,14,27,7,100000.0,,1,546,2023-10-11 13:14:19.307,
3322,27,9,27,7,41050.0,,1,546,2023-10-11 13:15:11.920,
3323,27,10,27,7,53332.0,,1,546,2023-10-11 13:16:22.633,
3324,120,1,120,13,137571.0,,1,546,2023-10-11 13:20:10.157,
3325,120,6,120,7,200000.0,,1,546,2023-10-11 13:21:01.050,
3326,120,6,120,13,200000.0,,1,546,2023-10-11 13:21:38.970,
3327,120,234,120,9,78988.0,,1,546,2023-10-11 13:22:56.633,
3328,120,6,120,13,149357.0,,1,546,2023-10-11 13:23:53.147,
3329,51,6,51,13,400000.0,,1,546,2023-10-11 13:25:50.793,
3330,51,6,51,7,200000.0,,1,546,2023-10-11 13:26:37.213,
3331,34,234,34,9,140000.0,,1,7312,2023-10-11 13:32:06.020,
3332,114,10,114,13,50000.0,,1,3322,2023-10-11 13:56:07.717,
3333,114,14,114,9,2000.0,,1,3322,2023-10-11 13:59:45.277,
3334,21,13,21,6,20000.0,Please Proceed,1,1567,2023-10-11 15:26:41.770,
3335,114,234,114,13,150000.0,,1,2755,2023-10-11 15:42:24.233,
3336,191,2,191,13,150000.0,,1,2755,2023-10-11 15:43:11.533,
3337,34,1,34,9,4000.0,,1,7312,2023-10-11 15:46:38.797,
3338,114,3,114,1,5000.0,,1,2755,2023-10-11 15:46:49.580,
3339,156,13,156,8,150000.0,,1,3322,2023-10-11 15:52:12.170,
3340,3,2,3,10,150000.0,,1,2755,2023-10-11 16:09:11.913,
3341,114,13,114,9,30000.0,,1,2755,2023-10-11 16:20:04.630,
3342,114,13,114,10,20000.0,,1,2755,2023-10-11 16:20:38.977,
3343,62,8,62,7,122035.0,,1,7312,2023-10-11 16:38:21.710,
3344,111,14,111,6,40000.0,Budget transfer for activity relevant GL,1,2718,2023-10-11 17:16:54.067,
3345,21,13,21,6,135000.0,Please Proceed,1,1567,2023-10-12 09:59:53.667,
3346,21,13,21,7,300000.0,Please Proceed,1,1567,2023-10-12 10:24:25.167,
3347,15,14,15,9,150000.0,,1,3322,2023-10-12 12:24:59.873,
3348,156,14,156,13,100000.0,Budget transfer for activity relevant GL,1,2718,2023-10-12 16:03:40.593,
3349,156,4,156,13,40000.0,Budget transfer for activity relevant GL,1,2718,2023-10-12 16:04:32.060,
3350,187,14,187,7,1600000.0,,1,3900,2023-10-12 17:33:33.017,
3351,22,14,22,7,1000000.0,,1,3852,2023-10-12 18:11:19.920,
3352,146,3,146,7,200000.0,,1,2887,2023-10-13 00:12:10.237,
3353,22,13,22,8,50000.0,,1,3322,2023-10-13 09:29:56.947,
3354,156,4,156,10,100000.0,,1,8617,2023-10-13 12:13:36.053,
3355,156,5,156,10,200000.0,,1,8617,2023-10-13 14:59:05.377,
3356,156,10,156,13,860000.0,Budget transfer for activity relevant GL,1,2718,2023-10-13 15:00:32.280,
3357,156,5,156,7,200000.0,,1,3322,2023-10-13 15:42:33.873,
3358,12,15,55,14,100000.0,,1,8803,2023-10-13 18:07:53.967,
3359,157,7,157,8,220000.0,,1,3322,2023-10-16 12:56:34.440,
3360,65,7,65,8,400000.0,,1,3322,2023-10-16 13:11:12.873,
3361,157,7,157,8,400000.0,,1,3322,2023-10-16 13:12:14.550,
3362,108,7,108,13,200000.0,,1,812,2023-10-16 15:27:29.710,
3363,127,7,127,3,46000.0,,1,7312,2023-10-16 16:36:28.137,
3364,3,2,3,3,100000.0,,1,2755,2023-10-16 16:38:57.810,
3365,62,7,62,3,150000.0,,1,7312,2023-10-16 16:41:58.330,
3366,62,7,62,3,1000.0,,1,7312,2023-10-16 16:43:23.527,
3367,174,1,174,13,6000.0,,1,7312,2023-10-16 17:30:46.723,
3368,21,10,21,9,200000.0,Please Proceed,1,1567,2023-10-17 10:38:51.067,
3369,191,9,191,10,50000.0,,1,3322,2023-10-17 11:11:58.707,
3370,12,15,55,14,500000.0,,1,8803,2023-10-17 11:38:04.410,
3371,52,14,52,13,800000.0,,1,3358,2023-10-17 17:57:47.107,
3372,111,10,111,8,150000.0,Budget transfer for activity relevant GL,1,2718,2023-10-17 18:19:55.007,
3373,187,234,187,3,50000.0,,1,3900,2023-10-18 09:44:00.957,
3374,181,234,181,7,330000.0,,1,3900,2023-10-18 09:45:01.537,
3375,61,10,61,9,200000.0,,1,3900,2023-10-18 11:30:28.390,
3376,187,3,187,13,600000.0,,1,3900,2023-10-18 11:41:11.483,
3377,4,14,4,13,500000.0,,1,3322,2023-10-18 14:12:20.387,
3378,4,14,4,9,100000.0,,1,3322,2023-10-18 14:13:19.940,
3379,111,14,111,8,50000.0,,1,3322,2023-10-18 15:17:47.570,
3380,34,14,34,1,200000.0,,1,7312,2023-10-18 16:19:41.907,
3381,34,14,34,3,20000.0,,1,7312,2023-10-18 16:47:15.573,
3382,65,14,65,7,600000.0,budget movement request due to negative balance,1,1196,2023-10-18 18:07:18.703,
3383,130,14,130,7,800000.0,,1,1196,2023-10-18 18:16:12.807,
3384,34,1,34,13,150000.0,,1,3322,2023-10-19 09:27:31.073,
3385,34,10,34,13,100000.0,,1,3322,2023-10-19 09:27:52.597,
3386,47,14,47,5,72000.0,,1,5660,2023-10-19 11:55:55.207,
3387,21,9,21,7,500000.0,Please Proceed,1,1567,2023-10-19 13:47:09.723,
3388,34,14,34,9,50000.0,,1,3322,2023-10-19 15:23:14.850,
3389,9,2,9,13,26380.0,,1,7130,2023-10-19 17:21:06.240,
3390,128,2,128,13,3913.0,,1,7130,2023-10-19 17:21:49.410,
3391,112,14,112,7,10000.0,,1,5631,2023-10-19 18:08:43.237,
3392,181,10,181,9,90000.0,,1,3900,2023-10-20 11:58:50.643,
3393,111,10,111,13,100000.0,Budget transfer for activity relevant GL,1,2718,2023-10-20 12:21:34.017,
3394,159,13,159,8,50000.0,,1,3322,2023-10-20 12:46:45.920,
3395,164,7,164,234,40000.0,,1,812,2023-10-20 18:18:22.293,
3396,156,5,156,7,200000.0,,1,8617,2023-10-21 22:26:22.637,
3397,65,10,65,4,500000.0,budget movement request due to negative balance,1,1196,2023-10-23 00:16:38.583,
3398,130,10,130,4,400000.0,budget movement request due to negative balance,1,1196,2023-10-23 00:17:17.600,
3399,3,2,3,7,200000.0,,1,2755,2023-10-23 11:31:42.883,
3400,3,13,3,3,150000.0,,1,2755,2023-10-23 11:40:23.660,
3401,156,14,156,3,200000.0,,1,8617,2023-10-23 12:15:10.093,
3402,28,2,28,7,1470942.0,,1,5618,2023-10-23 12:22:11.417,
3403,62,234,62,7,93035.0,,1,7312,2023-10-23 12:33:40.083,
3404,62,2,62,7,64466.0,,1,7312,2023-10-23 12:34:09.300,
3405,62,5,62,7,43785.0,,1,7312,2023-10-23 12:34:41.530,
3406,34,14,34,13,150000.0,,1,7312,2023-10-23 13:02:43.097,
3407,35,2,35,8,50000.0,,1,7312,2023-10-23 13:04:59.137,
3408,62,10,62,9,82478.0,,1,7312,2023-10-23 13:23:10.037,
3409,35,234,35,9,200000.0,,1,7312,2023-10-23 13:24:50.217,
3410,34,234,34,9,50000.0,,1,7312,2023-10-23 13:27:14.190,
3411,35,234,35,8,20000.0,,1,7312,2023-10-23 13:29:11.153,
3412,62,9,62,8,50000.0,,1,7312,2023-10-23 13:42:54.877,
3413,62,7,62,13,30000.0,,1,7312,2023-10-23 13:48:42.033,
3414,62,7,62,9,10000.0,,1,7312,2023-10-23 13:50:37.820,
3415,62,7,62,13,30000.0,,1,7312,2023-10-23 13:51:52.037,
3416,62,7,62,10,50000.0,,1,7312,2023-10-23 13:53:29.297,
3417,62,7,62,10,10000.0,,1,7312,2023-10-23 13:54:34.987,
3418,13,9,13,8,10000.0,,1,2755,2023-10-23 15:39:15.407,
3419,21,13,21,7,100000.0,,1,3322,2023-10-23 16:53:58.150,
3420,4,14,4,7,100000.0,,1,3322,2023-10-23 17:07:03.790,
3421,22,13,22,8,200000.0,,1,3322,2023-10-23 17:28:23.690,
3422,21,14,21,7,100000.0,,1,3322,2023-10-23 18:37:49.727,
3423,114,1,114,13,48000.0,,1,2755,2023-10-24 11:57:20.717,
3424,3,3,3,13,100000.0,,1,2755,2023-10-24 12:10:43.250,
3425,3,10,3,9,50000.0,,1,2755,2023-10-24 12:14:07.987,
3426,4,14,4,13,100000.0,,1,3322,2023-10-24 12:36:34.873,
3427,21,14,21,13,100000.0,,1,3322,2023-10-24 12:36:45.393,
3428,21,14,21,13,200000.0,,1,3322,2023-10-24 12:40:30.140,
3429,156,14,156,8,100000.0,,1,3322,2023-10-24 12:58:03.593,
3430,50,7,50,13,130000.0,,1,3322,2023-10-24 14:57:45.593,
3431,4,14,4,13,200000.0,,1,3322,2023-10-24 15:35:10.187,
3432,21,14,21,7,300000.0,,1,3322,2023-10-24 15:38:09.823,
3433,21,14,21,7,200000.0,,1,3322,2023-10-24 15:38:39.537,
3434,4,10,4,8,100000.0,,1,3322,2023-10-24 15:41:43.800,
3435,151,14,151,7,100000.0,,1,3322,2023-10-24 16:03:10.930,
3436,150,13,150,7,200000.0,,1,3322,2023-10-24 16:03:53.390,
3437,150,13,150,7,50000.0,,1,3322,2023-10-24 16:04:34.713,
3438,150,10,150,7,200000.0,,1,3322,2023-10-24 16:05:57.923,
3439,4,10,4,8,500000.0,,1,3322,2023-10-24 16:12:21.500,
3440,9,2,9,7,145363.0,,1,7130,2023-10-24 17:16:53.733,
3441,9,3,9,7,87393.0,,1,7130,2023-10-24 17:17:20.233,
3442,9,5,9,13,122617.0,,1,7130,2023-10-24 17:21:03.087,
3443,38,14,38,13,484496.0,,1,7130,2023-10-24 17:22:18.567,
3444,53,14,53,13,100000.0,,1,7130,2023-10-24 18:26:08.667,
3445,215,7,215,9,50000.0,,1,3358,2023-10-25 11:09:37.557,
3446,215,7,215,10,156500.0,,1,3358,2023-10-25 11:13:34.930,
3447,156,5,156,7,300000.0,,1,8617,2023-10-25 13:01:26.723,
3448,28,14,28,13,230000.0,,1,5618,2023-10-25 15:16:23.470,
3449,35,14,35,8,245291.0,,1,7312,2023-10-25 17:01:42.313,
3450,35,7,35,8,100000.0,,1,7312,2023-10-25 17:05:37.667,
3451,13,13,13,3,200000.0,,1,5620,2023-10-25 17:34:25.230,
3452,35,234,35,3,55000.0,,1,7312,2023-10-25 19:05:15.547,
3453,35,234,35,3,50000.0,,1,7312,2023-10-25 19:10:59.823,
3454,187,2,187,1,203000.0,,1,3900,2023-10-26 11:00:04.367,
3455,35,8,35,13,100000.0,,1,8858,2023-10-26 11:41:12.600,
3456,13,2,13,10,150000.0,,1,2755,2023-10-26 11:41:34.847,
3457,21,10,21,8,500000.0,,1,3322,2023-10-26 11:43:19.403,
3458,186,2,186,13,200000.0,,1,2887,2023-10-26 11:53:49.133,
3459,186,2,186,7,200000.0,,1,2887,2023-10-26 12:00:02.110,
3460,215,7,9,7,2500000.0,,1,1998,2023-10-26 12:40:27.280,
3461,148,9,148,7,85500.0,,1,5356,2023-10-26 15:11:09.110,
3462,148,9,148,7,85500.0,,1,5356,2023-10-26 15:12:03.907,
3463,148,7,148,9,85500.0,,1,5356,2023-10-26 15:16:24.423,
3464,116,13,116,14,500000.0,,1,8803,2023-10-26 16:12:30.293,
3465,12,15,161,14,500000.0,,1,8803,2023-10-26 16:20:49.203,
3466,65,2,65,13,255000.0,budget movement request due to negative balance,1,1196,2023-10-26 23:46:05.117,
3467,111,10,111,13,200000.0,Budget transfer for activity relevant GL,1,2718,2023-10-27 00:12:03.643,
3468,34,8,34,14,22000.0,,1,7312,2023-10-27 10:30:39.197,
3469,49,7,49,9,100000.0,,1,1912,2023-10-27 12:29:30.033,
3470,4,10,4,13,500000.0,,1,3322,2023-10-27 13:50:36.963,
3471,21,10,21,13,500000.0,,1,3322,2023-10-27 13:50:46.790,
3472,22,10,22,7,500000.0,,1,3322,2023-10-27 13:58:57.803,
3473,22,10,22,8,500000.0,,1,3322,2023-10-27 14:08:20.093,
3474,21,10,21,13,500000.0,,1,3322,2023-10-27 14:14:10.893,
3475,130,7,130,4,1000.0,,1,8802,2023-10-27 15:04:15.187,
3476,163,2,163,1,15000.0,,1,4144,2023-10-27 16:09:30.523,
3477,35,234,35,13,60000.0,,1,7312,2023-10-27 16:27:28.120,
3478,159,14,159,9,100000.0,,1,3322,2023-10-27 16:49:15.767,
3479,16,14,16,2,85000.0,,1,1976,2023-10-27 17:20:36.420,
3480,112,13,112,7,600000.0,,1,5631,2023-10-27 18:04:19.540,
3481,50,8,50,10,26370.0,,1,5631,2023-10-30 10:15:43.730,
3482,50,8,50,10,26370.0,,1,5631,2023-10-30 10:17:13.247,
3483,13,13,13,6,30000.0,,1,5620,2023-10-30 10:19:05.350,
3484,13,13,13,6,70000.0,,1,5620,2023-10-30 10:19:50.497,
3485,13,13,13,6,2000.0,,1,5620,2023-10-30 10:20:22.830,
3486,21,9,21,7,400000.0,,1,7362,2023-10-30 11:02:55.237,
3487,21,10,21,7,200000.0,,1,7362,2023-10-30 11:03:26.433,
3488,47,14,47,9,95065.0,,1,5660,2023-10-30 11:04:49.633,
3489,21,13,21,7,500000.0,,1,7362,2023-10-30 11:08:32.447,
3490,22,10,149,7,1000000.0,Budget transfer request for activities,1,5191,2025-01-15 15:05:11.690,
3491,21,7,21,14,284440.0,,1,7362,2023-10-30 11:17:18.470,
3492,4,10,4,3,200000.0,,1,7362,2023-10-30 11:42:59.367,
3493,111,10,111,7,100000.0,Budget transfer for activity relevant GL,1,2718,2023-10-30 16:05:26.837,
3494,34,4,34,6,16000.0,,1,7312,2023-10-30 16:32:41.740,
3495,35,3,35,13,33000.0,,1,7312,2023-10-30 16:34:19.980,
3496,35,4,35,13,9400.0,,1,7312,2023-10-30 16:35:30.637,
3497,35,234,35,13,1050.0,,1,7312,2023-10-30 16:44:18.367,
3498,61,234,61,10,10413.0,,1,3900,2023-10-30 16:44:41.963,
3499,187,234,187,13,110530.0,,1,3900,2023-10-30 16:45:12.857,
3500,186,1,186,13,5000.0,,1,2887,2023-10-30 16:45:34.880,
3501,181,234,181,9,1320.0,,1,3900,2023-10-30 16:45:37.207,
3502,182,234,182,10,94269.0,,1,3900,2023-10-30 16:46:08.827,
3503,180,234,180,10,103469.0,,1,3900,2023-10-30 16:46:29.583,
3504,183,234,183,10,160045.0,,1,3900,2023-10-30 16:46:55.120,
3505,22,14,22,7,2500000.0,,1,3852,2023-10-30 16:53:46.597,
3506,9,7,9,13,500000.0,,1,7130,2023-10-30 21:28:44.583,
3507,28,4,28,7,1000000.0,,1,5618,2023-10-30 23:31:55.463,
3508,130,1,130,3,136000.0,Please process,1,8802,2023-10-31 10:58:39.897,
3509,49,7,49,9,50000.0,,1,1912,2023-10-31 12:20:26.440,
3510,65,13,65,8,120000.0,,1,3322,2023-10-31 12:32:27.503,
3511,65,7,65,8,200000.0,,1,3322,2023-10-31 12:41:03.310,
3512,49,7,49,9,100000.0,,1,1912,2023-10-31 13:02:30.403,
3513,96,7,96,9,25000.0,,1,1912,2023-10-31 13:30:37.397,
3514,96,7,96,9,25000.0,,1,1912,2023-10-31 13:31:48.410,
3515,51,6,51,7,642407.0,,1,546,2023-10-31 14:43:07.180,
3516,51,10,51,9,670000.0,,1,546,2023-10-31 14:44:29.407,
3517,51,10,51,13,400000.0,,1,546,2023-10-31 14:45:39.880,
3518,34,2,34,13,185000.0,,1,7312,2023-10-31 15:48:09.487,
3519,130,10,65,13,400000.0,,1,2060,2023-10-31 15:51:28.407,
3520,130,10,65,13,400000.0,,1,2060,2023-10-31 15:53:45.480,
3521,65,8,65,13,200000.0,,1,2060,2023-10-31 15:56:52.520,
3522,1,14,1,9,500000.0,,1,8803,2023-10-31 16:19:39.757,
3523,116,13,116,9,500000.0,,1,8803,2023-10-31 16:22:11.777,
3524,161,13,161,9,400000.0,,1,8803,2023-10-31 16:24:36.260,
3525,55,14,55,13,500000.0,,1,8803,2023-10-31 16:35:45.373,
3526,156,4,156,7,200000.0,,1,8617,2023-10-31 17:14:24.297,
3527,156,9,156,7,200000.0,,1,8617,2023-10-31 17:14:41.293,
3528,112,4,112,3,226000.0,,1,5631,2023-10-31 17:17:16.777,
3529,112,234,112,3,138000.0,,1,5631,2023-10-31 17:18:15.210,
3530,27,7,27,2,50000.0,,1,5611,2023-10-31 17:19:56.160,
3531,164,13,164,3,500000.0,,1,5461,2023-10-31 17:28:13.793,
3532,164,3,164,2,250000.0,,1,5461,2023-10-31 17:32:20.193,
3533,21,10,21,13,200000.0,,1,3322,2023-10-31 17:51:54.650,
3534,174,234,174,1,17000.0,,1,7312,2023-11-01 10:09:28.757,
3535,156,4,156,3,400000.0,,1,8617,2023-11-01 10:31:05.543,
3536,22,10,22,8,200000.0,,1,3322,2023-11-01 11:22:29.960,
3537,102,10,102,8,200000.0,,1,3322,2023-11-01 11:22:41.310,
3538,21,14,21,7,500000.0,,1,3322,2023-11-01 11:43:56.870,
3539,158,14,65,7,800000.0,budget movement request due to negative balance,1,1196,2023-11-01 12:18:38.593,
3540,21,14,21,7,340000.0,Please Proceed,1,1567,2023-11-01 18:40:14.267,
3541,21,4,21,7,50000.0,Please Proceed,1,1567,2023-11-01 18:40:33.840,
3542,142,10,142,7,200000.0,,1,2887,2023-11-02 00:55:43.157,
3543,142,10,142,9,200000.0,,1,2887,2023-11-02 00:56:03.833,
3544,142,234,142,8,150000.0,,1,2887,2023-11-02 00:56:23.290,
3545,21,7,21,9,60000.0,Please Proceed,1,1567,2023-11-02 09:33:21.317,
3546,21,7,21,13,450000.0,Please Proceed,1,1567,2023-11-02 09:40:53.220,
3547,21,14,21,7,600000.0,,1,3322,2023-11-02 14:56:28.163,
3548,4,13,4,9,100000.0,,1,3322,2023-11-02 14:58:28.540,
3549,4,13,4,9,50000.0,,1,3322,2023-11-02 14:58:53.407,
3550,21,14,21,7,150000.0,,1,7362,2023-11-02 16:14:44.440,
3551,159,3,159,14,50000.0,,1,8620,2023-11-02 17:51:32.840,
3552,159,3,159,14,2000.0,,1,8620,2023-11-02 18:05:09.493,
3553,181,3,181,9,140000.0,,1,3900,2023-11-03 09:55:16.170,
3554,128,8,128,1,84753.0,,1,7130,2023-11-03 10:50:44.737,
3555,128,8,128,1,100.0,,1,7130,2023-11-03 10:51:15.447,
3556,21,14,21,7,125000.0,,1,1567,2023-11-03 10:53:32.717,
3557,21,14,21,7,100000.0,,1,1567,2023-11-03 10:55:10.913,
3558,21,13,21,7,150000.0,,1,1567,2023-11-03 10:58:53.810,
3559,21,14,21,7,125000.0,,1,7362,2023-11-03 11:00:33.387,
3560,21,14,21,7,125000.0,,1,7362,2023-11-03 11:02:21.890,
3561,21,14,21,7,200000.0,,1,3322,2023-11-03 11:15:37.927,
3562,108,14,108,13,100000.0,,1,3322,2023-11-03 11:22:31.840,
3563,108,1,108,13,180000.0,,1,3322,2023-11-03 11:24:45.493,
3564,21,14,21,8,300000.0,,1,3322,2023-11-03 11:25:01.207,
3565,47,10,47,13,100000.0,,1,3322,2023-11-03 12:29:56.830,
3566,11,2,11,9,100000.0,,1,4144,2023-11-03 12:45:26.080,
3567,2,14,2,2,200000.0,,1,5660,2023-11-03 15:12:10.093,
3568,9,7,9,1,143944.0,,1,7130,2023-11-03 15:43:48.317,
3569,47,10,47,9,170000.0,,1,3322,2023-11-03 15:51:20.203,
3570,9,7,9,3,27820.0,,1,7130,2023-11-03 17:00:44.087,
3571,13,9,13,199,62000.0,,1,2755,2023-11-03 18:04:41.640,
3572,146,10,146,7,200000.0,,1,3322,2023-11-03 18:13:29.193,
3573,186,14,186,13,300000.0,,1,3322,2023-11-03 18:17:48.057,
3574,13,10,44,199,62000.0,,1,2755,2023-11-03 18:34:28.230,
3575,108,14,108,13,60000.0,,1,3322,2023-11-03 18:25:49.017,
3576,108,5,108,13,40000.0,,1,3322,2023-11-03 18:26:22.333,
3577,13,9,44,199,63000.0,,1,2755,2023-11-03 18:35:35.790,
3578,47,6,47,3,157000.0,,1,5631,2023-11-05 20:18:32.790,
3579,3,9,3,3,195000.0,,1,5620,2023-11-06 08:53:13.653,
3580,156,5,156,9,200000.0,,1,8617,2023-11-06 11:28:12.880,
3581,151,3,151,9,100000.0,,1,8617,2023-11-06 11:29:49.807,
3582,60,3,60,10,12500.0,,1,2338,2023-11-06 12:21:56.733,
3583,49,7,49,9,100000.0,,1,1912,2023-11-06 15:40:37.647,
3584,49,7,49,9,100000.0,,1,1912,2023-11-06 15:40:38.280,
3585,21,8,21,7,340000.0,Please Proceed,1,7362,2023-11-06 17:20:57.330,
3586,21,14,21,13,200000.0,,1,3322,2023-11-07 10:24:57.960,
3587,21,14,21,7,500000.0,,1,3322,2023-11-07 10:30:21.367,
3588,22,14,22,7,500000.0,,1,3322,2023-11-07 10:30:42.977,
3589,22,14,22,7,500000.0,,1,3322,2023-11-07 10:30:57.370,
3590,22,14,22,7,1000000.0,,1,3322,2023-11-07 10:33:44.170,
3591,181,7,181,9,300000.0,,1,3900,2023-11-07 10:41:57.493,
3592,111,10,111,7,360000.0,Budget transfer for activity relevant GL,1,2718,2023-11-07 10:43:09.613,
3593,111,13,111,7,50000.0,Budget transfer for activity relevant GL,1,2718,2023-11-07 10:44:01.583,
3594,158,2,158,14,200000.0,budget movement request due to negative balance,1,1196,2023-11-07 11:57:59.393,
3595,61,1,61,13,17000.0,,1,3900,2023-11-07 13:45:47.810,
3596,61,14,61,13,24600.0,,1,3900,2023-11-07 13:46:12.410,
3597,61,9,61,13,26000.0,,1,3900,2023-11-07 13:46:40.797,
3598,61,10,61,13,48750.0,,1,3900,2023-11-07 13:46:59.413,
3599,61,2,61,9,237000.0,,1,3900,2023-11-07 14:02:28.127,
3600,21,4,21,7,4000.0,Please Proceed,1,1567,2023-11-07 14:03:18.317,
3601,21,5,21,7,35000.0,Please Proceed,1,1567,2023-11-07 14:03:44.973,
3602,21,9,21,7,194000.0,Please Proceed,1,1567,2023-11-07 14:04:15.630,
3603,187,10,187,13,400000.0,,1,3900,2023-11-07 14:22:16.720,
3604,127,2,127,9,14000.0,,1,7312,2023-11-07 15:07:57.963,
3605,9,7,9,9,76880.0,,1,7130,2023-11-08 12:01:47.170,
3606,186,3,186,13,200000.0,,1,2887,2023-11-08 12:05:42.570,
3607,115,14,115,9,58830.0,,1,7130,2023-11-08 12:06:19.337,
3608,9,7,9,9,5050.0,,1,7130,2023-11-08 12:08:07.983,
3609,53,14,53,9,67800.0,,1,7130,2023-11-08 12:11:19.217,
3610,38,7,38,14,1000.0,,1,7130,2023-11-08 12:14:16.140,
3611,38,14,38,9,1000.0,,1,7130,2023-11-08 12:15:52.883,
3612,128,2,128,13,10220.0,,1,7130,2023-11-08 12:21:28.660,
3613,53,14,53,13,10220.0,,1,7130,2023-11-08 12:21:52.227,
3614,37,14,37,7,20000.0,,1,3322,2023-11-08 12:37:22.400,
3615,186,2,186,7,250000.0,,1,3322,2023-11-08 12:39:31.147,
3616,52,14,52,4,12501.0,,1,3358,2023-11-08 17:09:39.213,
3617,163,14,163,4,12501.0,,1,3358,2023-11-08 17:10:15.817,
3618,128,8,128,4,12501.0,,1,7130,2023-11-08 17:15:39.247,
3619,9,7,9,4,7667.0,,1,7130,2023-11-08 17:17:12.090,
3620,128,8,128,4,1250.0,,1,7130,2023-11-08 17:17:44.337,
3621,52,14,52,4,1300.0,,1,3358,2023-11-08 17:36:30.737,
3622,163,14,163,4,1300.0,,1,3358,2023-11-08 17:36:44.707,
3623,9,7,9,10,100000.0,internal budget transfer,1,7363,2023-11-08 17:59:08.040,
3624,158,14,158,7,80000.0,budget movement request due to negative balance,1,1196,2023-11-08 18:14:11.700,
3625,22,10,22,7,1200000.0,Please Proceed,1,2073,2023-11-09 08:14:34.773,
3626,22,9,119,7,600000.0,Please Proceed,1,2073,2023-11-09 08:33:58.607,
3627,22,234,119,7,400000.0,Please Proceed,1,2073,2023-11-09 08:34:50.070,
3628,130,1,130,7,12000.0,Please process,1,8802,2023-11-10 09:57:05.760,
3629,51,234,51,7,315297.0,,1,546,2023-11-10 12:30:58.127,
3630,38,13,38,10,40000.0,,1,7363,2023-11-10 15:08:12.733,
3631,115,14,115,10,30000.0,,1,7363,2023-11-10 15:08:49.993,
3632,41,234,41,7,400000.0,,1,8859,2023-11-10 16:21:56.990,
3633,156,3,156,7,100000.0,,1,8617,2023-11-10 16:38:53.923,
3634,164,8,164,3,500000.0,,1,5461,2023-11-10 17:55:05.820,
3635,53,14,53,10,50000.0,,1,7130,2023-11-10 18:00:46.030,
3636,174,234,174,9,32000.0,,1,7312,2023-11-10 18:42:46.450,
3637,191,9,191,2,60000.0,,1,5620,2023-11-10 18:48:43.737,
3638,130,10,130,3,100000.0,Please process,1,8802,2023-11-12 18:47:45.987,
3639,146,9,146,3,395115.0,,1,7411,2023-11-13 10:20:16.700,
3640,49,7,49,3,200000.0,,1,1912,2023-11-13 10:54:53.213,
3641,157,14,157,3,100000.0,Please Process,1,8802,2023-11-13 13:31:36.870,
3642,187,234,187,13,24680.0,,1,3900,2023-11-13 13:59:00.450,
3643,187,1,187,13,106345.0,,1,3900,2023-11-13 13:59:32.437,
3644,187,14,187,13,20614.0,,1,3900,2023-11-13 14:00:01.573,
3645,187,10,187,13,20388.0,,1,3900,2023-11-13 14:00:27.213,
3646,187,3,187,13,67808.0,,1,3900,2023-11-13 14:01:05.673,
3647,187,7,187,13,821378.0,,1,3900,2023-11-13 14:01:42.320,
3648,16,8,16,7,200000.0,,1,546,2023-11-13 14:07:39.077,
3649,16,8,16,7,100000.0,,1,546,2023-11-13 14:09:09.527,
3650,16,14,16,7,600000.0,,1,546,2023-11-13 14:10:16.507,
3651,183,1,183,13,18775.0,,1,3900,2023-11-13 14:11:29.963,
3652,183,2,183,13,122446.0,,1,3900,2023-11-13 14:12:19.893,
3653,183,14,183,13,345440.0,,1,3900,2023-11-13 14:14:12.983,
3654,183,10,183,13,355915.0,,1,3900,2023-11-13 14:15:31.427,
3655,183,3,183,13,249870.0,,1,3900,2023-11-13 14:16:27.073,
3656,41,14,41,9,300000.0,,1,3043,2023-11-13 16:18:47.560,
3657,24,234,24,9,300000.0,,1,7413,2023-11-13 16:21:49.623,
3658,158,1,158,7,300000.0,budget movement request due to negative balance,1,1196,2023-11-13 16:48:27.897,
3659,111,4,111,7,200000.0,Budget transfer for activity relevant GL,1,2718,2023-11-14 09:39:01.973,
3660,111,14,111,7,150000.0,Budget transfer for activity relevant GL,1,2718,2023-11-14 09:39:19.787,
3661,52,14,52,10,50000.0,,1,3358,2023-11-14 10:05:06.643,
3662,183,13,183,10,200000.0,,1,3322,2023-11-14 10:08:21.493,
3663,156,1,156,3,100000.0,,1,8617,2023-11-14 10:11:57.403,
3664,187,13,187,9,200000.0,,1,3322,2023-11-14 10:19:36.063,
3665,156,1,156,7,100000.0,,1,8617,2023-11-14 10:20:55.070,
3666,151,10,151,7,120000.0,,1,8617,2023-11-14 10:21:44.750,
3667,151,3,151,7,60000.0,,1,8617,2023-11-14 10:22:39.230,
3668,111,4,111,8,140000.0,,1,8617,2023-11-14 10:30:38.513,
3669,158,3,158,8,200000.0,budget movement request due to negative balance,1,1196,2023-11-14 10:41:43.363,
3670,111,1,111,8,50000.0,,1,8617,2023-11-14 10:55:15.930,
3671,150,4,150,13,200000.0,,1,3852,2023-11-14 11:26:29.250,
3672,150,10,150,8,300000.0,,1,3852,2023-11-14 11:26:55.450,
3673,111,234,111,13,50000.0,Budget transfer for activity relevant GL,1,2718,2023-11-14 11:27:43.923,
3674,156,234,156,13,100000.0,Budget transfer for activity relevant GL,1,2718,2023-11-14 11:28:15.763,
3675,41,1,41,13,100000.0,Budget transfer for activity relevant GL,1,8859,2023-11-14 11:30:38.940,
3676,41,1,41,13,50000.0,Budget transfer for activity relevant GL,1,8859,2023-11-14 11:36:28.290,
3677,111,14,111,7,300000.0,Budget transfer for activity relevant GL,1,2718,2023-11-14 12:39:40.967,
3678,111,4,111,7,100000.0,Budget transfer for activity relevant GL,1,2718,2023-11-14 12:40:45.190,
3679,51,10,51,7,500000.0,,1,546,2023-11-14 12:57:20.183,
3680,157,14,157,8,200000.0,,1,3322,2023-11-14 16:46:25.720,
3681,65,7,65,8,100000.0,,1,3322,2023-11-14 16:48:02.467,
3682,65,7,65,8,100000.0,,1,3322,2023-11-14 16:48:44.230,
3683,41,234,41,13,50000.0,,1,8620,2023-11-14 16:56:06.347,
3684,157,14,157,9,200000.0,,1,3322,2023-11-14 17:10:01.287,
3685,65,2,65,13,194000.0,,1,3322,2023-11-14 17:13:42.697,
3686,157,1,157,10,100000.0,,1,3322,2023-11-14 17:18:42.333,
3687,65,14,65,9,100000.0,,1,3322,2023-11-14 17:23:54.307,
3688,65,13,65,4,5000.0,,1,3322,2023-11-14 17:29:17.713,
3689,49,7,49,3,100000.0,,1,1912,2023-11-14 18:09:54.350,
3690,41,14,41,3,200000.0,,1,8859,2023-11-14 18:30:05.260,
3691,112,10,112,7,270000.0,,1,5631,2023-11-14 19:07:04.967,
3692,159,3,159,13,20000.0,,1,8620,2023-11-14 19:29:34.507,
3693,152,14,152,7,200000.0,,1,5618,2023-11-15 12:30:31.620,
3694,3,13,3,8,200000.0,,1,3322,2023-11-15 19:21:30.280,
3695,49,7,49,3,100000.0,,1,1912,2023-11-16 09:55:33.010,
3696,49,7,49,3,200000.0,,1,1912,2023-11-16 09:56:39.513,
3697,181,9,181,7,200000.0,,1,3900,2023-11-16 11:15:27.850,
3698,178,14,178,3,135000.0,,1,5660,2023-11-16 11:38:29.117,
3699,2,10,2,3,213000.0,,1,5660,2023-11-16 11:52:22.040,
3700,153,14,153,8,500000.0,,1,7413,2023-11-16 12:41:47.690,
3701,153,14,153,8,500000.0,,1,7413,2023-11-16 12:43:05.453,
3702,156,10,156,3,185000.0,,1,8617,2023-11-16 12:58:53.333,
3703,157,14,157,3,200000.0,Please Process,1,8802,2023-11-16 13:57:38.030,
3704,11,14,11,7,350000.0,,1,4144,2023-11-16 15:42:51.313,
3705,163,3,163,13,100000.0,,1,4144,2023-11-16 16:19:28.190,
3706,64,234,64,8,120000.0,,1,2887,2023-11-16 16:33:49.867,
3707,64,4,64,8,70000.0,,1,2887,2023-11-16 16:34:12.243,
3708,11,13,11,10,200000.0,,1,3322,2023-11-16 18:28:13.860,
3709,38,13,38,10,114718.0,,1,7130,2023-11-16 18:29:33.120,
3710,38,7,38,10,68758.0,,1,7130,2023-11-16 18:30:06.507,
3711,9,7,9,10,65000.0,,1,7130,2023-11-16 18:32:20.547,
3712,53,14,53,10,40000.0,,1,7130,2023-11-16 18:32:36.207,
3713,22,14,22,7,700000.0,,1,3322,2023-11-16 19:10:50.177,
3714,22,14,22,8,300000.0,,1,3322,2023-11-16 19:13:32.247,
3715,50,5,50,14,2000.0,,1,5660,2023-11-17 11:09:26.810,
3716,9,7,53,13,36000.0,,1,7363,2023-11-17 12:43:12.307,
3717,16,10,16,7,800000.0,,1,546,2023-11-17 16:06:04.640,
3718,51,10,51,7,400000.0,,1,546,2023-11-17 16:07:24.393,
3719,28,10,28,13,300000.0,,1,5618,2023-11-17 16:36:18.810,
3720,28,10,28,13,300000.0,,1,5618,2023-11-17 16:36:24.503,
3721,103,234,215,234,33181.0,,1,7308,2023-11-17 16:41:46.337,
3722,20,234,215,234,77795.0,,1,7308,2023-11-17 16:42:07.370,
3723,143,234,215,234,26590.0,,1,7308,2023-11-17 16:42:32.797,
3724,52,234,215,234,4745.0,,1,3358,2023-11-17 16:43:35.503,
3725,162,234,215,234,23000.0,,1,3358,2023-11-17 16:43:51.977,
3726,11,234,215,234,75375.0,,1,4144,2023-11-17 16:45:20.087,
3727,163,234,215,234,43300.0,,1,4144,2023-11-17 16:45:53.150,
3728,29,234,215,234,156945.0,,1,4144,2023-11-17 16:47:15.910,
3729,215,234,215,7,577595.0,,1,4144,2023-11-17 16:59:29.497,
3730,128,8,128,13,36037.0,,1,7130,2023-11-17 17:40:06.427,
3731,53,10,53,13,36000.0,,1,7363,2023-11-17 17:50:08.340,
3732,115,14,115,9,50000.0,,1,7363,2023-11-17 17:58:47.743,
3733,171,2,171,9,80000.0,,1,7363,2023-11-17 17:59:14.327,
3734,176,14,176,9,50000.0,,1,7363,2023-11-17 18:01:35.393,
3735,53,14,53,9,80000.0,,1,7363,2023-11-17 18:05:32.813,
3736,65,1,65,7,50000.0,budget movement request due to negative balance,1,1196,2023-11-17 18:22:28.553,
3737,158,10,158,9,200000.0,,1,3322,2023-11-17 18:50:08.187,
3738,65,1,65,7,40000.0,budget movement request due to negative balance,1,1196,2023-11-20 01:45:56.777,
3739,158,2,65,7,352000.0,budget movement request due to negative balance,1,1196,2023-11-20 01:47:21.750,
3740,22,10,22,7,200000.0,,1,3322,2023-11-20 17:20:24.593,
3741,64,10,64,3,55000.0,,1,2887,2023-11-21 00:01:11.270,
3742,92,14,92,9,30000.0,,1,5660,2023-11-21 05:45:31.370,
3743,112,10,112,3,54000.0,,1,5631,2023-11-21 08:24:58.460,
3744,112,10,112,3,360000.0,,1,5631,2023-11-21 08:27:11.413,
3745,112,10,112,3,360000.0,,1,5631,2023-11-21 08:27:34.497,
3746,112,14,112,3,180000.0,,1,5631,2023-11-21 08:36:19.203,
3747,13,2,13,10,400000.0,,1,2755,2023-11-21 10:16:16.970,
3748,41,10,41,7,500000.0,Internal budget transfer,1,8859,2023-11-21 11:05:21.903,
3749,41,14,41,7,200000.0,Internal budget transfer,1,8859,2023-11-21 11:08:04.337,
3750,22,14,22,8,300000.0,,1,3322,2023-11-21 15:10:42.557,
3751,22,14,22,7,300000.0,,1,3322,2023-11-21 15:31:46.997,
3752,22,9,22,7,300000.0,,1,3852,2023-11-21 17:15:37.903,
3753,22,14,22,7,200000.0,,1,3322,2023-11-22 09:13:52.743,
3754,12,14,12,9,500000.0,,1,8803,2023-11-22 09:37:03.487,
3755,12,14,12,13,500000.0,,1,8803,2023-11-22 09:38:09.417,
3756,55,14,55,9,500000.0,,1,8803,2023-11-22 09:39:23.397,
3757,102,10,102,7,1800000.0,,1,3852,2023-11-22 12:32:03.190,
3758,102,14,102,7,1000000.0,,1,3852,2023-11-22 12:32:35.930,
3759,92,14,92,7,12000.0,,1,5660,2023-11-22 14:16:03.253,
3760,142,194,61,194,1102000.0,,1,2054,2023-11-22 16:21:52.563,
3761,37,194,61,194,546000.0,,1,2054,2023-11-22 16:23:08.737,
3762,13,194,61,194,466000.0,,1,2054,2023-11-22 16:23:38.830,
3763,15,194,61,194,384000.0,,1,2054,2023-11-22 16:25:18.267,
3764,15,194,61,194,386000.0,,1,2054,2023-11-22 16:26:35.213,
3765,24,14,24,7,1000000.0,,1,7413,2023-11-22 23:31:06.613,
3766,24,14,24,5,50000.0,,1,7413,2023-11-22 23:44:33.053,
3767,153,14,153,5,85000.0,,1,7413,2023-11-22 23:45:31.913,
3768,49,14,49,5,130000.0,,1,7413,2023-11-22 23:46:24.067,
3769,53,14,53,13,100000.0,,1,3322,2023-11-23 10:31:29.593,
3770,53,14,53,13,100000.0,budget transfer interna;,1,7363,2023-11-23 10:40:12.207,
3771,61,194,61,7,2526359.0,,1,3900,2023-11-23 12:13:00.620,
3772,187,194,187,7,57526.0,,1,3900,2023-11-23 12:13:36.683,
3773,181,194,181,7,136208.0,,1,3900,2023-11-23 12:14:04.327,
3774,180,194,180,7,54101.0,,1,3900,2023-11-23 12:14:34.197,
3775,183,194,183,7,83683.0,,1,3900,2023-11-23 12:14:53.903,
3776,41,14,41,13,20000.0,,1,8620,2023-11-23 12:24:23.783,
3777,49,7,49,9,100000.0,,1,1912,2023-11-23 14:14:58.047,
3778,92,9,92,7,5000.0,,1,5660,2023-11-23 15:57:25.357,
3779,113,10,113,13,40000.0,,1,8620,2023-11-23 16:46:31.817,
3780,113,8,113,13,40000.0,,1,8620,2023-11-23 16:47:24.110,
3781,113,3,113,13,170000.0,,1,8620,2023-11-23 17:04:04.083,
3782,22,14,22,7,600000.0,,1,3852,2023-11-23 17:29:34.627,
3783,37,2,37,13,136000.0,,1,2887,2023-11-24 11:37:43.677,
3784,37,4,37,9,136000.0,,1,2887,2023-11-24 11:38:33.277,
3785,37,10,37,3,53000.0,,1,2887,2023-11-24 11:39:23.457,
3786,29,10,29,1,100000.0,,1,8620,2023-11-24 16:06:05.787,
3787,41,7,41,14,100000.0,Folders reprint,1,8859,2023-11-24 16:52:42.683,
3788,156,1,156,7,200000.0,,1,8617,2023-11-24 17:00:06.863,
3789,114,14,114,1,40000.0,,1,2755,2023-11-24 19:20:37.783,
3790,157,14,157,8,250000.0,Please process,1,8802,2023-11-24 23:29:55.170,
3791,3,194,174,194,320000.0,,1,2054,2023-11-27 10:42:46.120,
3792,35,194,174,194,102000.0,,1,2054,2023-11-27 10:43:34.400,
3793,15,194,174,194,578000.0,,1,2054,2023-11-27 10:55:16.270,
3794,13,13,13,10,150000.0,,1,2755,2023-11-27 12:05:17.727,
3795,13,13,13,8,55000.0,,1,2755,2023-11-27 12:10:08.763,
3796,2,13,2,14,50000.0,,1,5631,2023-11-27 12:49:27.050,
3797,112,1,112,14,30000.0,,1,5631,2023-11-27 12:51:02.623,
3798,156,1,156,13,110000.0,,1,8617,2023-11-27 15:23:37.513,
3799,156,14,156,13,150000.0,,1,8617,2023-11-27 15:23:52.457,
3800,41,1,104,1,120000.0,Budget transfer for Folder printing relevant GL,1,8859,2023-11-27 15:35:48.557,
3801,2,13,2,3,210000.0,,1,5660,2023-11-27 15:39:31.697,
3802,41,4,113,2,100000.0,Budget transfer for Folder printing different GL,1,8859,2023-11-27 15:53:47.287,
3803,41,4,159,1,100000.0,Budget transfer for Folder printing different GL,1,8859,2023-11-27 15:55:08.620,
3804,156,5,156,6,100000.0,,1,3322,2023-11-27 16:50:40.097,
3805,156,5,156,13,80000.0,,1,3322,2023-11-27 16:52:12.653,
3806,156,14,156,3,180000.0,,1,8617,2023-11-27 17:19:01.480,
3807,113,14,113,1,100000.0,Budget transfer for activity relevant GL,1,8859,2023-11-27 17:35:45.330,
3808,104,14,104,1,150000.0,,1,8859,2023-11-27 17:36:56.360,
3809,159,14,159,1,150000.0,Budget transfer for Folder printing relevant GL,1,8859,2023-11-27 17:38:24.657,
3810,104,14,104,13,200000.0,,1,3322,2023-11-27 17:46:46.957,
3811,13,2,13,1,210000.0,,1,5620,2023-11-27 17:47:13.787,
3812,41,8,41,13,200000.0,,1,3322,2023-11-27 17:47:19.353,
3813,13,2,13,1,10000.0,,1,5620,2023-11-27 17:48:40.757,
3814,64,3,64,8,80000.0,,1,3322,2023-11-27 18:22:59.123,
3815,102,14,102,10,100000.0,,1,3322,2023-11-27 19:07:25.087,
3816,102,3,102,10,300000.0,,1,3322,2023-11-27 19:08:32.850,
3817,2,10,2,13,200000.0,,1,3322,2023-11-28 09:54:52.303,
3818,112,3,112,13,200000.0,,1,3322,2023-11-28 09:55:27.193,
3819,112,3,112,10,200000.0,,1,3322,2023-11-28 09:55:58.373,
3820,28,4,28,6,400000.0,,1,5618,2023-11-28 09:59:59.433,
3821,174,8,174,3,33000.0,,1,7312,2023-11-28 10:13:46.323,
3822,186,1,186,14,100000.0,,1,2887,2023-11-28 10:25:35.770,
3823,34,234,34,3,94000.0,,1,8858,2023-11-28 11:32:08.063,
3824,34,4,34,3,76000.0,,1,8858,2023-11-28 11:32:42.937,
3825,112,13,112,9,150000.0,,1,3322,2023-11-28 11:33:11.647,
3826,35,234,35,3,32000.0,,1,8858,2023-11-28 11:33:28.737,
3827,104,14,104,7,100000.0,,1,8620,2023-11-28 11:56:22.820,
3828,13,9,13,3,100000.0,,1,2755,2023-11-28 12:26:11.317,
3829,186,14,186,7,221000.0,,1,2887,2023-11-28 12:39:06.193,
3830,186,2,186,7,200000.0,,1,2887,2023-11-28 12:39:34.363,
3831,37,234,37,7,100000.0,,1,2887,2023-11-28 12:40:24.527,
3832,37,13,37,7,130000.0,,1,2887,2023-11-28 12:40:49.280,
3833,37,14,37,7,154000.0,,1,2887,2023-11-28 12:41:14.210,
3834,37,1,37,7,68000.0,,1,2887,2023-11-28 12:41:33.520,
3835,37,3,37,7,200000.0,,1,2887,2023-11-28 12:41:54.577,
3836,111,1,111,7,70000.0,Budget transfer for activity relevant GL,1,2718,2023-11-28 13:53:33.040,
3837,111,3,111,7,50000.0,Budget transfer for activity relevant GL,1,2718,2023-11-28 13:57:59.297,
3838,156,14,111,7,400000.0,Team Internal Budget transfer for activity relevant GL,1,2718,2023-11-28 14:04:57.760,
3839,151,13,111,7,350000.0,Internal Team Budget transfer for activity relevant GL,1,2718,2023-11-28 14:06:44.983,
3840,111,7,111,9,30000.0,Budget transfer for activity relevant GL,1,2718,2023-11-28 15:33:13.950,
3841,108,13,108,7,40000.0,,1,812,2023-11-28 15:51:34.543,
3842,108,13,108,7,40000.0,,1,812,2023-11-28 15:54:52.417,
3843,41,4,41,13,425000.0,,1,8620,2023-11-28 16:10:47.020,
3844,111,7,111,13,40000.0,Budget transfer for activity relevant GL,1,2718,2023-11-28 16:32:23.120,
3845,156,7,156,13,20000.0,Budget transfer for activity relevant GL,1,2718,2023-11-28 16:33:57.350,
3846,111,7,111,9,250000.0,Budget transfer for activity relevant GL,1,2718,2023-11-28 16:41:20.730,
3847,53,14,53,9,195160.0,,1,7130,2023-11-28 16:45:31.723,
3848,38,10,38,9,29504.0,,1,7130,2023-11-28 16:46:15.067,
3849,9,7,9,9,200000.0,,1,3322,2023-11-28 17:05:06.620,
3850,38,234,38,9,40000.0,,1,3322,2023-11-28 17:05:48.863,
3851,9,7,9,9,50000.0,,1,3322,2023-11-28 17:07:23.000,
3852,176,3,176,9,150000.0,,1,3322,2023-11-28 17:13:03.827,
3853,115,14,115,10,28000.0,,1,7363,2023-11-28 17:49:51.167,
3854,53,14,53,10,100000.0,,1,7363,2023-11-28 17:51:08.583,
3855,24,14,24,9,200000.0,,1,1912,2023-11-28 18:10:24.030,
3856,153,7,153,9,100000.0,,1,1912,2023-11-28 18:10:44.097,
3857,53,14,53,10,100000.0,,1,7363,2023-11-28 18:19:48.863,
3858,158,3,158,9,200000.0,,1,3322,2023-11-28 18:29:47.077,
3859,153,14,153,7,80000.0,,1,7413,2023-11-28 18:34:15.863,
3860,49,7,49,3,100000.0,,1,1912,2023-11-28 18:44:10.667,
3861,174,194,174,7,700000.0,,1,7312,2023-11-28 19:01:12.933,
3862,64,8,64,7,50000.0,,1,2887,2023-11-29 01:02:15.527,
3863,64,1,64,7,47000.0,,1,2887,2023-11-29 01:04:27.950,
3864,37,9,37,7,270000.0,,1,2887,2023-11-29 01:06:09.583,
3865,186,2,186,7,50000.0,,1,2887,2023-11-29 01:11:49.227,
3866,13,2,13,7,310000.0,,1,2755,2023-11-29 09:49:53.190,
3867,13,9,13,7,200000.0,,1,2755,2023-11-29 09:51:03.827,
3868,13,9,13,7,100000.0,,1,2755,2023-11-29 09:56:42.343,
3869,49,7,49,9,200000.0,,1,1912,2023-11-29 10:23:35.833,
3870,158,14,158,9,226000.0,budget movement request due to negative balance,1,1196,2023-11-29 12:24:01.250,
3871,38,9,38,3,40060.0,,1,7130,2023-11-29 13:40:01.583,
3872,38,10,38,3,10266.0,,1,7130,2023-11-29 13:41:20.407,
3873,22,9,22,7,800000.0,,1,3322,2023-11-29 14:14:37.110,
3874,22,3,22,7,200000.0,,1,3322,2023-11-29 14:15:08.080,
3875,22,14,22,7,200000.0,,1,3322,2023-11-29 14:16:24.007,
3876,159,10,159,7,395000.0,,1,8620,2023-11-29 15:40:03.310,
3877,159,1,159,7,50000.0,,1,8620,2023-11-29 15:40:42.167,
3878,159,4,159,7,72000.0,,1,8620,2023-11-29 15:40:59.617,
3879,158,13,158,8,100000.0,budget movement request due to negative balance,1,1196,2023-11-29 15:41:00.603,
3880,49,14,49,7,100000.0,,1,1912,2023-11-29 16:57:43.820,
3881,16,7,16,9,435000.0,,1,1976,2023-11-29 16:57:46.407,
3882,24,14,24,7,100000.0,,1,1912,2023-11-29 16:57:59.580,
3883,24,14,24,7,100000.0,,1,1912,2023-11-29 16:58:00.753,
3884,146,9,146,7,300000.0,,1,2135,2023-11-29 17:04:15.060,
3885,2,13,2,3,49000.0,,1,5660,2023-11-29 17:50:46.300,
3886,55,14,55,10,200000.0,,1,3322,2023-11-29 18:10:52.943,
3887,3,2,3,1,27405.0,,1,5620,2023-11-30 09:46:06.293,
3888,3,14,3,1,49721.0,,1,5620,2023-11-30 09:46:41.660,
3889,3,8,3,1,115000.0,,1,5620,2023-11-30 09:47:51.807,
3890,22,4,22,7,200000.0,,1,3322,2023-11-30 10:29:03.177,
3891,22,1,22,7,200000.0,,1,3322,2023-11-30 10:29:15.943,
3892,29,4,29,1,200000.0,,1,8620,2023-11-30 10:41:01.447,
3893,2,13,2,6,43000.0,,1,5660,2023-11-30 11:18:27.703,
3894,92,14,92,6,57000.0,,1,5660,2023-11-30 11:19:38.260,
3895,92,14,92,6,31000.0,,1,5660,2023-11-30 11:22:05.837,
3896,92,9,92,6,10000.0,,1,5660,2023-11-30 11:22:19.060,
3897,2,10,2,6,60000.0,,1,5660,2023-11-30 11:30:32.743,
3898,158,4,158,8,200000.0,budget movement request due to negative balance,1,1196,2023-11-30 11:55:09.033,
3899,111,3,111,13,90000.0,Budget transfer for activity relevant GL,1,2718,2023-11-30 12:14:14.093,
3900,151,14,151,13,200000.0,Budget transfer for activity relevant GL,1,2718,2023-11-30 12:14:46.743,
3901,174,194,13,194,442000.0,,1,7312,2023-11-30 12:44:13.487,
3902,151,14,151,4,50000.0,Budget transfer for activity relevant GL,1,2718,2023-11-30 14:52:27.647,
3903,146,9,146,7,100000.0,,1,2887,2023-11-30 15:15:30.943,
3904,28,1,28,7,626047.0,,1,5618,2023-11-30 15:17:26.953,
3905,28,10,28,7,456000.0,,1,5618,2023-11-30 15:21:39.123,
3906,146,9,146,7,250000.0,,1,3322,2023-11-30 15:58:54.043,
3907,22,14,22,9,50000.0,,1,3322,2023-11-30 16:36:25.210,
3908,22,234,22,9,50000.0,,1,3322,2023-11-30 16:36:59.327,
3909,13,10,13,7,50000.0,,1,2755,2023-11-30 18:10:44.403,
3910,13,10,13,7,3000.0,,1,2755,2023-11-30 18:24:39.233,
3911,13,3,13,7,40000.0,,1,2755,2023-11-30 18:38:53.337,
3912,3,234,3,14,50000.0,,1,2755,2023-11-30 18:42:37.477,
3913,13,7,13,14,50000.0,,1,2755,2023-11-30 18:45:12.857,
3914,191,9,191,13,300000.0,,1,2755,2023-11-30 19:18:38.950,
3915,191,9,191,13,100000.0,,1,2755,2023-11-30 19:20:16.043,
3916,191,9,191,1,7000.0,,1,2755,2023-11-30 19:23:28.640,
3917,13,14,13,7,50000.0,,1,2755,2023-11-30 21:07:04.723,
3918,13,7,13,3,50000.0,,1,2755,2023-11-30 21:08:02.430,
3919,22,7,22,13,100000.0,,1,3322,2023-12-01 09:52:20.037,
3920,22,5,22,13,100000.0,,1,3322,2023-12-01 09:52:31.413,
3921,47,14,47,3,5000.0,,1,5660,2023-12-01 11:03:36.250,
3922,61,7,61,13,500000.0,,1,3900,2023-12-01 11:29:25.343,
3923,61,7,61,10,300000.0,,1,3900,2023-12-01 11:32:38.083,
3924,112,4,112,7,230000.0,,1,5631,2023-12-01 16:22:40.013,
3925,112,13,112,7,460000.0,,1,5631,2023-12-01 16:24:32.137,
3926,158,13,158,7,35000.0,Please Process,1,8802,2023-12-01 16:28:12.893,
3927,158,10,158,7,200000.0,budget movement request due to negative balance,1,1196,2023-12-01 17:39:45.760,
3928,104,234,104,7,180000.0,,1,8620,2023-12-01 17:42:20.920,
3929,104,4,104,7,200000.0,,1,8620,2023-12-01 17:42:38.130,
3930,151,14,151,7,500000.0,,1,5627,2023-12-02 13:31:35.140,
3931,65,234,65,13,250000.0,,1,3322,2023-12-04 09:50:11.080,
3932,130,14,130,13,250000.0,,1,3322,2023-12-04 09:50:42.723,
3933,159,4,159,13,36000.0,,1,3322,2023-12-04 09:52:13.300,
3934,41,14,41,13,200000.0,,1,3322,2023-12-04 09:52:42.123,
3935,156,4,156,7,500000.0,Budget transfer for activity relevant GL,1,2718,2023-12-04 10:00:56.593,
3936,151,3,111,7,300000.0,Budget transfer for activity relevant GL,1,2718,2023-12-04 11:05:04.403,
3937,151,7,111,7,200000.0,Budget transfer for activity relevant GL,1,2718,2023-12-04 11:05:27.163,
3938,142,10,142,14,739375.0,,1,7411,2023-12-04 14:08:57.583,
3939,164,1,164,14,250000.0,,1,812,2023-12-04 14:11:11.793,
3940,108,1,108,8,33000.0,,1,812,2023-12-04 18:24:58.160,
3941,102,13,102,3,700000.0,,1,3852,2023-12-05 10:45:08.483,
3942,47,10,47,3,15000.0,,1,5660,2023-12-05 10:53:08.370,
3943,156,14,156,7,200000.0,,1,8617,2023-12-05 11:08:25.520,
3944,156,10,156,3,200000.0,,1,8617,2023-12-05 11:09:29.450,
3945,156,14,156,3,200000.0,,1,8617,2023-12-05 11:09:44.597,
3946,156,10,156,7,200000.0,,1,8617,2023-12-05 11:12:03.727,
3947,13,2,13,13,150000.0,,1,2755,2023-12-05 11:19:08.933,
3948,49,14,49,3,100000.0,,1,1912,2023-12-05 11:26:17.743,
3949,41,8,41,7,50000.0,,1,3322,2023-12-05 12:25:44.443,
3950,112,10,112,13,100000.0,,1,3322,2023-12-05 12:34:37.037,
3951,131,3,131,13,30000.0,,1,2338,2023-12-05 15:17:02.097,
3952,51,7,51,10,45000.0,,1,3322,2023-12-05 16:11:46.217,
3953,11,14,11,13,2000000.0,,1,7308,2023-12-05 16:38:24.693,
3954,52,14,52,10,100000.0,,1,3322,2023-12-05 16:58:15.123,
3955,11,14,215,9,40000.0,,1,7308,2023-12-05 17:22:06.237,
3956,11,14,215,9,40000.0,,1,7308,2023-12-05 17:23:24.720,
3957,215,7,215,9,50000.0,,1,3322,2023-12-05 17:25:31.930,
3958,20,14,20,9,90000.0,,1,3322,2023-12-05 17:29:31.120,
3959,22,14,22,7,340000.0,,1,3322,2023-12-05 17:34:14.053,
3960,22,5,22,7,120000.0,,1,3322,2023-12-05 17:35:10.320,
3961,47,10,47,10,38000.0,,1,5660,2023-12-05 17:39:58.320,
3962,47,10,47,3,40000.0,,1,5660,2023-12-05 18:07:35.630,
3963,158,10,65,7,300000.0,budget movement request due to negative balance,1,1196,2023-12-05 18:32:12.957,
3964,156,1,156,13,75000.0,,1,8617,2023-12-05 23:19:55.053,
3965,156,6,156,13,20000.0,,1,8617,2023-12-05 23:20:41.983,
3966,156,3,156,13,100000.0,,1,8617,2023-12-05 23:20:59.353,
3967,156,7,156,13,100000.0,,1,8617,2023-12-05 23:21:41.860,
3968,156,10,156,13,62000.0,,1,8617,2023-12-05 23:23:37.967,
3969,61,7,61,13,200000.0,,1,3900,2023-12-06 12:29:08.367,
3970,13,2,13,1,150000.0,,1,2755,2023-12-06 13:02:47.337,
3971,13,2,13,1,100000.0,,1,2755,2023-12-06 13:06:23.243,
3972,41,14,41,3,42000.0,,1,8620,2023-12-06 14:04:37.913,
3973,111,7,111,3,10000.0,,1,3322,2023-12-06 14:06:40.397,
3974,151,13,151,3,10000.0,,1,3322,2023-12-06 14:07:14.200,
3975,158,10,158,3,20000.0,,1,3322,2023-12-06 14:07:48.433,
3976,111,3,111,7,10000.0,,1,3322,2023-12-06 14:12:18.437,
3977,41,3,41,7,42000.0,,1,3322,2023-12-06 14:12:33.480,
3978,151,3,151,7,6000.0,,1,3322,2023-12-06 14:12:55.937,
3979,158,13,158,7,20000.0,,1,3322,2023-12-06 14:13:28.723,
3980,156,13,156,7,38000.0,Budget transfer for activity relevant GL,1,2718,2023-12-06 16:57:13.100,
3981,24,14,24,7,800000.0,,1,7413,2023-12-06 17:08:03.333,
3982,41,14,41,7,100000.0,Same product GL head budget transfer,1,8859,2023-12-06 17:46:57.717,
3983,49,14,49,9,100000.0,,1,1912,2023-12-06 17:54:53.403,
3984,11,14,11,8,150000.0,,1,3322,2023-12-06 18:39:43.187,
3985,151,10,111,7,300000.0,Budget transfer for activity relevant GL,1,2718,2023-12-07 11:10:03.187,
3986,24,14,24,9,100000.0,,1,1912,2023-12-07 11:24:14.580,
3987,13,234,13,7,334000.0,,1,5620,2023-12-07 11:31:13.317,
3988,13,13,13,7,100000.0,,1,5620,2023-12-07 11:32:06.270,
3989,103,14,103,9,111000.0,,1,3322,2023-12-07 14:48:06.170,
3990,103,14,103,9,200000.0,,1,3322,2023-12-07 14:49:31.447,
3991,151,10,151,9,40000.0,Budget transfer for activity relevant GL,1,2718,2023-12-07 18:03:16.363,
3992,53,14,53,13,200000.0,,1,3322,2023-12-07 18:11:51.890,
3993,186,6,186,7,4800.0,,1,2135,2023-12-08 09:23:14.870,
3994,186,4,186,7,11000.0,,1,2135,2023-12-08 09:27:03.537,
3995,186,13,186,7,34333.0,,1,2135,2023-12-08 09:27:56.500,
3996,186,234,186,7,39590.0,,1,2135,2023-12-08 09:28:50.233,
3997,146,4,186,7,140738.0,,1,2135,2023-12-08 09:33:29.983,
3998,2,14,2,3,17000.0,,1,5660,2023-12-08 09:39:12.073,
3999,2,14,2,3,8000.0,,1,5660,2023-12-08 09:41:24.093,
4000,146,1,186,7,190276.0,,1,2135,2023-12-08 09:42:03.357,
4001,49,14,49,7,100000.0,,1,1912,2023-12-08 11:03:20.987,
4002,151,10,156,7,200000.0,,1,8617,2023-12-08 11:19:21.537,
4003,151,14,156,7,124000.0,,1,8617,2023-12-08 11:19:50.233,
4004,151,13,156,7,120000.0,,1,8617,2023-12-08 11:20:50.137,
4005,164,1,164,3,150000.0,,1,812,2023-12-08 12:03:08.657,
4006,164,1,164,3,10000.0,,1,812,2023-12-08 12:03:54.043,
4007,164,15,164,14,242764.0,,1,812,2023-12-08 12:08:44.943,
4008,164,1,164,14,46483.0,,1,812,2023-12-08 12:09:42.187,
4009,164,2,164,14,142573.0,,1,812,2023-12-08 12:10:27.250,
4010,49,7,49,3,100000.0,,1,1912,2023-12-08 12:28:14.853,
4011,153,14,153,10,50000.0,,1,7413,2023-12-08 15:11:19.240,
4012,153,14,153,9,50000.0,,1,7413,2023-12-08 15:12:28.850,
4013,16,234,16,7,418905.0,,1,546,2023-12-08 15:19:21.697,
4014,16,14,16,7,321498.0,,1,546,2023-12-08 15:20:06.250,
4015,16,8,16,7,205986.0,,1,546,2023-12-08 15:21:03.493,
4016,16,3,16,7,410945.0,,1,546,2023-12-08 15:22:15.050,
4017,16,7,51,7,1250000.0,,1,546,2023-12-08 15:24:48.363,
4018,61,10,61,13,100000.0,,1,3900,2023-12-08 15:53:58.690,
4019,61,7,61,13,200000.0,,1,3900,2023-12-08 15:54:11.727,
4020,151,2,151,13,200000.0,,1,3322,2023-12-08 16:15:59.297,
4021,156,7,156,13,200000.0,,1,3322,2023-12-08 16:18:02.823,
4022,181,2,181,1,63000.0,,1,3900,2023-12-08 16:26:20.043,
4023,51,7,51,13,300000.0,,1,546,2023-12-08 16:41:33.553,
4024,164,14,164,10,200000.0,,1,3322,2023-12-08 17:00:56.970,
4025,151,13,111,7,200000.0,Budget transfer for activity relevant GL,1,2718,2023-12-08 17:01:52.637,
4026,61,7,61,10,20000.0,,1,3900,2023-12-08 17:02:04.247,
4027,181,9,181,10,50000.0,,1,3900,2023-12-08 17:02:40.070,
4028,151,4,151,7,34000.0,Budget transfer for activity relevant GL,1,2718,2023-12-08 17:05:04.823,
4029,151,2,151,7,200000.0,Budget transfer for activity relevant GL,1,2718,2023-12-08 17:07:17.993,
4030,16,10,16,9,200000.0,,1,546,2023-12-08 17:20:42.070,
4031,181,9,181,7,50000.0,,1,3900,2023-12-08 17:26:06.943,
4032,164,14,164,9,150000.0,,1,3322,2023-12-08 17:31:32.383,
4033,19,14,19,13,300000.0,,1,3322,2023-12-08 17:36:45.787,
4034,19,14,19,13,20000.0,,1,3322,2023-12-08 17:38:04.490,
4035,164,14,164,13,200000.0,,1,3322,2023-12-08 17:39:37.597,
4036,151,2,151,7,90000.0,Budget transfer for activity relevant GL,1,2718,2023-12-08 18:12:01.170,
4037,11,14,11,13,250000.0,,1,3322,2023-12-08 18:14:58.557,
4038,11,13,11,10,200000.0,,1,3322,2023-12-08 18:15:52.363,
4039,49,14,49,7,250000.0,,1,7413,2023-12-08 18:17:30.727,
4040,52,14,52,8,300000.0,,1,3322,2023-12-08 18:21:08.897,
4041,3,2,3,3,97000.0,,1,2755,2023-12-08 18:32:19.440,
4042,3,14,3,3,50000.0,,1,2755,2023-12-08 18:33:02.993,
4043,3,9,3,3,44000.0,,1,2755,2023-12-08 18:33:52.867,
4044,13,7,13,3,105000.0,,1,2755,2023-12-08 18:35:53.307,
4045,13,13,13,3,105000.0,,1,2755,2023-12-08 18:36:24.603,
4046,12,15,12,9,1000000.0,,1,8803,2023-12-08 18:53:20.180,
4047,12,15,12,9,1000000.0,,1,8803,2023-12-08 18:53:27.960,
4048,13,3,13,2,100000.0,,1,2755,2023-12-11 09:30:58.637,
4049,146,234,146,7,105000.0,,1,2887,2023-12-11 11:34:22.640,
4050,146,2,146,7,17000.0,,1,2887,2023-12-11 11:34:51.400,
4051,142,1,142,3,160000.0,,1,2887,2023-12-11 11:35:40.133,
4052,142,234,142,3,120000.0,,1,2887,2023-12-11 11:36:14.747,
4053,13,3,13,7,27000.0,,1,2755,2023-12-11 11:37:17.977,
4054,186,2,186,13,150000.0,,1,2887,2023-12-11 11:37:22.820,
4055,24,14,24,9,100000.0,,1,7413,2023-12-11 11:55:23.503,
4056,24,14,24,2,200000.0,,1,7413,2023-12-11 12:04:08.160,
4057,159,234,159,13,56000.0,,1,8620,2023-12-11 12:37:24.887,
4058,159,4,159,13,20000.0,,1,8620,2023-12-11 12:37:41.790,
4059,156,13,156,7,30000.0,Budget transfer for activity relevant GL,1,2718,2023-12-11 12:46:03.447,
4060,111,4,151,7,50000.0,Budget transfer for activity relevant GL,1,2718,2023-12-11 12:48:32.817,
4061,156,13,151,7,100000.0,Budget transfer for activity relevant GL,1,2718,2023-12-11 12:49:20.843,
4062,156,7,151,7,110000.0,Budget transfer for activity relevant GL,1,2718,2023-12-11 12:49:39.673,
4063,29,14,29,7,90000.0,,1,8620,2023-12-11 13:00:03.700,
4064,41,8,41,3,100000.0,Internal budget transfer,1,8859,2023-12-11 13:00:24.127,
4065,41,4,41,7,70000.0,,1,3322,2023-12-11 14:56:45.780,
4066,41,4,41,7,100000.0,,1,3322,2023-12-11 14:57:35.833,
4067,156,7,156,10,100000.0,,1,3322,2023-12-11 15:11:44.397,
4068,41,8,41,3,100000.0,Internal budget transfer,1,8859,2023-12-11 15:31:32.323,
4069,102,3,102,7,800000.0,,1,5596,2023-12-11 15:53:20.440,
4070,102,9,102,7,400000.0,,1,5596,2023-12-11 15:53:49.233,
4071,102,5,102,7,150000.0,,1,5596,2023-12-11 16:00:05.693,
4072,150,5,150,2,100000.0,,1,5596,2023-12-11 16:04:35.757,
4073,37,10,37,13,65000.0,,1,2887,2023-12-11 16:14:01.593,
4074,186,2,186,13,65000.0,,1,2887,2023-12-11 16:15:27.593,
4075,12,13,12,8,200000.0,,1,3322,2023-12-11 16:16:27.340,
4076,12,13,12,8,20000.0,,1,3322,2023-12-11 16:17:28.593,
4077,142,2,142,13,250000.0,,1,2887,2023-12-11 16:25:10.393,
4078,186,2,186,8,50000.0,,1,2887,2023-12-11 16:29:23.063,
4079,186,2,186,8,35000.0,,1,2887,2023-12-11 16:30:52.170,
4080,12,7,12,15,1450000.0,,1,5620,2023-12-11 16:53:42.203,
4081,12,15,12,8,50000.0,,1,5620,2023-12-11 16:54:16.697,
4082,12,9,12,15,2000000.0,,1,5620,2023-12-11 16:55:06.013,
4083,29,13,29,9,80000.0,,1,3322,2023-12-11 16:57:08.720,
4084,29,13,29,9,50000.0,,1,3322,2023-12-11 17:11:17.147,
4085,29,13,29,9,40000.0,,1,3322,2023-12-11 17:18:11.780,
4086,12,13,12,7,225000.0,,1,5620,2023-12-11 17:18:28.077,
4087,12,13,12,3,100000.0,,1,5620,2023-12-11 17:20:20.120,
4088,29,13,29,9,70000.0,,1,3322,2023-12-11 17:22:27.373,
4089,49,14,49,7,200000.0,,1,1912,2023-12-11 18:10:46.290,
4090,158,10,158,13,100000.0,budget movement request due to negative balance,1,1196,2023-12-11 18:26:50.267,
4091,158,10,158,13,100000.0,budget movement request due to negative balance,1,1196,2023-12-11 18:29:16.090,
4092,16,9,16,13,183000.0,,1,5611,2023-12-11 18:31:45.130,
4093,16,10,16,13,150000.0,,1,5611,2023-12-11 18:32:31.433,
4094,159,14,159,13,100000.0,,1,8620,2023-12-11 18:43:22.110,
4095,158,10,158,13,100000.0,budget movement request due to negative balance,1,1196,2023-12-11 18:46:27.457,
4096,186,1,186,13,12000.0,,1,2887,2023-12-12 10:12:28.723,
4097,44,18,44,17,800000.0,email approval,1,2054,2023-12-12 11:35:10.903,
4098,29,14,158,14,750000.0,,1,8620,2023-12-12 12:04:42.573,
4099,29,3,158,14,250000.0,,1,8620,2023-12-12 12:06:37.070,
4100,151,9,151,7,20000.0,,1,8617,2023-12-12 15:47:30.443,
4101,151,7,156,7,500000.0,,1,8617,2023-12-12 15:49:49.110,
4102,158,10,158,7,200000.0,,1,3322,2023-12-12 16:41:14.647,
4103,47,10,47,14,249600.0,,1,5660,2023-12-12 17:03:21.930,
4104,47,6,47,14,103400.0,,1,5660,2023-12-12 17:03:46.557,
4105,112,10,112,14,250000.0,,1,5660,2023-12-12 17:04:59.623,
4106,172,3,172,13,599000.0,,1,5611,2023-12-12 17:14:48.430,
4107,172,3,172,7,599434.0,,1,5611,2023-12-12 17:34:25.930,
4108,24,14,24,7,200000.0,,1,1912,2023-12-12 17:36:20.607,
4109,151,7,151,3,40000.0,,1,8617,2023-12-12 18:05:02.727,
4110,151,9,151,7,9000.0,,1,8617,2023-12-12 18:30:49.813,
4111,151,7,151,3,100000.0,,1,8617,2023-12-12 18:32:36.027,
4112,151,7,151,3,200000.0,,1,8617,2023-12-12 18:34:45.630,
4113,92,7,92,3,16000.0,,1,5660,2023-12-13 10:42:33.667,
4114,2,14,2,3,31700.0,,1,5660,2023-12-13 10:47:18.897,
4115,41,3,41,7,170000.0,,1,8620,2023-12-13 12:18:57.993,
4116,12,14,12,13,160000.0,,1,3322,2023-12-13 13:55:23.037,
4117,12,15,12,9,120000.0,,1,3322,2023-12-13 13:56:32.867,
4118,111,234,111,7,50000.0,Budget transfer for activity relevant GL,1,2718,2023-12-13 14:07:19.830,
4119,111,1,111,7,15000.0,Budget transfer for activity relevant GL,1,2718,2023-12-13 14:07:39.010,
4120,111,4,111,7,8000.0,Budget transfer for activity relevant GL,1,2718,2023-12-13 14:08:09.340,
4121,111,6,111,7,8000.0,Budget transfer for activity relevant GL,1,2718,2023-12-13 14:08:23.843,
4122,111,234,111,7,7000.0,Budget transfer for activity relevant GL,1,2718,2023-12-13 14:09:08.790,
4123,156,234,111,7,150000.0,Budget transfer for activity relevant GL,1,2718,2023-12-13 14:09:37.330,
4124,156,234,111,7,150000.0,Budget transfer for activity relevant GL,1,2718,2023-12-13 14:17:43.520,
4125,49,14,49,7,50000.0,,1,7413,2023-12-13 16:06:29.010,
4126,153,14,153,7,100000.0,,1,7413,2023-12-13 16:06:44.173,
4127,49,14,49,7,20000.0,,1,7413,2023-12-13 16:07:24.167,
4128,123,14,123,8,300000.0,,1,3322,2023-12-13 17:07:38.227,
4129,41,6,41,14,86304.0,,1,8859,2023-12-13 17:38:19.530,
4130,156,14,111,7,25000.0,Budget transfer for activity relevant GL,1,2718,2023-12-13 18:14:19.820,
4131,156,10,111,7,35000.0,Budget transfer for activity relevant GL,1,2718,2023-12-13 18:15:38.573,
4132,41,14,41,3,148526.0,,1,3043,2023-12-13 18:45:05.147,
4133,104,14,104,7,50000.0,,1,8620,2023-12-13 18:54:16.063,
4134,104,14,104,13,90000.0,,1,3043,2023-12-13 19:04:44.663,
4135,41,8,41,13,25000.0,,1,3043,2023-12-13 19:06:29.140,
4136,41,8,41,13,30000.0,,1,3043,2023-12-13 19:09:47.987,
4137,49,14,49,3,100000.0,,1,1912,2023-12-13 22:29:59.863,
4138,115,14,115,9,28800.0,,1,7130,2023-12-14 12:12:37.567,
4139,181,7,181,13,40000.0,,1,3322,2023-12-14 13:34:46.093,
4140,181,1,181,13,10000.0,,1,3322,2023-12-14 13:36:16.837,
4141,181,9,181,13,5000.0,,1,3322,2023-12-14 13:38:42.340,
4142,181,9,181,13,10000.0,,1,3322,2023-12-14 13:45:33.617,
4143,181,7,181,13,5000.0,,1,3322,2023-12-14 13:46:05.230,
4144,44,18,44,17,300000.0,,1,2054,2023-12-14 15:22:09.213,
4145,116,10,116,3,300000.0,,1,3322,2023-12-14 15:27:52.743,
4146,11,14,11,13,500000.0,,1,7308,2023-12-14 16:31:38.550,
4147,24,14,24,7,200000.0,,1,1912,2023-12-14 17:01:28.700,
4148,49,14,49,7,90000.0,,1,1912,2023-12-14 17:02:07.793,
4149,158,14,158,7,200000.0,Please process,1,8802,2023-12-14 18:59:24.033,
4150,44,233,44,17,600000.0,,1,2054,2023-12-14 19:34:25.150,
4151,60,4,60,9,10000.0,,1,5618,2023-12-15 10:05:45.777,
4152,115,14,115,10,32420.0,,1,7130,2023-12-15 10:33:54.053,
4153,53,14,53,13,133100.0,,1,7130,2023-12-15 10:35:20.777,
4154,55,7,55,1,166000.0,,1,8803,2023-12-15 15:45:54.640,
4155,116,7,116,1,25000.0,,1,8803,2023-12-15 15:46:43.947,
4156,161,7,161,1,25000.0,,1,8803,2023-12-15 15:47:22.653,
4157,12,15,12,10,250000.0,,1,3322,2023-12-15 16:31:58.540,
4158,180,10,180,7,200000.0,,1,3900,2023-12-15 16:39:22.950,
4159,12,15,12,8,50000.0,,1,3322,2023-12-15 16:40:12.267,
4160,158,14,158,13,150000.0,,1,3322,2023-12-15 17:37:01.457,
4161,158,14,158,10,100000.0,,1,3322,2023-12-15 17:39:32.737,
4162,156,7,156,9,50000.0,,1,8617,2023-12-15 18:00:13.630,
4163,158,7,158,9,100000.0,,1,3322,2023-12-15 18:06:25.903,
4164,158,14,158,9,300000.0,,1,3322,2023-12-15 18:14:17.810,
4165,158,4,158,9,150000.0,,1,3322,2023-12-15 18:14:44.433,
4166,158,7,158,9,150000.0,,1,3322,2023-12-15 18:15:12.213,
4167,41,8,41,14,25000.0,Internal budget transfer,1,8859,2023-12-15 18:21:32.997,
4168,158,9,158,7,200000.0,Please process,1,8802,2023-12-15 18:29:17.910,
4169,41,8,41,3,100000.0,Internal budget transfer,1,8859,2023-12-15 18:31:59.213,
4170,113,10,113,9,57000.0,,1,3322,2023-12-18 09:48:52.873,
4171,41,10,41,9,100000.0,,1,3322,2023-12-18 09:51:12.630,
4172,113,13,113,9,30000.0,,1,3322,2023-12-18 09:52:27.887,
4173,24,14,24,7,500000.0,,1,7413,2023-12-18 15:49:35.700,
4174,120,13,120,1,300000.0,,1,546,2023-12-18 16:44:43.253,
4175,27,10,27,1,50000.0,,1,546,2023-12-18 16:46:07.860,
4176,27,10,27,1,2000.0,,1,546,2023-12-18 16:47:47.487,
4177,171,14,171,4,10700.0,,1,7130,2023-12-19 10:59:52.500,
4178,115,14,115,4,10700.0,,1,7130,2023-12-19 11:00:02.880,
4179,53,14,53,4,10700.0,,1,7130,2023-12-19 11:00:42.393,
4180,128,2,128,4,10700.0,,1,7130,2023-12-19 11:01:47.330,
4181,53,14,53,4,10700.0,,1,7130,2023-12-19 11:03:18.807,
4182,115,14,115,4,10700.0,,1,7130,2023-12-19 11:03:37.507,
4183,131,4,131,13,300000.0,,1,3322,2023-12-19 13:04:03.503,
4184,60,4,60,13,100000.0,,1,3322,2023-12-19 13:04:37.740,
4185,152,4,152,13,300000.0,,1,3322,2023-12-19 13:05:04.237,
4186,60,14,60,9,50000.0,,1,3322,2023-12-19 13:12:57.777,
4187,156,7,111,7,50000.0,Budget transfer for activity relevant GL,1,2718,2023-12-19 17:57:41.900,
4188,49,7,49,3,100000.0,,1,1912,2023-12-20 13:23:53.727,
4189,29,9,111,7,330000.0,,1,8620,2023-12-20 17:48:13.783,
4190,29,13,111,7,270000.0,,1,8620,2023-12-20 17:53:24.453,
4191,157,14,157,7,115000.0,Please process,1,8802,2023-12-20 19:44:02.853,
4192,53,2,53,13,200000.0,,1,7363,2023-12-20 23:15:58.973,
4193,176,9,176,13,200000.0,,1,7363,2023-12-20 23:16:28.830,
4194,171,14,171,10,100000.0,,1,7363,2023-12-20 23:28:04.580,
4195,53,14,53,10,200000.0,,1,7363,2023-12-20 23:28:48.830,
4196,104,14,104,3,300000.0,,1,8620,2023-12-21 15:47:26.073,
4197,52,3,52,4,3000.0,,1,3358,2023-12-21 23:53:54.063,
4198,115,14,115,13,549950.0,,1,7130,2023-12-22 11:42:23.423,
4199,115,14,115,13,10.0,,1,7130,2023-12-22 11:46:06.800,
4200,115,14,115,13,25000.0,,1,7130,2023-12-22 11:47:58.253,
4201,12,1,12,3,50000.0,,1,5620,2023-12-22 15:47:55.087,
4202,2,13,2,3,92000.0,,1,5660,2023-12-22 17:01:57.327,
4203,92,6,92,3,5000.0,,1,5660,2023-12-22 17:04:12.493,
4204,49,1,49,9,100000.0,,1,3322,2023-12-22 18:16:55.100,
4205,153,1,153,9,100000.0,,1,3322,2023-12-22 18:18:02.297,
4206,24,1,24,9,100000.0,,1,3322,2023-12-22 18:18:48.623,
4207,153,13,153,10,30000.0,,1,3322,2023-12-22 18:30:50.693,
4208,55,14,55,9,500000.0,,1,8803,2023-12-24 20:32:08.147,
4209,123,14,180,7,50000.0,,1,2052,2023-12-26 11:27:36.320,
4210,33,15,33,7,311000.0,,1,5461,2023-12-26 12:26:04.913,
4211,157,14,157,7,62000.0,Please process,1,8802,2023-12-26 15:29:21.847,
4212,115,14,115,7,25000.0,,1,7363,2023-12-26 16:08:57.840,
4213,53,3,53,7,100000.0,,1,7363,2023-12-26 16:19:45.457,
4214,24,14,24,2,500000.0,,1,7413,2023-12-27 10:03:20.553,
4215,24,2,24,7,450000.0,,1,7413,2023-12-27 10:04:10.140,
4216,157,2,157,7,100000.0,Please process,1,8802,2023-12-27 10:39:16.803,
4217,103,1,103,7,90000.0,,1,3322,2023-12-27 11:08:35.847,
4218,53,10,53,7,100000.0,,1,3322,2023-12-27 11:16:29.443,
4219,128,2,128,13,150000.0,,1,3322,2023-12-27 11:54:31.677,
4220,103,7,103,9,100000.0,,1,3322,2023-12-27 12:14:54.133,
4221,11,3,11,7,30000.0,,1,7308,2023-12-27 12:53:48.690,
4222,158,234,157,7,120000.0,Please process,1,8802,2023-12-27 14:55:54.627,
4223,65,13,157,7,115000.0,Please process,1,8802,2023-12-27 14:57:15.883,
4224,130,13,157,7,200000.0,Please process,1,8802,2023-12-27 14:58:03.293,
4225,12,15,12,194,1410000.0,,1,2755,2023-12-27 15:57:35.303,
4226,41,8,41,3,100000.0,internal budget transfer,1,8859,2023-12-27 16:12:36.660,
4227,53,7,53,3,30000.0,,1,7363,2023-12-27 16:44:57.313,
4228,137,10,53,7,200000.0,internal budget transfer,1,7363,2023-12-27 17:05:53.680,
4229,127,8,35,2,35000.0,,1,8858,2023-12-28 02:10:31.877,
4230,52,14,52,10,100000.0,,1,3322,2023-12-29 11:39:06.303,
4231,28,4,28,7,350000.0,,1,5618,2023-12-29 11:45:54.920,
4232,2,6,2,3,45300.0,,1,5660,2023-12-29 12:19:02.030,
4233,24,14,24,9,300000.0,,1,7413,2023-12-29 16:18:48.237,
4234,12,15,12,3,24000.0,,1,5620,2024-01-01 13:43:38.857,
4235,44,28,44,17,800000.0,,1,2054,2024-01-01 15:53:17.637,
4236,215,7,215,13,300000.0,,1,3322,2024-01-01 15:55:55.537,
4237,156,10,29,7,900000.0,Budget Adjustment,1,2111,2024-01-02 11:04:31.053,
4238,151,3,29,13,450000.0,,1,2111,2024-01-02 11:05:23.477,
4239,111,3,29,7,450000.0,Budget Adjustment,1,2111,2024-01-02 11:05:48.730,
4240,157,7,29,7,800000.0,Budget Adjustment,1,2111,2024-01-02 11:08:16.210,
4241,178,10,178,13,10000.0,,1,3322,2024-01-02 11:10:07.540,
4242,178,13,178,10,20000.0,,1,3322,2024-01-02 11:11:22.450,
4243,47,1,47,9,20000.0,,1,3322,2024-01-02 11:14:49.547,
4244,102,1,102,2,250000.0,,1,3852,2024-01-02 12:05:26.180,
4245,22,14,22,3,500000.0,,1,3852,2024-01-02 12:07:33.077,
4246,22,14,22,7,600000.0,,1,5596,2024-01-02 13:01:33.773,
4247,22,14,22,7,600000.0,,1,5596,2024-01-02 13:01:40.740,
4248,119,1,119,13,150000.0,Please Proceed,1,1567,2024-01-02 13:08:06.440,
4249,4,10,4,7,500000.0,Please Proceed,1,1567,2024-01-02 15:21:32.323,
4250,22,14,22,8,800000.0,,1,3852,2024-01-02 16:27:10.827,
4251,177,14,177,7,200000.0,Please Proceed,1,1567,2024-01-02 16:46:49.590,
4252,177,10,177,7,140000.0,Please Proceed,1,1567,2024-01-02 16:47:19.793,
4253,177,8,177,7,190000.0,Please Proceed,1,1567,2024-01-02 16:47:42.973,
4254,177,234,177,7,70000.0,Please Proceed,1,1567,2024-01-02 16:48:11.227,
4255,181,234,181,7,165660.0,,1,3900,2024-01-03 11:31:05.433,
4256,181,1,181,7,45877.0,,1,3900,2024-01-03 11:32:42.030,
4257,181,3,181,7,138621.0,,1,3900,2024-01-03 11:33:10.373,
4258,183,234,183,7,55220.0,,1,3900,2024-01-03 11:49:35.077,
4259,183,13,183,7,644397.0,,1,3900,2024-01-03 11:51:05.703,
4260,183,1,183,7,115134.0,,1,3900,2024-01-03 11:51:26.220,
4261,183,14,183,7,153292.0,,1,3900,2024-01-03 11:51:45.830,
4262,183,10,183,7,165201.0,,1,3900,2024-01-03 11:52:03.297,
4263,183,3,183,7,210001.0,,1,3900,2024-01-03 11:52:15.617,
4264,12,1,12,2,166000.0,,1,5620,2024-01-03 12:11:05.490,
4265,4,4,4,13,200000.0,Please Proceed,1,1567,2024-01-03 14:50:50.187,
4266,4,1,4,8,180000.0,Please Proceed,1,1567,2024-01-03 14:54:41.700,
4267,4,4,4,8,52000.0,Please Proceed,1,1567,2024-01-03 14:55:14.907,
4268,4,234,4,8,110000.0,Please Proceed,1,1567,2024-01-03 14:56:08.973,
4269,4,2,4,8,120000.0,Please Proceed,1,1567,2024-01-03 14:56:40.180,
4270,4,5,4,8,80000.0,Please Proceed,1,1567,2024-01-03 14:57:02.520,
4271,4,14,4,8,300000.0,Please Proceed,1,1567,2024-01-03 14:57:56.523,
4272,4,9,4,8,80000.0,Please Proceed,1,1567,2024-01-03 14:58:25.287,
4273,21,14,21,7,100000.0,Please Proceed,1,1567,2024-01-03 15:03:43.990,
4274,9,7,9,14,151500.0,,1,7130,2024-01-03 15:12:54.807,
4275,21,14,21,7,200000.0,,1,3322,2024-01-03 15:27:50.690,
4276,21,14,21,7,500000.0,,1,3322,2024-01-03 15:28:43.153,
4277,61,2,61,7,277590.0,,1,3900,2024-01-03 17:24:26.903,
4278,61,13,61,9,200000.0,,1,3900,2024-01-03 17:25:01.417,
4279,65,14,65,7,18000.0,Please process,1,8802,2024-01-04 13:25:44.883,
4280,130,14,130,3,800000.0,Please process,1,8802,2024-01-04 13:30:24.630,
4281,65,10,65,7,200000.0,budget movement request due to negative balance,1,1196,2024-01-04 13:48:50.063,
4282,21,14,21,8,600000.0,Please Proceed,1,7362,2024-01-04 16:31:04.320,
4283,21,14,21,13,300000.0,PLEASE PROCEED,1,1567,2024-01-05 12:59:46.660,
4284,4,8,4,3,200000.0,,1,7362,2024-01-05 14:54:53.147,
4285,65,1,65,7,22000.0,Please process,1,1196,2024-01-05 15:45:52.387,
4286,65,8,65,7,3000.0,Please process,1,1196,2024-01-05 15:46:24.920,
4287,130,1,130,7,76000.0,Please process,1,1196,2024-01-05 15:46:48.327,
4288,65,8,65,14,11250.0,Please process,1,1196,2024-01-05 15:55:04.983,
4289,65,9,65,14,40774.0,Please process,1,1196,2024-01-05 15:55:37.533,
4290,65,10,65,14,22.0,,1,1196,2024-01-05 15:56:32.450,
4291,65,10,65,14,22.0,,1,1196,2024-01-05 15:56:33.087,
4292,65,10,65,14,22000.0,Please process,1,1196,2024-01-05 15:57:01.497,
4293,187,3,187,13,580417.0,,1,3900,2024-01-05 15:59:25.313,
4294,187,234,187,13,130241.0,,1,3900,2024-01-05 15:59:46.567,
4295,187,14,187,13,500000.0,,1,3900,2024-01-05 16:00:00.727,
4296,130,14,130,4,100000.0,Please process,1,1196,2024-01-05 16:07:15.950,
4297,65,14,65,4,74000.0,Please process,1,1196,2024-01-05 16:07:39.850,
4298,3,3,3,7,120000.0,,1,2755,2024-01-05 18:52:29.783,
4299,61,3,123,14,50000.0,,1,3900,2024-01-08 10:26:41.887,
4300,150,1,150,13,100000.0,,1,3322,2024-01-08 12:42:29.907,
4301,150,1,150,13,100000.0,,1,3322,2024-01-08 12:42:57.833,
4302,150,10,150,8,200000.0,,1,3322,2024-01-08 13:08:55.693,
4303,22,14,22,7,1000000.0,,1,3852,2024-01-08 15:27:25.517,
4304,21,14,21,7,500000.0,,1,3322,2024-01-08 15:30:06.223,
4305,21,14,21,7,300000.0,,1,3322,2024-01-08 15:30:18.393,
4306,21,14,21,7,300000.0,,1,3322,2024-01-08 15:31:17.593,
4307,21,14,21,7,700000.0,Please Proceed,1,1567,2024-01-08 15:32:06.123,
4308,21,8,21,7,500000.0,Please Proceed,1,1567,2024-01-08 15:32:27.493,
4309,156,4,156,8,100000.0,,1,3322,2024-01-08 15:51:18.053,
4310,157,1,157,6,80000.0,,1,3322,2024-01-08 16:06:38.207,
4311,128,2,128,1,32911.0,,1,7130,2024-01-08 18:23:35.230,
4312,44,18,44,17,537200.0,,1,2054,2024-01-09 09:31:51.793,
4313,44,233,44,17,213090.0,,1,2054,2024-01-09 09:33:00.820,
4314,187,14,187,13,750000.0,,1,3900,2024-01-09 12:18:15.357,
4315,2,14,2,13,47000.0,,1,3322,2024-01-09 12:26:18.967,
4316,104,10,104,6,600000.0,,1,8620,2024-01-09 15:54:18.140,
4317,51,10,51,1,540000.0,,1,546,2024-01-09 16:17:58.973,
4318,51,10,51,13,800000.0,,1,546,2024-01-09 17:03:37.363,
4319,156,4,156,8,100000.0,,1,3322,2024-01-09 18:17:02.177,
4320,156,4,156,8,150000.0,,1,3322,2024-01-09 18:18:56.543,
4321,47,6,47,5,92000.0,,1,5660,2024-01-10 10:13:18.117,
4322,44,233,44,17,90000.0,,1,2054,2024-01-10 11:41:54.543,
4323,9,3,9,8,200000.0,,1,3322,2024-01-10 12:28:30.663,
4324,115,1,115,8,300000.0,,1,3322,2024-01-10 12:31:52.717,
4325,146,4,146,6,94819.0,,1,2887,2024-01-10 12:54:07.747,
4326,146,234,146,6,65510.0,,1,2887,2024-01-10 12:56:34.820,
4327,146,13,146,6,20000.0,,1,2887,2024-01-10 12:58:46.750,
4328,12,15,12,7,500000.0,,1,2755,2024-01-10 17:53:48.537,
4329,12,14,12,7,240000.0,,1,2755,2024-01-10 17:54:42.953,
4330,12,14,12,7,40000.0,,1,2755,2024-01-10 18:05:37.730,
4331,51,1,51,6,520000.0,,1,546,2024-01-10 18:59:41.747,
4332,102,1,102,7,50000.0,,1,3852,2024-01-10 19:49:52.580,
4333,102,3,102,7,100000.0,,1,3852,2024-01-10 19:50:55.177,
4334,38,14,38,3,10000.0,,1,7130,2024-01-11 10:37:56.240,
4335,128,2,128,3,10000.0,,1,7130,2024-01-11 10:38:08.233,
4336,38,14,38,3,10000.0,,1,7130,2024-01-11 10:40:37.710,
4337,34,14,34,1,104715.0,,1,7312,2024-01-11 10:51:53.553,
4338,34,14,34,1,36750.0,,1,7312,2024-01-11 10:53:14.457,
4339,12,15,12,2,200000.0,,1,5620,2024-01-11 11:02:36.873,
4340,12,15,12,3,50000.0,,1,5620,2024-01-11 13:12:09.717,
4341,21,14,21,8,500000.0,,1,3322,2024-01-11 13:41:22.207,
4342,21,14,21,8,500000.0,,1,3322,2024-01-11 13:42:02.797,
4343,21,14,21,10,500000.0,,1,3322,2024-01-11 13:51:12.030,
4344,12,15,12,8,250000.0,,1,3322,2024-01-11 14:45:50.993,
4345,12,15,12,9,120000.0,,1,3322,2024-01-11 14:55:47.717,
4346,12,14,12,10,50000.0,,1,3322,2024-01-11 15:18:12.697,
4347,3,2,3,1,92000.0,,1,2755,2024-01-11 17:14:31.680,
4348,22,14,22,8,200000.0,,1,3322,2024-01-11 18:26:29.843,
4349,22,14,22,8,600000.0,,1,3322,2024-01-11 18:26:58.727,
4350,35,234,35,1,21895.0,,1,7312,2024-01-12 11:52:22.080,
4351,170,14,170,7,300000.0,For Social & Educational Program,1,5356,2024-01-12 12:42:16.853,
4352,94,14,94,7,120000.0,For Social & Educational Program,1,5356,2024-01-12 12:51:27.280,
4353,94,3,94,7,410000.0,For Social & Educational Program,1,5356,2024-01-12 12:55:27.867,
4354,157,2,130,3,200000.0,please process,1,8802,2024-01-12 16:10:35.040,
4355,157,2,130,3,200000.0,please process,1,8802,2024-01-12 16:11:03.317,
4356,157,14,157,3,350000.0,please process,1,8802,2024-01-12 16:13:56.523,
4357,47,7,47,3,33000.0,,1,5660,2024-01-15 11:37:53.273,
4358,112,7,112,3,33000.0,,1,5660,2024-01-15 11:38:33.713,
4359,112,7,112,3,76000.0,,1,5660,2024-01-15 12:09:02.093,
4360,47,7,47,3,43000.0,,1,5660,2024-01-15 12:10:08.617,
4361,191,9,191,10,60000.0,,1,2755,2024-01-15 12:18:12.943,
4362,21,14,21,7,1000000.0,,1,3322,2024-01-16 10:38:51.107,
4363,22,14,22,7,1500000.0,,1,5596,2024-01-16 11:12:36.440,
4364,172,3,172,7,400000.0,,1,5611,2024-01-16 11:14:33.593,
4365,12,15,12,10,300000.0,,1,3322,2024-01-16 11:24:19.657,
4366,12,15,12,9,465000.0,,1,3322,2024-01-16 11:31:28.420,
4367,12,14,12,13,120000.0,,1,3322,2024-01-16 11:32:28.073,
4368,12,15,12,13,75000.0,,1,3322,2024-01-16 11:32:50.753,
4369,35,7,35,10,146000.0,,1,7312,2024-01-16 12:20:58.860,
4370,35,13,35,8,190000.0,,1,7312,2024-01-16 12:30:45.790,
4371,4,14,4,8,200000.0,,1,3322,2024-01-16 15:16:48.067,
4372,4,14,4,13,200000.0,,1,3322,2024-01-16 15:19:16.517,
4373,11,14,20,10,100000.0,,1,7308,2024-01-16 15:45:06.567,
4374,11,14,20,10,100000.0,,1,7308,2024-01-16 15:55:14.640,
4375,11,14,11,10,100000.0,,1,7308,2024-01-16 16:00:34.593,
4376,115,1,115,13,200000.0,,1,3322,2024-01-16 16:27:55.987,
4377,61,194,61,7,13181.0,,1,3900,2024-01-16 16:56:22.327,
4378,187,194,187,7,68101.0,,1,3900,2024-01-16 16:56:46.600,
4379,181,194,181,7,100000.0,,1,3900,2024-01-16 16:57:09.237,
4380,181,194,181,7,68104.0,,1,3900,2024-01-16 16:58:17.210,
4381,182,194,182,7,2253.0,,1,3900,2024-01-16 16:58:33.027,
4382,180,194,180,7,27051.0,,1,3900,2024-01-16 16:58:49.990,
4383,183,194,183,7,41842.0,,1,3900,2024-01-16 16:59:10.153,
4384,102,10,102,7,200000.0,,1,3852,2024-01-16 17:06:19.263,
4385,111,7,111,8,90000.0,,1,3322,2024-01-16 18:28:29.030,
4386,111,7,111,8,90000.0,,1,3322,2024-01-16 18:30:34.387,
4387,104,234,104,3,37000.0,,1,8620,2024-01-17 09:42:18.390,
4388,104,1,104,3,37000.0,,1,8620,2024-01-17 09:42:35.017,
4389,104,14,104,3,500000.0,,1,8620,2024-01-17 09:42:57.993,
4390,47,14,47,3,75000.0,,1,5660,2024-01-17 09:46:55.100,
4391,47,10,47,3,45000.0,,1,5660,2024-01-17 09:47:23.413,
4392,53,1,53,13,85000.0,,1,3322,2024-01-17 11:50:06.907,
4393,103,1,103,10,130000.0,,1,3322,2024-01-17 12:25:39.277,
4394,215,7,215,9,300000.0,,1,3322,2024-01-17 12:33:47.577,
4395,111,194,156,194,447768.0,,1,2054,2024-01-17 15:03:15.373,
4396,111,194,65,194,886105.0,,1,2054,2024-01-17 15:07:08.070,
4397,151,194,65,194,219089.0,,1,2054,2024-01-17 15:07:59.367,
4398,158,14,158,9,65000.0,please process,1,8802,2024-01-17 15:19:02.963,
4399,158,10,158,9,300000.0,please process,1,8802,2024-01-17 15:24:54.120,
4400,158,194,65,194,527554.0,,1,2054,2024-01-17 15:26:01.247,
4401,158,194,41,194,570099.0,,1,2054,2024-01-17 15:27:46.410,
4402,158,14,158,13,183377.0,please process,1,8802,2024-01-17 15:32:17.360,
4403,158,8,158,13,104500.0,please process,1,8802,2024-01-17 15:33:27.000,
4404,159,194,41,194,625465.0,,1,2054,2024-01-17 15:46:47.860,
4405,159,194,21,194,29610.0,,1,2054,2024-01-17 15:48:57.330,
4406,21,4,21,7,105000.0,Please Proceed,1,1567,2024-01-17 15:55:21.223,
4407,21,234,21,7,100000.0,Please Proceed,1,1567,2024-01-17 15:55:52.097,
4408,21,1,21,7,100000.0,Please Proceed,1,1567,2024-01-17 15:56:13.853,
4409,130,194,21,194,230772.0,,1,2054,2024-01-17 15:57:49.807,
4410,130,194,52,194,127987.0,,1,2054,2024-01-17 16:01:06.357,
4411,4,194,9,194,4667364.0,,1,2054,2024-01-17 16:06:58.060,
4412,157,194,9,194,608586.0,,1,2054,2024-01-17 16:08:26.220,
4413,104,194,9,194,758799.0,,1,2054,2024-01-17 16:09:52.447,
4414,22,194,9,194,1190290.0,,1,2054,2024-01-17 16:10:35.483,
4415,102,194,9,194,668215.0,,1,2054,2024-01-17 16:11:14.547,
4416,177,194,9,194,497958.0,,1,2054,2024-01-17 16:12:06.590,
4417,11,194,9,194,352652.0,,1,2054,2024-01-17 16:12:57.360,
4418,215,194,9,194,341767.0,,1,2054,2024-01-17 16:13:33.953,
4419,163,194,9,194,157101.0,,1,2054,2024-01-17 16:14:47.417,
4420,113,194,52,194,132585.0,,1,2054,2024-01-17 16:16:27.677,
4421,150,194,52,194,293302.0,,1,2054,2024-01-17 16:17:03.977,
4422,20,194,52,194,248979.0,,1,2054,2024-01-17 16:17:31.923,
4423,38,194,52,194,283058.0,,1,2054,2024-01-17 16:18:10.077,
4424,103,194,52,194,91332.0,,1,2054,2024-01-17 16:18:46.593,
4425,162,194,52,194,78321.0,,1,2054,2024-01-17 16:19:16.357,
4426,171,194,115,194,78823.0,,1,2054,2024-01-17 16:20:00.303,
4427,119,194,115,194,40812.0,,1,2054,2024-01-17 16:22:02.033,
4428,176,194,115,194,38666.0,,1,2054,2024-01-17 16:22:58.000,
4429,128,194,115,194,30133.0,,1,2054,2024-01-17 16:23:38.240,
4430,128,194,52,194,14581.0,,1,2054,2024-01-17 16:24:17.280,
4431,186,2,186,7,24000.0,,1,2887,2024-01-17 16:39:50.303,
4432,186,6,186,7,19000.0,,1,2887,2024-01-17 16:40:13.350,
4433,158,14,158,8,165440.0,please process,1,8802,2024-01-17 16:45:11.427,
4434,158,14,158,8,58000.0,please process,1,8802,2024-01-17 16:47:27.273,
4435,146,9,146,7,500000.0,,1,2887,2024-01-17 16:49:50.610,
4436,181,10,181,13,106614.0,,1,3900,2024-01-17 16:58:51.097,
4437,2,10,2,9,142000.0,,1,5660,2024-01-17 17:53:15.703,
4438,2,13,2,9,75000.0,,1,5660,2024-01-17 17:53:37.510,
4439,112,10,112,3,10000.0,,1,3322,2024-01-17 18:21:22.017,
4440,112,10,112,3,100000.0,,1,3322,2024-01-17 18:25:34.343,
4441,51,234,51,1,10000.0,,1,546,2024-01-18 11:37:14.450,
4442,51,10,51,8,110000.0,,1,546,2024-01-18 11:55:03.310,
4443,16,14,16,7,300000.0,,1,546,2024-01-18 11:56:09.207,
4444,27,14,27,7,300000.0,,1,546,2024-01-18 11:58:04.037,
4445,47,234,47,3,157000.0,,1,5660,2024-01-18 12:11:59.887,
4446,47,7,47,3,200000.0,,1,5660,2024-01-18 12:12:39.373,
4447,24,7,24,3,100000.0,,1,1912,2024-01-18 13:29:31.733,
4448,21,14,21,7,200000.0,,1,3322,2024-01-18 13:36:59.360,
4449,21,14,21,7,200000.0,,1,3322,2024-01-18 13:37:09.647,
4450,143,14,143,9,250000.0,,1,3322,2024-01-18 13:45:09.927,
4451,21,14,21,7,200000.0,,1,3322,2024-01-18 14:12:05.633,
4452,21,14,21,7,100000.0,,1,3322,2024-01-18 14:12:14.640,
4453,21,10,21,7,100000.0,,1,3322,2024-01-18 14:12:40.140,
4454,21,10,21,7,100000.0,,1,3322,2024-01-18 14:13:38.360,
4455,21,9,21,10,200000.0,,1,3322,2024-01-18 14:15:04.133,
4456,21,7,21,10,100000.0,,1,3322,2024-01-18 14:22:11.977,
4457,12,15,12,7,375000.0,,1,5620,2024-01-18 16:51:35.877,
4458,12,14,12,7,289000.0,,1,5620,2024-01-18 16:52:02.573,
4459,12,8,12,7,50000.0,,1,2755,2024-01-18 17:32:09.450,
4460,53,14,53,13,200000.0,,1,3322,2024-01-18 18:01:41.340,
4461,12,1,12,10,16050.0,,1,3322,2024-01-19 10:37:37.683,
4462,111,4,111,8,110000.0,,1,3322,2024-01-19 10:52:48.370,
4463,117,4,117,2,500000.0,For Glass Activity,1,3999,2024-01-19 11:02:18.440,
4464,162,1,162,10,150000.0,,1,3322,2024-01-19 11:28:39.007,
4465,20,14,20,10,200000.0,,1,3322,2024-01-19 11:29:49.030,
4466,162,14,162,10,60000.0,,1,3322,2024-01-19 11:31:52.290,
4467,20,14,20,10,210000.0,,1,3322,2024-01-19 11:33:20.933,
4468,51,10,51,9,400000.0,,1,546,2024-01-19 11:59:42.160,
4469,16,14,51,3,902915.0,,1,546,2024-01-19 12:08:56.550,
4470,51,10,51,9,400000.0,,1,546,2024-01-19 12:09:52.500,
4471,53,14,53,9,350000.0,,1,3322,2024-01-19 12:21:41.413,
4472,47,3,47,13,10000.0,,1,3322,2024-01-19 14:48:51.157,
4473,47,3,47,13,60000.0,,1,3322,2024-01-19 14:56:45.147,
4474,47,7,47,13,20000.0,,1,3322,2024-01-19 14:57:21.763,
4475,171,1,171,9,120000.0,,1,3322,2024-01-19 15:00:19.527,
4476,38,14,38,9,70000.0,,1,3322,2024-01-19 15:02:11.167,
4477,146,8,146,7,296000.0,,1,2887,2024-01-19 15:52:19.243,
4478,146,10,146,7,150000.0,,1,2887,2024-01-19 15:52:44.230,
4479,16,1,16,9,100000.0,,1,546,2024-01-19 16:08:31.753,
4480,35,14,35,2,50500.0,,1,7312,2024-01-19 16:57:19.287,
4481,13,9,13,3,100000.0,,1,2755,2024-01-19 17:39:34.737,
4482,158,14,158,9,260000.0,please process,1,8802,2024-01-19 17:48:05.503,
4483,53,2,53,13,300000.0,,1,3322,2024-01-19 17:50:28.073,
4484,13,13,13,3,300000.0,,1,2755,2024-01-19 18:36:25.833,
4485,13,9,13,3,100000.0,,1,2755,2024-01-19 18:38:40.560,
4486,215,7,215,13,200000.0,,1,3322,2024-01-22 10:29:55.440,
4487,22,13,22,8,300000.0,,1,3322,2024-01-22 12:52:04.253,
4488,13,2,13,10,120000.0,,1,2755,2024-01-22 13:53:41.693,
4489,181,13,181,9,18497.0,,1,3900,2024-01-22 15:02:54.340,
4490,181,7,181,9,102191.0,,1,3900,2024-01-22 15:03:29.133,
4491,112,10,112,7,220000.0,,1,5660,2024-01-22 15:17:15.637,
4492,112,4,112,7,55000.0,,1,5660,2024-01-22 15:19:20.670,
4493,182,10,182,9,128793.0,,1,3900,2024-01-22 15:21:30.857,
4494,47,3,47,14,270000.0,,1,5660,2024-01-22 15:22:12.367,
4495,47,1,47,14,50000.0,,1,5660,2024-01-22 15:23:30.023,
4496,47,3,47,14,4000.0,,1,5660,2024-01-22 15:24:33.490,
4497,158,14,158,3,36000.0,please process,1,8802,2024-01-22 15:26:16.377,
4498,112,14,112,7,50000.0,,1,5660,2024-01-22 15:26:22.680,
4499,28,4,28,7,700000.0,,1,5618,2024-01-22 15:51:14.933,
4500,41,13,41,3,100000.0,Internal budget transfer same product,1,8859,2024-01-22 17:42:16.837,
4501,16,234,16,7,209452.0,,1,546,2024-01-23 00:13:20.883,
4502,47,14,47,7,324000.0,,1,5660,2024-01-23 11:05:58.887,
4503,22,10,22,8,300000.0,,1,3322,2024-01-23 11:10:52.717,
4504,52,14,52,9,150000.0,,1,3322,2024-01-23 12:17:38.707,
4505,34,4,34,7,33197.0,,1,7312,2024-01-23 12:28:41.337,
4506,34,234,34,7,62205.0,,1,7312,2024-01-23 12:29:43.347,
4507,34,13,34,7,135365.0,,1,7312,2024-01-23 12:30:22.650,
4508,34,1,34,7,24504.0,,1,7312,2024-01-23 12:31:05.940,
4509,34,2,34,7,83712.0,,1,7312,2024-01-23 12:32:50.160,
4510,34,14,34,7,134127.0,,1,7312,2024-01-23 12:33:21.040,
4511,34,10,34,7,46148.0,,1,7312,2024-01-23 12:34:00.980,
4512,34,8,34,7,82173.0,,1,7312,2024-01-23 12:34:31.877,
4513,34,3,34,7,46330.0,,1,7312,2024-01-23 12:34:56.630,
4514,64,2,64,7,70000.0,,1,2887,2024-01-23 12:46:43.197,
4515,64,5,64,7,35000.0,,1,2887,2024-01-23 12:47:14.903,
4516,64,14,64,7,75000.0,,1,2887,2024-01-23 12:48:03.203,
4517,102,14,102,7,200000.0,,1,3852,2024-01-23 12:57:50.570,
4518,102,10,102,7,1000000.0,,1,3852,2024-01-23 13:00:04.733,
4519,64,234,64,7,100000.0,,1,2887,2024-01-23 13:04:49.543,
4520,13,9,13,3,20000.0,,1,5620,2024-01-23 16:41:22.047,
4521,33,14,33,3,900000.0,,1,3322,2024-01-23 17:00:11.540,
4522,64,7,64,13,200000.0,,1,3322,2024-01-23 17:51:58.610,
4523,22,10,22,7,400000.0,,1,3322,2024-01-24 09:21:45.850,
4524,117,5,117,7,300000.0,For FL Incentive,1,3999,2024-01-24 10:13:20.773,
4525,180,3,180,7,147981.0,,1,3900,2024-01-24 10:47:49.473,
4526,22,14,22,7,200000.0,,1,3852,2024-01-24 11:15:47.253,
4527,112,4,112,13,120000.0,,1,3322,2024-01-24 11:52:34.537,
4528,50,1,50,13,5000.0,,1,3322,2024-01-24 12:00:32.630,
4529,47,10,47,13,50000.0,,1,3322,2024-01-24 12:01:30.073,
4530,112,2,112,13,100000.0,,1,3322,2024-01-24 12:06:10.640,
4531,9,3,9,13,550000.0,,1,3322,2024-01-24 12:33:08.067,
4532,9,1,9,10,250000.0,,1,3322,2024-01-24 12:41:06.493,
4533,64,3,64,7,120000.0,,1,2887,2024-01-24 13:24:25.653,
4534,156,3,156,7,50000.0,,1,8617,2024-01-24 13:35:44.673,
4535,161,14,161,9,500000.0,,1,8803,2024-01-24 14:16:20.670,
4536,22,14,22,7,200000.0,,1,5596,2024-01-24 16:12:01.320,
4537,22,14,22,3,200000.0,,1,5596,2024-01-24 16:28:47.130,
4538,22,10,22,7,500000.0,,1,3322,2024-01-24 18:02:59.020,
4539,22,9,22,7,400000.0,,1,3322,2024-01-24 18:04:20.870,
4540,97,5,97,6,200000.0,activity purpose,1,3999,2024-01-24 20:50:35.243,
4541,22,10,22,8,400000.0,,1,3852,2024-01-25 02:14:53.467,
4542,22,14,22,8,200000.0,,1,3852,2024-01-25 02:15:22.847,
4543,102,10,102,8,180000.0,,1,3852,2024-01-25 02:16:07.457,
4544,9,3,9,13,40000.0,,1,3322,2024-01-25 09:54:15.643,
4545,9,1,9,13,40000.0,,1,3322,2024-01-25 09:56:25.507,
4546,38,14,38,13,150000.0,,1,3322,2024-01-25 09:58:41.210,
4547,55,14,116,7,500000.0,,1,8803,2024-01-25 13:02:13.513,
4548,9,5,9,8,150000.0,,1,3322,2024-01-25 13:07:53.947,
4549,116,2,116,7,200000.0,,1,8803,2024-01-25 13:10:15.833,
4550,12,14,12,7,40000.0,,1,2755,2024-01-25 14:20:23.760,
4551,35,234,34,7,187160.0,,1,7312,2024-01-25 14:28:29.593,
4552,187,1,187,13,144214.0,,1,3900,2024-01-25 16:12:36.247,
4553,187,14,187,13,34473.0,,1,3900,2024-01-25 16:12:56.470,
4554,187,10,187,13,292417.0,,1,3900,2024-01-25 16:13:12.793,
4555,187,7,187,13,534721.0,,1,3900,2024-01-25 16:13:27.793,
4556,158,14,158,7,10000.0,please process,1,8802,2024-01-25 17:11:44.613,
4557,139,4,139,5,200000.0,activity,1,3999,2024-01-25 18:21:29.373,
4558,111,14,111,7,100000.0,Budget transfer for activity relevant GL,1,2718,2024-01-26 00:57:57.093,
4559,37,14,37,7,100000.0,,1,2887,2024-01-26 01:51:54.887,
4560,112,1,112,3,130000.0,,1,5660,2024-01-26 11:22:53.073,
4561,112,2,112,3,120000.0,,1,5660,2024-01-26 11:23:12.093,
4562,112,14,112,3,100000.0,,1,5660,2024-01-26 11:23:31.653,
4563,112,5,112,3,40000.0,,1,5660,2024-01-26 11:23:58.037,
4564,112,234,112,3,30000.0,,1,5660,2024-01-26 11:24:48.523,
4565,114,1,114,10,40000.0,,1,2755,2024-01-26 12:44:13.217,
4566,102,1,102,7,150000.0,,1,3322,2024-01-26 16:05:35.397,
4567,28,4,28,7,500000.0,,1,5618,2024-01-26 16:55:00.550,
4568,28,1,28,7,500000.0,,1,5618,2024-01-26 16:55:19.870,
4569,19,13,19,8,100000.0,,1,3322,2024-01-26 16:57:32.467,
4570,142,10,142,9,110000.0,,1,3322,2024-01-26 17:52:20.963,
4571,158,2,158,7,200000.0,budget movement request due to negative balance,1,1196,2024-01-29 10:25:44.730,
4572,102,234,102,7,150000.0,,1,2073,2024-01-29 10:37:26.553,
4573,22,4,22,7,300000.0,,1,3322,2024-01-29 11:02:51.973,
4574,16,7,16,5,250000.0,,1,5611,2024-01-29 11:17:28.693,
4575,22,2,22,7,200000.0,,1,3322,2024-01-29 11:18:19.760,
4576,16,7,16,5,166000.0,,1,5611,2024-01-29 12:51:11.143,
4577,51,3,16,5,200000.0,,1,5611,2024-01-29 12:53:04.120,
4578,16,1,16,5,100000.0,,1,5611,2024-01-29 12:53:56.220,
4579,27,7,27,9,300000.0,,1,5611,2024-01-29 12:57:16.913,
4580,9,14,9,9,100000.0,,1,3322,2024-01-29 13:57:40.090,
4581,52,13,52,9,600000.0,,1,3322,2024-01-29 14:02:35.780,
4582,44,28,44,17,2000000.0,,1,2054,2024-01-29 14:21:12.103,
4583,44,27,44,17,5000000.0,,1,2054,2024-01-29 14:21:30.760,
4584,3,9,114,13,130000.0,,1,2755,2024-01-29 14:36:19.240,
4585,12,8,114,13,51000.0,,1,2755,2024-01-29 14:36:46.577,
4586,13,234,114,13,56000.0,,1,2755,2024-01-29 14:37:11.110,
4587,13,2,114,13,39900.0,,1,2755,2024-01-29 14:37:41.297,
4588,13,9,114,13,116000.0,,1,2755,2024-01-29 14:38:06.477,
4589,114,10,114,13,59000.0,,1,2755,2024-01-29 14:38:52.650,
4590,182,234,182,2,47135.0,,1,3900,2024-01-29 15:21:01.900,
4591,180,234,180,13,51734.0,,1,3900,2024-01-29 15:21:35.530,
4592,183,7,183,9,210791.0,,1,3900,2024-01-29 15:22:01.710,
4593,61,234,61,13,10347.0,,1,3900,2024-01-29 15:22:42.407,
4594,9,14,9,5,60000.0,,1,7130,2024-01-29 16:22:27.770,
4595,9,13,9,5,7000.0,,1,7130,2024-01-29 16:25:09.663,
4596,52,14,20,13,2000000.0,,1,7308,2024-01-29 17:42:24.143,
4597,37,13,37,7,70000.0,,1,3322,2024-01-29 18:02:38.057,
4598,37,14,37,7,200000.0,,1,3322,2024-01-30 11:00:56.780,
4599,27,9,27,7,5000.0,,1,546,2024-01-30 11:59:42.573,
4600,49,7,49,9,100000.0,,1,1912,2024-01-30 12:24:28.510,
4601,163,2,163,13,50000.0,,1,3322,2024-01-30 15:38:30.787,
4602,187,13,181,7,352377.0,,1,3900,2024-01-30 17:19:57.267,
4603,61,10,61,7,121254.0,,1,3900,2024-01-30 17:20:48.270,
4604,61,3,61,3,185159.0,,1,3900,2024-01-30 17:21:18.017,
4605,61,3,61,7,185159.0,,1,3900,2024-01-30 17:24:53.400,
4606,61,7,181,7,488558.0,,1,3900,2024-01-30 17:25:13.790,
4607,29,13,104,3,1000000.0,,1,8620,2024-01-30 18:38:38.917,
4608,158,14,158,3,148468.0,please process,1,8802,2024-01-30 21:55:29.297,
4609,157,14,158,3,300000.0,please process,1,8802,2024-01-30 21:56:28.000,
4610,158,10,158,3,189143.0,please process,1,8802,2024-01-30 22:42:09.207,
4611,162,2,162,10,50000.0,,1,3322,2024-01-31 09:16:19.063,
4612,20,13,20,10,300000.0,,1,3322,2024-01-31 09:17:19.637,
4613,20,13,20,10,150000.0,,1,3322,2024-01-31 09:18:19.697,
4614,53,7,53,13,600000.0,,1,3322,2024-01-31 09:46:35.083,
4615,53,7,53,13,600000.0,,1,3322,2024-01-31 10:11:24.207,
4616,53,13,53,10,300000.0,,1,3322,2024-01-31 10:16:24.590,
4617,52,13,52,10,200000.0,,1,3322,2024-01-31 10:17:29.407,
4618,115,2,115,9,100000.0,,1,3322,2024-01-31 10:24:55.303,
4619,158,10,158,7,300000.0,budget movement request due to negative balance,1,1196,2024-01-31 11:06:00.190,
4620,131,14,131,13,100000.0,,1,2338,2024-01-31 11:45:06.147,
4621,181,7,181,10,500000.0,,1,3900,2024-01-31 11:47:23.710,
4622,181,7,181,13,500000.0,,1,3900,2024-01-31 11:47:48.923,
4623,181,7,181,9,500000.0,,1,3900,2024-01-31 11:59:51.337,
4624,28,14,28,13,500000.0,,1,3322,2024-01-31 13:35:14.217,
4625,60,14,60,13,100000.0,,1,3322,2024-01-31 13:36:06.580,
4626,131,14,131,13,500000.0,,1,3322,2024-01-31 13:36:31.150,
4627,178,14,178,7,100000.0,,1,5660,2024-01-31 13:40:18.227,
4628,13,1,13,3,15000.0,,1,2755,2024-01-31 13:47:00.413,
4629,13,10,13,3,10000.0,,1,2755,2024-01-31 13:47:51.047,
4630,102,5,102,13,130000.0,,1,2073,2024-01-31 15:55:05.743,
4631,102,3,102,13,90000.0,,1,2073,2024-01-31 15:55:38.793,
4632,146,3,146,13,440000.0,,1,7411,2024-01-31 16:00:08.737,
4633,146,8,146,13,200000.0,,1,7411,2024-01-31 16:00:37.843,
4634,174,234,174,1,45000.0,,1,8858,2024-01-31 16:31:24.847,
4635,174,2,174,1,11000.0,,1,8858,2024-01-31 16:32:23.317,
4636,174,10,174,1,13400.0,,1,8858,2024-01-31 16:34:41.530,
4637,174,1,34,1,87091.0,,1,7312,2024-01-31 17:11:45.933,
4638,174,234,34,1,16126.0,,1,7312,2024-01-31 17:12:53.757,
4639,174,13,34,13,18123.0,,1,7312,2024-01-31 17:13:36.407,
4640,174,9,34,9,16901.0,,1,7312,2024-01-31 17:14:11.577,
4641,174,10,34,10,18239.0,,1,7312,2024-01-31 17:14:55.457,
4642,174,8,34,8,116007.0,,1,7312,2024-01-31 17:15:27.133,
4643,62,4,34,1,21434.0,,1,7312,2024-01-31 17:23:45.003,
4644,62,234,34,234,76518.0,,1,7312,2024-01-31 17:24:27.103,
4645,156,10,156,7,100000.0,Budget transfer for activity relevant GL,1,2718,2024-01-31 18:10:00.597,
4646,158,1,158,3,51000.0,budget movement request due to negative balance,1,1196,2024-02-01 10:33:29.863,
4647,38,234,38,7,80000.0,,1,7363,2024-02-01 11:02:59.103,
4648,4,234,4,4,50000.0,,1,1567,2024-02-01 11:30:19.983,
4649,112,10,112,9,200000.0,,1,3322,2024-02-01 13:08:24.580,
4650,22,1,22,7,200000.0,,1,3322,2024-02-01 14:44:05.067,
4651,22,2,22,7,150000.0,,1,3322,2024-02-01 14:44:23.817,
4652,22,9,22,7,100000.0,,1,3322,2024-02-01 14:44:45.340,
4653,153,7,153,10,100000.0,,1,1912,2024-02-02 15:34:22.920,
4654,181,7,181,9,352256.0,,1,3900,2024-02-02 15:34:22.920,
4655,181,10,181,7,249130.0,,1,3900,2024-02-02 15:35:00.623,
4656,112,14,112,13,150000.0,,1,3322,2024-02-02 16:09:30.947,
4657,111,10,111,7,200000.0,Budget transfer for activity relevant GL,1,2718,2024-02-02 16:10:31.897,
4658,47,10,47,13,50000.0,,1,3322,2024-02-02 16:14:00.417,
4659,158,10,158,9,150000.0,budget movement request due to negative balance,1,1196,2024-02-02 17:46:12.777,
4660,65,10,65,13,300000.0,budget movement request due to negative balance,1,1196,2024-02-02 17:47:33.137,
4661,158,13,158,8,198000.0,budget movement request due to negative balance,1,1196,2024-02-02 17:50:38.450,
4662,53,9,53,7,100000.0,,1,7363,2024-02-02 17:55:19.213,
4663,65,234,65,4,150000.0,budget movement request due to negative balance,1,1196,2024-02-02 18:11:16.733,
4664,158,8,158,7,298000.0,budget movement request due to negative balance,1,1196,2024-02-02 18:17:49.777,
4665,158,1,158,7,100000.0,budget movement request due to negative balance,1,1196,2024-02-02 18:19:05.827,
4666,60,4,60,13,50000.0,,1,2338,2024-02-06 11:06:32.040,
4667,52,2,52,9,100000.0,,1,3358,2024-02-06 11:51:29.117,
4668,11,14,11,9,200000.0,,1,3358,2024-02-06 11:52:35.337,
4669,171,14,171,7,35000.0,,1,7363,2024-02-06 13:19:21.433,
4670,115,3,115,7,80000.0,,1,7363,2024-02-06 13:19:54.350,
4671,53,3,53,7,200000.0,,1,7363,2024-02-06 13:20:22.973,
4672,53,14,53,7,100000.0,,1,7363,2024-02-06 13:20:43.437,
4673,22,4,22,7,100000.0,,1,3322,2024-02-06 13:58:09.213,
4674,22,9,22,7,100000.0,,1,3322,2024-02-06 13:58:23.560,
4675,22,1,22,7,100000.0,,1,3322,2024-02-06 13:58:47.397,
4676,22,5,22,7,100000.0,,1,3322,2024-02-06 13:59:12.693,
4677,159,14,159,8,300000.0,,1,3322,2024-02-06 14:38:59.033,
4678,115,14,115,7,56000.0,,1,3322,2024-02-06 15:11:38.220,
4679,115,2,115,7,50000.0,,1,3322,2024-02-06 15:12:17.050,
4680,53,9,53,3,200000.0,,1,7363,2024-02-06 15:33:45.503,
4681,20,13,20,10,500000.0,,1,3322,2024-02-06 15:45:00.950,
4682,156,14,156,3,30000.0,,1,8617,2024-02-07 10:52:44.550,
4683,104,6,104,1,90000.0,,1,8620,2024-02-07 12:21:51.163,
4684,104,234,104,1,30000.0,,1,8620,2024-02-07 12:22:07.963,
4685,111,14,111,7,200000.0,Budget transfer for activity relevant GL,1,2718,2024-02-07 16:20:24.590,
4686,104,1,104,9,120000.0,,1,8620,2024-02-07 16:28:21.807,
4687,104,1,104,9,10000.0,,1,8620,2024-02-07 16:29:17.820,
4688,22,5,22,8,90000.0,,1,3322,2024-02-07 17:28:55.783,
4689,22,2,22,8,70000.0,,1,3322,2024-02-07 17:29:30.187,
4690,53,13,53,8,400000.0,,1,3322,2024-02-07 17:33:43.643,
4691,22,4,22,8,40000.0,,1,3322,2024-02-07 18:08:27.777,
4692,27,14,27,7,50000.0,,1,546,2024-02-09 10:45:37.770,
4693,111,4,111,7,300000.0,Budget transfer for activity relevant GL,1,2718,2024-02-09 10:53:38.510,
4694,158,1,158,2,7000.0,please process,1,8802,2024-02-09 11:03:26.690,
4695,158,1,158,2,3000.0,please process,1,8802,2024-02-09 11:04:15.573,
4696,158,1,158,2,3000.0,please process,1,8802,2024-02-09 11:04:54.910,
4697,158,1,158,2,3000.0,please process,1,8802,2024-02-09 11:05:12.807,
4698,157,1,158,2,5000.0,please process,1,8802,2024-02-09 11:11:06.637,
4699,65,10,158,2,3000.0,please process,1,8802,2024-02-09 11:24:34.593,
4700,65,10,158,2,3000.0,please process,1,8802,2024-02-09 11:24:41.507,
4701,65,10,158,2,15000.0,please process,1,8802,2024-02-09 11:25:41.743,
4702,108,1,108,13,600000.0,,1,812,2024-02-09 12:04:13.300,
4703,112,10,112,9,100000.0,,1,3322,2024-02-09 15:58:21.453,
4704,112,10,112,9,10000.0,,1,3322,2024-02-09 15:59:17.883,
4705,112,10,112,9,150000.0,,1,3322,2024-02-09 16:10:24.790,
4706,143,13,143,7,100000.0,,1,7308,2024-02-09 16:32:58.607,
4707,143,13,143,7,100000.0,,1,7308,2024-02-09 16:33:00.140,
4708,164,7,164,9,100000.0,,1,812,2024-02-09 16:41:05.813,
4709,164,7,164,13,500000.0,,1,812,2024-02-09 16:44:03.353,
4710,164,7,164,13,400000.0,,1,812,2024-02-09 17:00:22.550,
4711,146,9,146,13,200000.0,,1,3322,2024-02-09 18:28:26.960,
4712,13,2,13,3,50000.0,,1,2755,2024-02-09 19:03:09.873,
4713,22,234,22,7,508000.0,,1,2073,2024-02-09 21:20:48.023,
4714,22,1,22,7,50000.0,,1,2073,2024-02-09 21:21:04.920,
4715,111,4,111,8,100000.0,Budget transfer for activity relevant GL,1,2718,2024-02-10 19:39:03.740,
4716,111,7,111,8,50000.0,Budget transfer for activity relevant GL,1,2718,2024-02-10 19:39:31.400,
4717,156,4,156,8,200000.0,Budget transfer for activity relevant GL,1,2718,2024-02-10 19:39:49.660,
4718,111,13,111,8,50000.0,Budget transfer for activity relevant GL,1,2718,2024-02-10 19:42:32.040,
4719,53,7,53,13,300000.0,,1,3322,2024-02-12 10:26:49.323,
4720,115,7,115,13,100000.0,,1,3322,2024-02-12 10:27:13.723,
4721,111,13,111,7,100000.0,Budget transfer for activity relevant GL,1,2718,2024-02-12 17:03:15.840,
4722,123,14,123,9,400000.0,,1,2052,2024-02-12 18:14:01.427,
4723,53,2,53,7,100000.0,,1,3322,2024-02-13 10:39:01.907,
4724,9,4,9,10,70000.0,,1,3322,2024-02-13 10:43:44.013,
4725,94,3,94,7,500000.0,,1,5356,2024-02-13 10:53:51.333,
4726,53,14,53,13,100000.0,,1,3322,2024-02-13 12:21:24.813,
4727,13,3,13,4,65000.0,,1,5620,2024-02-13 12:52:38.053,
4728,24,7,24,3,100000.0,,1,1912,2024-02-13 13:31:27.220,
4729,13,2,13,3,50000.0,,1,2755,2024-02-13 15:58:15.357,
4730,142,2,142,9,100000.0,,1,3322,2024-02-13 16:01:37.760,
4731,50,13,50,9,500000.0,,1,3322,2024-02-13 16:23:17.343,
4732,215,7,215,13,20000.0,,1,3358,2024-02-14 10:53:23.047,
4733,153,14,153,7,300000.0,,1,7413,2024-02-14 12:20:06.810,
4734,181,7,181,1,2000.0,,1,3900,2024-02-14 15:24:48.367,
4735,181,9,181,13,198665.0,,1,3900,2024-02-14 15:25:33.500,
4736,181,7,181,13,100000.0,,1,3900,2024-02-14 15:25:52.967,
4737,123,14,44,194,4000000.0,As per the request of MK,1,2052,2024-02-14 15:35:07.383,
4738,123,14,44,16,4000000.0,As per the request of MK,1,2052,2024-02-14 15:38:44.237,
4739,62,2,34,2,46000.0,,1,7312,2024-02-14 18:40:35.957,
4740,62,10,34,10,101977.0,,1,7312,2024-02-14 18:41:19.887,
4741,127,3,34,3,46000.0,,1,7312,2024-02-14 18:41:47.097,
4742,127,8,34,7,38648.0,,1,7312,2024-02-14 18:42:49.430,
4743,62,8,34,7,34583.0,,1,7312,2024-02-14 18:43:14.347,
4744,35,14,34,7,89701.0,,1,7312,2024-02-14 18:43:46.493,
4745,4,13,4,8,300000.0,,1,3322,2024-02-15 11:06:25.257,
4746,151,3,151,7,200000.0,,1,3322,2024-02-15 11:11:04.170,
4747,4,14,4,8,500000.0,,1,3322,2024-02-15 11:23:21.397,
4748,22,10,22,8,300000.0,,1,3322,2024-02-15 11:24:33.837,
4749,34,1,34,13,60500.0,,1,7312,2024-02-15 12:57:54.580,
4750,34,7,34,13,25740.0,,1,7312,2024-02-15 12:58:24.553,
4751,28,5,28,7,200000.0,,1,5618,2024-02-15 14:11:51.663,
4752,44,16,44,195,4000000.0,,1,2054,2024-02-15 15:57:27.013,
4753,53,14,53,3,200000.0,,1,3322,2024-02-15 17:16:02.997,
4754,60,4,60,9,25000.0,,1,2338,2024-02-15 17:54:44.850,
4755,149,2,149,9,35000.0,,1,2338,2024-02-15 17:55:48.077,
4756,53,14,53,3,150000.0,,1,3322,2024-02-15 18:22:37.453,
4757,21,10,21,234,100000.0,,1,1567,2024-02-15 19:17:06.133,
4758,11,14,11,13,1000000.0,,1,7308,2024-02-16 12:03:56.190,
4759,44,27,44,195,1000000.0,,1,2054,2024-02-16 12:28:42.783,
4760,44,27,44,21,1190131.0,,1,2054,2024-02-16 12:31:39.677,
4761,176,3,53,14,300000.0,,1,7363,2024-02-16 16:40:46.623,
4762,171,9,53,14,72500.0,,1,7363,2024-02-16 16:41:42.657,
4763,137,10,53,14,269000.0,,1,7363,2024-02-16 16:42:46.500,
4764,171,9,53,14,100000.0,,1,7363,2024-02-16 16:55:23.997,
4765,108,1,108,9,100000.0,,1,3322,2024-02-16 17:02:50.930,
4766,164,7,164,9,500000.0,,1,812,2024-02-16 17:03:17.513,
4767,13,9,13,7,621000.0,,1,2054,2024-02-16 17:06:02.470,
4768,164,7,164,8,500000.0,,1,812,2024-02-16 17:08:28.210,
4769,115,7,53,14,100000.0,,1,7363,2024-02-16 17:50:04.243,
4770,176,13,53,14,170000.0,,1,7363,2024-02-16 17:46:56.660,
4771,64,7,64,13,45000.0,,1,3322,2024-02-16 18:14:06.453,
4772,64,10,64,13,30000.0,,1,3322,2024-02-16 18:15:00.227,
4773,64,9,64,13,23000.0,,1,3322,2024-02-16 18:15:36.997,
4774,64,4,64,13,25000.0,,1,3322,2024-02-16 18:16:38.670,
4775,15,10,15,13,400000.0,,1,3322,2024-02-16 18:28:20.187,
4776,64,13,64,7,77000.0,,1,7411,2024-02-16 18:45:08.703,
4777,53,14,53,7,294600.0,,1,7130,2024-02-19 10:49:48.080,
4778,47,234,47,13,50000.0,,1,5660,2024-02-19 12:38:50.533,
4779,156,14,156,7,1400000.0,Budget transfer for activity relevant GL,1,2718,2024-02-19 14:50:41.157,
4780,156,5,156,13,700000.0,Budget transfer for activity relevant GL,1,2718,2024-02-19 14:55:42.097,
4781,53,3,53,10,300000.0,,1,3322,2024-02-19 17:26:06.613,
4782,115,1,115,13,100000.0,,1,3322,2024-02-20 09:40:47.607,
4783,153,7,153,4,40000.0,,1,7413,2024-02-20 11:39:03.683,
4784,49,7,49,9,100000.0,,1,7413,2024-02-20 12:07:21.847,
4785,13,2,13,3,100000.0,,1,2755,2024-02-20 13:03:45.237,
4786,123,14,123,8,150000.0,,1,3322,2024-02-20 16:36:59.503,
4787,123,14,123,7,750000.0,,1,3322,2024-02-20 16:53:31.773,
4788,49,7,49,3,100000.0,,1,1912,2024-02-20 17:30:18.030,
4789,150,3,150,7,800000.0,,1,2073,2024-02-20 18:48:36.963,
4790,4,4,4,8,20000.0,,1,1567,2024-02-20 19:18:46.470,
4791,4,1,4,8,9000.0,,1,1567,2024-02-20 19:20:08.143,
4792,4,2,4,8,6000.0,,1,1567,2024-02-20 19:20:27.023,
4793,11,14,11,9,200000.0,,1,3322,2024-02-21 09:02:59.700,
4794,41,13,41,9,100000.0,,1,3322,2024-02-21 09:35:17.597,
4795,22,14,22,7,500000.0,,1,3322,2024-02-21 09:40:55.923,
4796,4,10,4,3,300000.0,,1,3322,2024-02-21 10:50:37.070,
4797,4,13,4,8,300000.0,,1,3322,2024-02-21 10:59:38.130,
4798,22,13,22,8,300000.0,,1,3322,2024-02-21 11:08:31.207,
4799,102,13,102,3,90000.0,,1,2073,2024-02-21 16:57:50.317,
4800,4,14,4,13,300000.0,,1,3322,2024-02-21 17:33:33.090,
4801,4,13,4,9,200000.0,,1,3322,2024-02-21 18:01:40.297,
4802,22,13,22,8,600000.0,,1,3322,2024-02-21 18:08:26.090,
4803,22,10,22,8,500000.0,,1,3322,2024-02-21 18:08:38.767,
4804,47,10,47,3,10000.0,,1,5660,2024-02-22 10:35:19.840,
4805,47,10,47,3,10000.0,,1,5660,2024-02-22 10:35:46.603,
4806,50,10,50,3,200000.0,,1,5660,2024-02-22 10:37:44.343,
4807,4,10,4,13,100000.0,,1,3322,2024-02-22 10:56:35.950,
4808,27,234,27,9,77387.0,,1,546,2024-02-22 15:08:30.430,
4809,27,14,27,9,50000.0,,1,546,2024-02-22 15:10:02.373,
4810,27,2,27,13,5350.0,,1,546,2024-02-22 15:10:55.843,
4811,27,10,27,13,50000.0,,1,546,2024-02-22 15:11:44.537,
4812,27,3,27,7,3626.0,,1,546,2024-02-22 15:13:07.827,
4813,27,14,27,9,50000.0,,1,546,2024-02-22 15:19:35.900,
4814,151,13,151,7,100000.0,Budget transfer for activity relevant GL,1,2718,2024-02-22 16:08:32.880,
4815,181,13,181,7,87516.0,,1,3900,2024-02-22 16:53:45.790,
4816,123,15,123,7,400000.0,,1,3322,2024-02-22 17:16:37.523,
4817,156,4,151,7,200000.0,Budget transfer for activity relevant GL,1,2718,2024-02-22 17:26:58.537,
4818,156,14,151,7,200000.0,Budget transfer for activity relevant GL,1,2718,2024-02-22 17:27:20.970,
4819,22,14,22,13,700000.0,,1,3852,2024-02-22 19:29:43.987,
4820,22,3,22,13,290000.0,,1,3852,2024-02-22 19:31:27.877,
4821,22,4,22,13,200000.0,,1,3852,2024-02-22 19:32:00.117,
4822,22,10,22,13,700000.0,,1,3852,2024-02-22 19:33:40.673,
4823,22,13,22,7,800000.0,,1,3852,2024-02-22 19:35:16.903,
4824,102,10,102,7,100000.0,,1,3852,2024-02-23 09:31:18.137,
4825,22,13,22,8,500000.0,,1,3322,2024-02-23 09:31:28.653,
4826,102,10,102,7,500000.0,,1,3852,2024-02-23 09:32:39.163,
4827,102,10,102,2,100000.0,,1,3852,2024-02-23 09:36:37.830,
4828,22,13,22,8,400000.0,,1,3322,2024-02-23 09:52:32.257,
4829,22,10,22,8,300000.0,,1,3322,2024-02-23 10:07:30.703,
4830,29,13,29,9,200000.0,,1,8620,2024-02-23 10:39:41.753,
4831,22,9,22,10,200000.0,,1,3322,2024-02-23 11:04:00.950,
4832,102,9,102,8,300000.0,,1,3322,2024-02-23 11:16:31.790,
4833,156,9,156,7,250000.0,,1,8617,2024-02-23 14:26:03.883,
4834,151,13,151,7,50000.0,Budget transfer for activity relevant GL,1,2718,2024-02-23 16:15:01.330,
4835,151,13,151,7,20000.0,Budget transfer for activity relevant GL,1,2718,2024-02-23 16:20:05.713,
4836,24,14,51,7,5000000.0,,1,2020,2024-02-23 22:44:02.347,
4837,24,8,51,10,2000000.0,,1,2020,2024-02-23 22:38:16.257,
4838,24,13,51,13,1000000.0,,1,2020,2024-02-23 22:39:41.030,
4839,49,7,51,7,1500000.0,,1,2020,2024-02-23 22:43:22.577,
4840,24,9,51,7,500000.0,,1,2020,2024-02-23 22:57:13.110,
4841,102,3,102,10,400000.0,,1,3322,2024-02-26 10:34:07.910,
4842,102,3,102,9,200000.0,,1,3322,2024-02-26 11:59:48.930,
4843,24,8,51,7,1000000.0,Budget transfer,1,1980,2024-02-26 12:25:20.843,
4844,24,14,51,7,5000000.0,budget tran,1,1980,2024-02-26 12:25:46.080,
4845,49,7,51,14,1000000.0,budget transfer Feb 2024,1,1980,2024-02-26 12:26:34.497,
4846,153,8,51,7,1000000.0,,1,1980,2024-02-26 12:27:01.233,
4847,47,10,47,9,16000.0,,1,5660,2024-02-27 10:06:30.523,
4848,112,234,112,9,50000.0,,1,5660,2024-02-27 10:07:31.923,
4849,47,10,47,9,20000.0,,1,3322,2024-02-27 10:21:28.793,
4850,60,1,60,10,10000.0,,1,2338,2024-02-27 11:13:22.120,
4851,149,14,149,9,400000.0,,1,3322,2024-02-27 11:16:33.557,
4852,51,10,172,8,1000000.0,Budget required for LUTS Explore Trials & WKD,1,5611,2024-02-27 15:18:43.547,
4853,180,13,180,7,26734.0,,1,3900,2024-02-27 15:23:24.553,
4854,180,10,180,7,103451.0,,1,3900,2024-02-27 15:23:42.570,
4855,180,7,181,7,248425.0,,1,3900,2024-02-27 15:24:22.067,
4856,41,14,41,3,300000.0,Internal budget transfer same product,1,8859,2024-02-27 16:37:00.093,
4857,159,234,159,2,56000.0,,1,8620,2024-02-27 16:39:59.683,
4858,29,14,29,9,150000.0,,1,8620,2024-02-27 17:05:21.927,
4859,49,7,49,13,200000.0,,1,1912,2024-02-27 17:40:40.080,
4860,28,234,28,13,200000.0,,1,5618,2024-02-27 18:05:51.797,
4861,27,14,27,10,115000.0,,1,546,2024-02-28 10:44:35.310,
4862,51,10,51,14,130000.0,,1,546,2024-02-28 10:46:13.497,
4863,51,7,51,14,3000000.0,,1,546,2024-02-28 10:47:00.203,
4864,51,10,51,14,608000.0,,1,546,2024-02-28 10:48:03.897,
4865,51,7,51,14,599122.0,,1,546,2024-02-28 10:49:09.337,
4866,49,10,49,9,250000.0,,1,3322,2024-02-28 11:51:14.797,
4867,41,14,41,8,150000.0,,1,3322,2024-02-28 12:16:11.750,
4868,51,7,16,2,1000000.0,Budget required for G80 campaign,1,5611,2024-02-28 17:10:52.623,
4869,20,13,20,7,200000.0,,1,7308,2024-02-29 11:03:35.340,
4870,52,14,52,13,200000.0,,1,3322,2024-02-29 16:31:22.130,
4871,215,7,215,13,200000.0,,1,3322,2024-02-29 16:38:10.013,
4872,24,14,24,9,200000.0,,1,3322,2024-02-29 17:00:01.903,
4873,50,10,50,9,250000.0,,1,3322,2024-03-01 10:16:06.957,
4874,52,2,52,8,120000.0,,1,3322,2024-03-04 14:29:13.010,
4875,52,2,52,9,150000.0,,1,3322,2024-03-04 14:51:07.827,
4876,52,1,52,10,200000.0,,1,3322,2024-03-04 15:33:57.397,
4877,181,7,181,13,1000000.0,,1,3900,2024-03-04 16:04:14.017,
4878,181,7,181,9,500000.0,,1,3900,2024-03-04 16:07:32.857,
4879,181,7,181,10,500000.0,,1,3900,2024-03-04 16:08:02.787,
4880,151,14,151,13,250000.0,,1,3322,2024-03-04 16:44:46.387,
4881,151,14,151,8,250000.0,,1,3322,2024-03-04 16:51:29.703,
4882,49,14,49,9,100000.0,,1,7413,2024-03-04 16:54:30.050,
4883,24,14,24,9,200000.0,,1,7413,2024-03-04 16:54:52.240,
4884,153,14,153,9,100000.0,,1,7413,2024-03-04 16:55:06.393,
4885,151,14,151,9,300000.0,,1,3322,2024-03-04 17:17:17.360,
4886,151,14,151,10,30000.0,,1,3322,2024-03-04 17:19:49.720,
4887,112,4,112,7,180000.0,,1,5660,2024-03-05 02:03:01.353,
4888,178,14,178,7,200000.0,,1,5660,2024-03-05 02:06:46.690,
4889,112,234,112,3,95000.0,,1,5660,2024-03-05 02:11:28.527,
4890,181,7,181,10,500000.0,,1,3322,2024-03-05 09:58:23.177,
4891,28,4,28,7,500000.0,,1,5618,2024-03-06 10:19:03.337,
4892,28,234,28,7,500000.0,,1,5618,2024-03-06 10:19:21.720,
4893,41,10,41,9,200000.0,,1,3322,2024-03-06 15:57:39.477,
4894,13,2,13,8,200000.0,,1,2755,2024-03-07 12:19:48.127,
4895,172,8,172,7,500000.0,,1,5611,2024-03-08 16:55:11.757,
4896,49,7,49,3,100000.0,,1,1912,2024-03-11 16:57:37.373,
4897,49,14,49,3,100000.0,,1,1912,2024-03-11 16:58:59.267,
4898,47,234,47,9,50000.0,,1,5660,2024-03-12 09:45:00.823,
4899,28,1,28,13,500000.0,,1,5618,2024-03-12 11:13:21.637,
4900,64,7,64,8,4000.0,,1,7411,2024-03-12 12:10:16.800,
4901,24,14,24,10,300000.0,,1,7413,2024-03-12 12:35:52.100,
4902,123,14,123,5,20000.0,,1,2052,2024-03-12 13:23:55.710,
4903,1,14,1,9,500000.0,,1,8803,2024-03-12 13:59:47.743,
4904,1,14,1,3,500000.0,,1,8803,2024-03-12 14:01:10.143,
4905,159,7,29,7,191031.0,,1,8620,2024-03-12 14:08:49.730,
4906,159,3,29,7,45757.0,,1,8620,2024-03-12 14:09:44.077,
4907,-159,-10,-29,-7,361423.0,,1,8620,2024-03-12 14:10:26.943,
4908,159,14,29,7,305970.0,,1,8620,2024-03-12 14:11:07.930,
4909,159,13,29,13,93165.0,,1,8620,2024-03-12 14:11:53.640,
4910,159,2,29,14,15900.0,,1,8620,2024-03-12 14:13:07.957,
4911,49,7,49,13,100000.0,,1,1912,2024-03-12 17:06:39.553,
4912,41,14,41,3,200000.0,Internal budget transfer,1,8859,2024-03-13 10:23:35.857,
4913,49,7,49,13,200000.0,,1,1912,2024-03-13 12:34:02.477,
4914,24,7,24,13,200000.0,,1,1912,2024-03-13 12:34:25.633,
4915,41,14,41,7,669000.0,,1,8620,2024-03-13 12:36:50.727,
4916,41,10,41,7,625000.0,,1,8620,2024-03-13 12:37:27.930,
4917,47,234,47,7,95000.0,,1,5660,2024-03-13 12:38:35.430,
4918,47,6,47,7,9000.0,,1,5660,2024-03-13 12:38:50.633,
4919,153,14,153,10,100000.0,,1,7413,2024-03-14 11:11:56.053,
4920,123,14,123,7,600000.0,,1,3322,2024-03-14 14:39:09.940,
4921,181,13,181,9,100000.0,,1,3900,2024-03-14 14:52:37.887,
4922,41,4,41,9,300000.0,,1,3322,2024-03-14 16:25:30.937,
4923,51,10,51,7,600000.0,,1,546,2024-03-15 11:43:23.673,
4924,49,7,49,9,100000.0,,1,1912,2024-03-15 12:10:33.257,
4925,49,14,49,7,100000.0,,1,1912,2024-03-15 13:01:59.343,
4926,24,234,24,7,489000.0,,1,7413,2024-03-15 14:19:06.670,
4927,96,7,96,10,20000.0,,1,1912,2024-03-15 14:29:50.563,
4928,153,14,153,7,50000.0,,1,1912,2024-03-15 14:48:41.780,
4929,64,15,64,3,50000.0,,1,7411,2024-03-15 14:52:38.843,
4930,153,14,153,9,30000.0,,1,1912,2024-03-15 14:54:22.440,
4931,64,15,64,13,70000.0,,1,3322,2024-03-15 16:05:41.360,
4932,24,7,24,13,50000.0,,1,1912,2024-03-15 16:22:11.963,
4933,49,7,49,13,100000.0,,1,1912,2024-03-15 16:23:55.223,
4934,29,7,151,7,1700000.0,budget transfer,1,2111,2024-03-15 16:26:25.143,
4935,64,15,64,13,350000.0,,1,3322,2024-03-15 16:42:38.797,
4936,64,15,64,9,55000.0,,1,3322,2024-03-15 16:45:09.557,
4937,28,2,28,7,500000.0,,1,5618,2024-03-18 10:46:09.380,
4938,32,2,32,9,50000.0,,1,5618,2024-03-18 12:05:11.437,
4939,151,7,151,10,150000.0,,1,3322,2024-03-18 12:07:50.233,
4940,24,7,24,9,100000.0,,1,1912,2024-03-18 12:16:10.170,
4941,112,2,112,9,50000.0,,1,3322,2024-03-18 12:33:48.533,
4942,50,13,50,9,250000.0,,1,3322,2024-03-18 12:34:15.970,
4943,164,7,164,8,1000000.0,,1,812,2024-03-18 12:41:04.447,
4944,64,15,64,8,200000.0,,1,3322,2024-03-18 13:03:07.733,
4945,151,7,151,13,1000000.0,,1,5627,2024-03-18 13:32:16.820,
4946,64,15,64,7,115000.0,,1,7411,2024-03-18 14:20:07.803,
4947,64,15,64,3,115000.0,,1,7411,2024-03-18 14:22:48.663,
4948,153,3,153,7,400000.0,,1,7413,2024-03-18 15:19:27.673,
4949,64,3,64,7,150000.0,,1,7411,2024-03-18 16:36:17.373,
4950,64,15,64,7,100000.0,,1,7411,2024-03-18 16:36:38.487,
4951,64,8,64,7,200000.0,,1,7411,2024-03-18 16:38:42.867,
4952,52,14,215,7,300000.0,,1,7308,2024-03-18 17:21:23.513,
4953,181,10,181,9,100000.0,,1,3900,2024-03-19 10:15:22.220,
4954,181,13,181,7,300000.0,,1,3900,2024-03-19 10:15:35.253,
4955,50,13,50,9,250000.0,,1,3322,2024-03-19 11:30:02.740,
4956,28,5,28,13,300000.0,,1,5618,2024-03-19 11:41:22.840,
4957,64,15,64,10,50000.0,,1,3322,2024-03-19 11:53:02.913,
4958,64,15,64,8,160000.0,,1,3322,2024-03-19 11:57:56.320,
4959,64,15,64,9,60000.0,,1,3322,2024-03-19 12:00:51.310,
4960,28,4,28,7,100000.0,,1,5618,2024-03-19 13:20:01.227,
4961,181,13,181,7,138200.0,,1,3900,2024-03-19 14:44:29.930,
4962,181,1,181,7,112.0,,1,3900,2024-03-19 14:44:45.420,
4963,181,2,181,7,681.0,,1,3900,2024-03-19 14:45:01.320,
4964,181,10,181,7,78600.0,,1,3900,2024-03-19 14:45:32.073,
4965,50,234,50,6,100000.0,,1,5660,2024-03-19 14:58:53.507,
4966,50,10,50,2,1500000.0,,1,5660,2024-03-19 15:06:17.763,
4967,112,1,112,7,50000.0,,1,5660,2024-03-19 15:09:04.670,
4968,112,5,112,7,80000.0,,1,5660,2024-03-19 15:09:22.140,
4969,112,2,112,7,30000.0,,1,5660,2024-03-19 15:09:40.733,
4970,112,9,112,7,40000.0,,1,5660,2024-03-19 15:09:55.960,
4971,112,10,112,3,10000.0,,1,5660,2024-03-19 15:15:55.107,
4972,215,7,215,10,50000.0,,1,3358,2024-03-19 15:39:07.163,
4973,116,14,116,3,100000.0,,1,8803,2024-03-19 15:40:31.463,
4974,112,14,112,3,500.0,,1,5660,2024-03-19 15:50:01.883,
4975,112,14,112,3,4700.0,,1,5660,2024-03-19 15:50:47.453,
4976,49,14,49,13,100000.0,,1,1912,2024-03-19 15:52:04.550,
4977,24,14,24,13,200000.0,,1,1912,2024-03-19 15:52:23.243,
4978,49,14,49,13,100000.0,,1,1912,2024-03-19 15:52:47.587,
4979,151,13,151,8,100000.0,Budget transfer for activity relevant GL,1,2718,2024-03-19 16:03:22.740,
4980,153,14,153,13,200000.0,,1,1912,2024-03-20 10:32:08.760,
4981,49,14,49,14,200000.0,,1,1912,2024-03-20 10:32:21.463,
4982,123,14,123,10,300000.0,for RIC Echo cardio repair,1,2052,2024-03-20 12:11:07.793,
4983,123,14,123,7,600000.0,On Mateen shaikhani sb request,1,2052,2024-03-20 12:31:10.613,
4984,112,7,112,2,10000.0,,1,5660,2024-03-20 13:53:09.433,
4985,64,10,64,3,20000.0,,1,7411,2024-03-20 14:12:09.560,
4986,64,13,64,3,8000.0,,1,7411,2024-03-20 14:12:31.500,
4987,64,15,64,2,65000.0,,1,2887,2024-03-20 17:31:02.313,
4988,64,15,64,13,120000.0,,1,3322,2024-03-21 11:41:23.463,
4989,151,13,151,7,200000.0,Budget transfer for activity relevant GL,1,2718,2024-03-21 12:56:12.417,
4990,16,2,16,7,200000.0,,1,5611,2024-03-21 13:02:26.797,
4991,16,2,16,7,300000.0,,1,5611,2024-03-21 13:03:12.727,
4992,49,14,49,7,100000.0,,1,1912,2024-03-21 13:51:23.053,
4993,151,7,151,10,100000.0,,1,3322,2024-03-21 15:43:49.940,
4994,24,14,24,7,200000.0,,1,1912,2024-03-22 02:13:39.883,
4995,49,14,49,7,200000.0,,1,1912,2024-03-22 02:13:56.007,
4996,153,14,153,7,200000.0,,1,1912,2024-03-22 02:14:18.123,
4997,24,8,24,7,200000.0,,1,1912,2024-03-22 02:18:17.563,
4998,24,8,24,5,200000.0,,1,1912,2024-03-22 02:18:34.733,
4999,49,8,49,5,200000.0,,1,1912,2024-03-22 02:18:49.383,
5000,153,8,153,5,200000.0,,1,1912,2024-03-22 02:19:13.643,
5001,64,15,64,3,15000.0,,1,7411,2024-03-22 03:05:08.663,
5002,24,8,24,7,100000.0,,1,3322,2024-03-22 10:47:03.777,
5003,24,2,24,7,100000.0,,1,3322,2024-03-22 10:47:17.587,
5004,64,15,64,10,80000.0,,1,3322,2024-03-22 10:59:26.067,
5005,172,8,172,13,50000.0,,1,5611,2024-03-22 11:08:01.680,
5006,172,3,172,13,250000.0,,1,5611,2024-03-22 11:09:52.787,
5007,172,234,172,13,48000.0,,1,5611,2024-03-22 11:10:38.993,
5008,64,15,64,13,200000.0,,1,7411,2024-03-22 11:20:54.447,
5009,64,15,64,9,80000.0,,1,3322,2024-03-22 12:05:05.747,
5010,64,15,64,7,200000.0,,1,3322,2024-03-22 12:09:18.277,
5011,11,2,11,8,120000.0,,1,3322,2024-03-22 12:14:12.893,
5012,64,15,64,9,50000.0,,1,3322,2024-03-22 12:14:31.657,
5013,64,15,64,8,500000.0,,1,3322,2024-03-22 12:20:39.727,
5014,64,15,64,10,150000.0,,1,3322,2024-03-22 12:43:25.037,
5015,64,15,64,7,100000.0,,1,7411,2024-03-22 12:56:36.267,
5016,11,2,215,7,800000.0,,1,7308,2024-03-22 15:30:57.967,
5017,11,2,215,13,900000.0,,1,7308,2024-03-22 15:31:48.580,
5018,49,8,49,7,200000.0,,1,1912,2024-03-22 16:05:09.713,
5019,15,13,15,8,70000.0,,1,3322,2024-03-22 16:30:57.220,
5020,29,13,29,7,100000.0,internal budget transfer,1,8859,2024-03-22 16:32:36.667,
5021,15,234,15,8,100000.0,,1,3322,2024-03-22 16:39:43.220,
5022,28,5,28,13,500000.0,,1,3322,2024-03-25 11:14:15.570,
5023,24,8,24,7,100000.0,,1,1912,2024-03-25 13:16:23.250,
5024,41,7,41,14,30000.0,Internal budget transfer,1,8859,2024-03-25 14:17:16.313,
5025,29,13,29,8,260000.0,,1,3322,2024-03-26 10:59:24.533,
5026,52,1,52,9,200000.0,,1,3322,2024-03-26 11:19:04.553,
5027,123,14,123,7,400000.0,,1,3322,2024-03-26 11:31:47.457,
5028,64,15,64,9,200000.0,,1,7411,2024-03-26 13:01:50.343,
5029,51,3,51,7,231000.0,,1,546,2024-03-26 13:10:00.233,
5030,151,13,151,7,50000.0,,1,8617,2024-03-26 13:45:16.107,
5031,29,13,41,14,400000.0,Internal budget transfer,1,8859,2024-03-26 14:20:26.933,
5032,151,14,151,13,90000.0,,1,8617,2024-03-26 14:24:17.457,
5033,29,13,41,14,600000.0,Internal budget transfer,1,8859,2024-03-26 14:32:14.167,
5034,151,9,151,7,120000.0,,1,8617,2024-03-26 14:36:54.040,
5035,64,15,64,7,250000.0,,1,7411,2024-03-26 14:39:52.077,
5036,151,9,151,3,70000.0,,1,8617,2024-03-26 14:41:26.237,
5037,151,8,151,3,120000.0,,1,8617,2024-03-26 14:41:54.253,
5038,151,2,151,3,150000.0,,1,8617,2024-03-26 14:43:33.777,
5039,41,234,41,14,400000.0,Internal budget transfer,1,8859,2024-03-26 14:46:28.447,
5040,64,15,64,13,300000.0,,1,3322,2024-03-26 15:45:20.663,
5041,64,15,64,9,200000.0,,1,3322,2024-03-27 10:45:51.827,
5042,64,15,64,10,300000.0,,1,3322,2024-03-27 10:54:02.627,
5043,49,2,49,7,300000.0,,1,7413,2024-03-27 10:56:56.480,
5044,49,2,49,9,200000.0,,1,7413,2024-03-27 10:57:23.670,
5045,24,2,24,10,150000.0,,1,7413,2024-03-27 10:58:06.167,
5046,153,14,153,10,200000.0,,1,7413,2024-03-27 10:59:23.240,
5047,64,15,64,13,400000.0,,1,3322,2024-03-27 11:03:00.787,
5048,49,9,49,13,150000.0,,1,7413,2024-03-27 11:25:50.000,
5049,24,1,24,13,150000.0,,1,7413,2024-03-27 11:26:23.713,
5050,108,1,108,13,500000.0,,1,812,2024-03-27 11:55:24.287,
5051,29,14,29,7,20000.0,,1,3322,2024-03-27 12:00:02.233,
5052,41,2,41,7,10000.0,,1,3322,2024-03-27 12:01:55.050,
5053,153,2,153,13,150000.0,,1,7413,2024-03-27 12:30:19.890,
5054,164,14,164,10,100000.0,,1,812,2024-03-27 12:32:04.853,
5055,153,2,153,9,150000.0,,1,7413,2024-03-27 13:06:51.627,
5056,32,2,32,13,30000.0,,1,2338,2024-03-27 13:40:35.257,
5057,151,2,151,7,200000.0,,1,8617,2024-03-27 14:36:17.290,
5058,49,4,24,7,200000.0,,1,7413,2024-03-27 16:49:52.037,
5059,151,2,151,7,10000.0,,1,3322,2024-03-28 11:33:22.037,
5060,41,4,41,7,290000.0,,1,8620,2024-03-28 12:10:38.213,
5061,153,7,153,13,100000.0,,1,1912,2024-03-28 13:54:04.573,
5062,64,15,64,13,100000.0,,1,3322,2024-03-28 15:47:36.823,
5063,64,15,64,10,100000.0,,1,3322,2024-03-28 15:50:09.423,
5064,50,2,50,7,100000.0,,1,9111,2024-03-29 11:12:19.317,
5065,181,7,181,13,155000.0,,1,3900,2024-03-29 11:45:36.207,
5066,181,7,181,10,20000.0,,1,3900,2024-03-29 11:52:47.973,
5067,181,13,181,9,150000.0,,1,3900,2024-03-29 11:54:26.327,
5068,64,15,64,7,50000.0,,1,3322,2024-03-29 12:09:16.327,
5069,41,1,41,3,300000.0,Internal budget transfer,1,8859,2024-03-29 12:27:08.440,
5070,64,15,64,8,200000.0,,1,3322,2024-03-29 12:34:38.700,
5071,49,7,49,13,200000.0,,1,1912,2024-03-29 12:52:36.060,
5072,96,7,96,13,60000.0,,1,1912,2024-03-29 12:52:55.460,
5073,50,2,50,3,100000.0,,1,5660,2024-03-29 13:00:22.120,
5074,49,1,49,13,200000.0,,1,1912,2024-03-29 13:56:37.757,
5075,49,1,49,13,200000.0,,1,1912,2024-03-29 14:48:46.843,
5076,50,10,50,9,100000.0,,1,3322,2024-03-29 15:33:43.847,
5077,24,7,24,13,100000.0,,1,1912,2024-03-29 15:57:37.803,
5078,24,1,24,13,100000.0,,1,1912,2024-03-29 15:58:33.753,
5079,123,14,123,9,50000.0,,1,3322,2024-03-29 16:02:54.930,
5080,123,14,123,9,50000.0,,1,3322,2024-03-29 16:03:26.713,
5081,181,7,181,13,60000.0,,1,3322,2024-03-29 16:13:17.540,
5082,123,14,123,10,210000.0,For PSSHMC Mzg activity,1,2052,2024-03-29 21:25:15.663,
5083,112,7,112,3,20000.0,,1,5660,2024-04-01 10:43:15.020,
5084,50,2,50,7,300000.0,,1,9111,2024-04-01 12:42:17.293,
5085,64,15,64,7,1200000.0,,1,7411,2024-04-01 14:48:29.930,
5086,64,15,64,9,500000.0,,1,3322,2024-04-01 15:02:42.860,
5087,28,1,28,13,200000.0,,1,2338,2024-04-01 16:28:45.963,
5088,28,10,28,13,500000.0,,1,3322,2024-04-01 16:48:29.370,
5089,131,14,131,13,500000.0,,1,3322,2024-04-01 16:48:57.347,
5090,152,14,152,13,500000.0,,1,3322,2024-04-01 16:49:27.140,
5091,64,15,64,1,68000.0,,1,7411,2024-04-01 19:02:41.527,
5092,16,5,16,9,300000.0,,1,5611,2024-04-02 11:07:44.410,
5093,215,13,215,10,50000.0,,1,3322,2024-04-02 12:17:02.550,
5094,215,13,215,10,100000.0,,1,3322,2024-04-02 12:18:51.137,
5095,64,15,64,3,300000.0,,1,2090,2024-04-02 13:36:25.923,
5096,49,234,24,7,345000.0,,1,7413,2024-04-02 14:37:23.183,
5097,49,4,24,7,370000.0,,1,7413,2024-04-02 14:38:00.577,
5098,64,15,64,7,200000.0,,1,7411,2024-04-02 15:09:36.653,
5099,181,7,181,13,600000.0,,1,3900,2024-04-03 12:05:02.507,
5100,123,14,123,7,1000000.0,,1,3322,2024-04-03 12:35:45.367,
5101,112,3,112,7,26000.0,,1,5660,2024-04-03 15:45:14.657,
5102,16,2,16,7,250000.0,,1,546,2024-04-04 16:29:20.933,
5103,16,8,16,13,165000.0,,1,546,2024-04-04 16:30:18.007,
5104,151,14,151,7,600000.0,,1,8617,2024-04-04 23:37:15.540,
5105,64,15,64,7,50000.0,,1,7411,2024-04-05 10:49:50.280,
5106,64,3,64,7,288000.0,,1,7411,2024-04-05 10:51:50.997,
5107,64,15,64,7,200000.0,,1,7411,2024-04-05 10:52:39.313,
5108,64,15,64,7,30000.0,,1,7411,2024-04-05 10:53:12.953,
5109,181,13,181,7,100000.0,,1,3322,2024-04-05 12:29:43.443,
5110,64,15,64,9,400000.0,,1,3322,2024-04-05 14:38:38.003,
5111,111,13,111,9,100000.0,,1,3322,2024-04-05 15:26:47.630,
5112,172,7,172,8,25000.0,,1,5611,2024-04-09 16:28:47.343,
5113,47,2,47,9,50000.0,,1,3322,2024-04-15 10:06:06.297,
5114,112,2,112,9,50000.0,,1,3322,2024-04-15 10:06:35.367,
5115,50,10,50,9,200000.0,,1,3322,2024-04-15 10:07:06.373,
5116,112,14,112,13,100000.0,,1,3322,2024-04-15 10:09:32.883,
5117,16,2,16,9,100000.0,,1,3322,2024-04-15 10:28:27.253,
5118,172,7,172,9,150000.0,,1,3322,2024-04-15 10:32:46.203,
5119,16,5,16,13,60000.0,,1,3322,2024-04-15 10:44:57.947,
5120,16,8,16,4,100000.0,,1,3322,2024-04-15 12:02:12.337,
5121,187,194,181,7,68097.0,,1,3900,2024-04-15 16:25:07.803,
5122,181,194,181,7,68104.0,,1,3900,2024-04-15 16:25:51.657,
5123,16,7,16,8,29000.0,,1,5611,2024-04-15 16:29:37.953,
5124,16,3,16,8,182000.0,,1,5611,2024-04-15 16:30:02.913,
5125,16,9,16,8,59000.0,,1,5611,2024-04-15 16:30:29.073,
5126,16,2,16,8,143000.0,,1,5611,2024-04-15 16:30:55.843,
5127,16,5,16,8,102000.0,,1,5611,2024-04-15 16:32:18.993,
5128,172,14,172,5,93000.0,,1,5611,2024-04-15 16:38:40.953,
5129,172,1,172,5,44000.0,,1,5611,2024-04-15 16:39:06.393,
5130,47,2,47,1,50000.0,,1,5660,2024-04-16 11:40:22.363,
5131,146,13,146,7,590000.0,,1,7411,2024-04-16 14:52:02.730,
5132,123,14,44,26,2237000.0,email approval,1,2054,2024-04-17 11:31:38.100,
5133,27,10,27,9,55172.0,,1,546,2024-04-17 12:10:13.917,
5134,27,7,27,9,55341.0,,1,546,2024-04-17 12:11:06.580,
5135,27,13,27,9,4143.0,,1,546,2024-04-17 12:12:01.903,
5136,27,5,27,9,3250.0,,1,546,2024-04-17 12:16:42.247,
5137,60,1,60,9,50000.0,,1,3322,2024-04-19 09:41:36.710,
5138,27,9,27,13,60000.0,,1,3322,2024-04-19 10:12:30.933,
5139,51,10,51,7,150000.0,,1,3322,2024-04-19 16:33:26.947,
5140,49,234,49,9,250000.0,,1,7413,2024-04-22 10:53:37.590,
5141,181,7,181,3,1000.0,,1,3900,2024-04-22 12:38:03.473,
5142,151,3,151,8,200000.0,,1,3322,2024-04-22 16:42:44.483,
5143,181,7,181,9,200000.0,,1,3900,2024-04-22 17:10:33.957,
5144,151,13,151,9,122000.0,,1,8617,2024-04-22 17:43:16.053,
5145,151,2,151,9,300000.0,,1,8617,2024-04-22 17:44:28.930,
5146,111,10,111,7,550000.0,Budget transfer for activity relevant GL,1,2718,2024-04-22 18:07:14.270,
5147,111,13,111,7,100000.0,Budget transfer for activity relevant GL,1,2718,2024-04-22 18:07:35.243,
5148,151,2,151,7,250000.0,,1,8617,2024-04-22 18:10:29.893,
5149,50,7,50,3,500000.0,,1,5660,2024-04-23 15:38:50.480,
5150,181,7,181,13,100000.0,,1,3900,2024-04-23 16:08:14.837,
5151,181,7,181,10,100000.0,,1,3900,2024-04-23 16:08:25.097,
5152,47,1,47,9,25000.0,,1,3322,2024-04-23 16:45:39.690,
5153,47,1,47,9,25000.0,,1,3322,2024-04-23 16:46:27.490,
5154,50,4,50,9,40000.0,,1,3322,2024-04-23 16:48:52.340,
5155,123,14,123,7,500000.0,for RIPHAH activity,1,2052,2024-04-23 17:17:05.783,
5156,123,14,123,7,400000.0,for RIPHAH activity,1,2052,2024-04-23 17:19:27.070,
5157,112,234,112,7,35000.0,,1,5660,2024-04-23 17:55:02.687,
5158,112,1,112,7,36000.0,,1,5660,2024-04-23 17:55:21.000,
5159,24,14,24,7,600000.0,,1,7413,2024-04-23 19:07:26.087,
5160,151,8,151,7,100000.0,,1,8617,2024-04-24 10:54:59.663,
5161,181,7,181,9,125976.0,,1,3900,2024-04-24 10:58:54.437,
5162,181,7,181,13,88277.0,,1,3900,2024-04-24 10:59:11.760,
5163,16,4,16,5,15000.0,,1,5611,2024-04-24 15:27:58.443,
5164,49,7,49,5,250000.0,,1,3322,2024-04-26 12:46:47.560,
5165,24,14,24,5,250000.0,,1,3322,2024-04-26 12:47:12.543,
5166,149,14,149,7,4000000.0,,1,5618,2024-04-30 15:03:03.010,
5167,24,7,24,2,100000.0,,1,1912,2024-04-30 17:12:34.733,
5168,24,7,24,2,100000.0,,1,1912,2024-04-30 17:13:56.667,
5169,149,13,149,8,350000.0,,1,3322,2024-04-30 17:41:13.607,
5170,149,13,149,8,1000.0,,1,3322,2024-04-30 17:42:41.103,
5171,149,13,149,8,1000.0,,1,3322,2024-04-30 17:42:41.453,
5172,49,7,49,2,100000.0,,1,1912,2024-05-02 12:42:40.803,
5173,51,10,51,7,50000.0,,1,546,2024-05-02 12:51:59.950,
5174,112,2,112,6,50000.0,,1,5660,2024-05-02 16:49:29.017,
5175,112,6,112,3,50000.0,,1,5660,2024-05-02 17:22:29.273,
5176,112,234,112,3,30000.0,,1,5660,2024-05-02 17:22:51.797,
5177,123,14,44,195,400000.0,for EvoTalks as per reuqest of FS,1,2052,2024-05-03 12:33:40.847,
5178,149,1,149,15,105000.0,,1,2338,2024-05-06 14:52:41.333,
5179,16,1,16,7,5000.0,,1,5611,2024-05-07 10:05:16.293,
5180,16,5,16,7,2000.0,,1,5611,2024-05-07 10:05:38.140,
5181,16,8,16,7,43000.0,,1,5611,2024-05-07 10:06:00.170,
5182,16,4,16,7,5000.0,,1,5611,2024-05-07 10:31:38.897,
5183,15,14,15,8,218000.0,,1,812,2024-05-07 14:10:51.877,
5184,15,10,15,8,400000.0,,1,812,2024-05-07 14:11:18.460,
5185,149,3,149,8,600000.0,,1,3322,2024-05-07 16:18:15.400,
5186,111,4,111,7,100000.0,,1,8617,2024-05-08 14:33:30.957,
5187,111,4,111,7,100000.0,,1,8617,2024-05-08 14:35:36.920,
5188,123,14,123,7,500000.0,for RIPHAH activity,1,2052,2024-05-08 17:06:53.443,
5189,47,234,47,3,100000.0,,1,9111,2024-05-09 10:54:17.353,
5190,149,1,149,13,125000.0,,1,2338,2024-05-09 11:30:52.747,
5191,181,7,181,13,200000.0,,1,3322,2024-05-10 10:34:08.977,
5192,181,7,181,9,200000.0,,1,3322,2024-05-10 10:39:54.627,
5193,181,7,181,10,200000.0,,1,3322,2024-05-10 10:45:31.687,
5194,29,1,29,7,414551.0,,1,8620,2024-05-10 13:01:41.253,
5195,29,14,29,9,300000.0,,1,3322,2024-05-10 14:46:00.600,
5196,29,13,29,8,120000.0,,1,3322,2024-05-10 14:55:41.950,
5197,29,13,29,7,1367140.0,,1,8620,2024-05-10 16:27:03.680,
5198,159,10,41,7,21000.0,,1,8620,2024-05-10 16:32:34.903,
5199,111,3,111,7,200000.0,Budget transfer for activity relevant GL,1,2718,2024-05-10 16:40:19.937,
5200,47,234,47,13,57000.0,,1,3322,2024-05-10 16:53:21.330,
5201,47,3,47,13,85000.0,,1,3322,2024-05-10 16:53:46.387,
5202,131,4,131,13,1000000.0,,1,2338,2024-05-10 17:21:52.193,
5203,47,9,47,7,45000.0,,1,5660,2024-05-10 17:35:03.667,
5204,47,2,47,7,7000.0,,1,5660,2024-05-10 17:35:48.760,
5205,111,4,111,7,250000.0,,1,8617,2024-05-10 17:52:44.973,
5206,24,14,24,7,1200000.0,,1,7413,2024-05-13 10:44:17.263,
5207,24,7,24,15,370000.0,,1,1912,2024-05-13 15:17:04.930,
5208,49,7,49,15,370000.0,,1,1912,2024-05-13 15:17:25.120,
5209,-1,232,-1,213,800000.0,Budget trasfer,1,1,2024-05-13 21:15:17.667,
5210,149,1,149,13,100000.0,,1,2338,2024-05-14 12:49:17.703,
5211,24,7,27,7,500000.0,,1,1912,2024-05-20 12:33:12.180,
5212,24,13,27,7,400000.0,,1,1912,2024-05-14 15:41:54.600,
5213,49,14,27,7,500000.0,,1,1912,2024-05-14 15:45:00.533,
5214,49,7,27,7,300000.0,,1,1912,2024-05-14 15:45:47.507,
5215,24,13,27,7,500000.0,,1,1912,2024-05-14 15:49:32.967,
5216,-24,-8,-122,-7,800000.0,,1,1912,2024-05-14 15:50:25.637,
5217,111,14,111,8,200000.0,,1,3322,2024-05-14 16:53:58.583,
5218,156,234,156,13,200000.0,,1,3322,2024-05-14 17:00:22.463,
5219,123,14,123,7,300000.0,Tabba Heart activity EPF,1,2052,2024-05-15 12:33:15.563,
5220,111,234,111,7,300000.0,,1,3322,2024-05-16 17:47:26.630,
5221,156,14,156,8,300000.0,,1,3322,2024-05-16 17:50:53.690,
5222,49,7,49,13,69000.0,,1,3322,2024-05-17 09:13:51.503,
5223,49,8,49,7,60000.0,,1,3322,2024-05-17 09:17:33.437,
5224,49,14,49,13,100000.0,,1,3322,2024-05-17 09:38:30.977,
5225,28,4,28,13,150000.0,,1,5618,2024-05-17 11:43:59.413,
5226,50,10,50,9,50000.0,,1,3322,2024-05-17 11:56:28.653,
5227,27,7,27,13,100000.0,,1,3322,2024-05-17 12:01:58.247,
5228,49,10,49,13,100000.0,,1,3322,2024-05-17 12:03:10.610,
5229,49,14,49,13,100000.0,,1,3322,2024-05-17 12:06:02.737,
5230,27,7,27,13,150000.0,,1,546,2024-05-17 14:28:49.480,
5231,27,5,27,9,57750.0,,1,546,2024-05-17 14:29:48.963,
5232,27,7,27,9,237500.0,,1,546,2024-05-17 14:31:11.133,
5233,27,7,27,10,150000.0,,1,546,2024-05-17 14:32:03.353,
5234,152,4,152,7,500000.0,,1,5618,2024-05-17 15:39:42.903,
5235,111,14,111,7,156000.0,,1,8617,2024-05-17 16:43:37.357,
5236,156,3,156,7,18000.0,,1,8617,2024-05-17 16:44:56.280,
5237,111,10,111,7,5000.0,,1,8617,2024-05-17 16:45:52.483,
5238,111,7,111,9,150000.0,,1,3322,2024-05-17 16:56:37.790,
5239,178,14,178,13,150000.0,,1,5660,2024-05-20 10:28:12.620,
5240,112,2,112,3,60000.0,,1,5660,2024-05-20 10:34:20.813,
5241,156,14,111,7,800000.0,,1,8617,2024-05-20 10:44:06.850,
5242,123,14,123,7,800000.0,for THNDR adv.,1,2052,2024-05-20 11:14:53.943,
5243,24,14,24,7,700000.0,,1,1912,2024-05-20 12:31:48.887,
5244,164,9,164,14,5000.0,,1,812,2024-05-20 12:54:44.933,
5245,1,14,1,8,420000.0,,1,8803,2024-05-20 13:17:21.143,
5246,24,14,24,9,100000.0,,1,3322,2024-05-20 15:50:08.420,
5247,24,8,24,13,150000.0,,1,3322,2024-05-20 15:52:40.790,
5248,50,10,50,7,400000.0,,1,5660,2024-05-20 16:11:28.127,
5249,24,7,27,7,800000.0,,1,1912,2024-05-20 16:28:00.300,
5250,24,7,24,10,250000.0,,1,3322,2024-05-20 16:32:38.553,
5251,49,10,49,13,150000.0,,1,3322,2024-05-20 16:39:32.200,
5252,27,7,27,13,100000.0,,1,3322,2024-05-20 16:42:19.810,
5253,96,7,96,10,60000.0,,1,3322,2024-05-20 16:50:01.270,
5254,24,8,24,2,700000.0,,1,7413,2024-05-20 18:13:30.887,
5255,49,4,49,10,350000.0,,1,7413,2024-05-20 18:20:05.137,
5256,24,234,24,3,211000.0,,1,7413,2024-05-20 23:04:53.033,
5257,181,7,181,9,200000.0,,1,3322,2024-05-21 10:13:59.027,
5258,181,7,181,10,200000.0,,1,3322,2024-05-21 10:15:36.217,
5259,181,7,181,10,200000.0,,1,3322,2024-05-21 10:16:07.543,
5260,181,7,181,13,300000.0,,1,3322,2024-05-21 10:20:01.800,
5261,181,7,181,13,900000.0,,1,3322,2024-05-21 10:20:54.640,
5262,181,7,181,13,500000.0,,1,3322,2024-05-21 10:21:13.733,
5263,1,14,1,6,30000.0,,1,8803,2024-05-21 11:02:23.670,
5264,93,7,155,7,1000000.0,FLI amount transfers,1,2112,2024-05-21 13:29:04.823,
5265,153,1,153,7,299000.0,,1,7413,2024-05-21 13:59:12.563,
5266,181,7,181,9,200000.0,,1,3322,2024-05-21 16:16:14.357,
5267,153,14,153,13,50000.0,,1,3322,2024-05-21 16:46:17.560,
5268,181,7,181,13,500000.0,,1,3322,2024-05-22 10:00:01.887,
5269,151,7,151,10,13000.0,,1,3322,2024-05-22 17:45:05.080,
5270,151,14,151,10,100000.0,,1,3322,2024-05-22 17:45:48.787,
5271,181,7,181,10,200000.0,,1,3322,2024-05-23 10:34:56.023,
5272,152,14,152,13,350000.0,,1,3322,2024-05-23 16:20:38.343,
5273,149,14,149,13,100000.0,,1,3322,2024-05-23 16:21:27.340,
5274,28,10,28,9,200000.0,,1,3322,2024-05-23 16:23:54.567,
5275,96,7,96,9,50000.0,,1,3322,2024-05-23 16:32:40.193,
5276,24,3,24,9,100000.0,,1,3322,2024-05-23 16:34:17.847,
5277,153,14,153,13,30000.0,,1,3322,2024-05-23 16:39:41.140,
5278,96,7,96,13,50000.0,,1,3322,2024-05-23 16:41:20.363,
5279,112,14,112,13,35000.0,,1,3322,2024-05-23 16:53:05.880,
5280,123,13,123,7,1050000.0,for DD Boards,1,2052,2024-05-23 18:10:18.633,
5281,149,1,149,2,150000.0,,1,2338,2024-05-24 13:17:56.233,
5282,149,1,149,2,100000.0,,1,2338,2024-05-24 13:18:26.193,
5283,149,14,149,13,100000.0,,1,2338,2024-05-24 15:31:34.593,
5284,112,9,112,3,27000.0,,1,5660,2024-05-24 16:34:56.953,
5285,112,234,112,3,5000.0,,1,5660,2024-05-24 16:37:14.683,
5286,112,2,112,3,8000.0,,1,5660,2024-05-24 16:37:33.080,
5287,112,10,112,3,7000.0,,1,5660,2024-05-24 16:37:47.973,
5288,151,14,151,13,200000.0,,1,3322,2024-05-24 16:38:21.543,
5289,178,14,178,7,100000.0,,1,5660,2024-05-24 16:41:17.790,
5290,24,14,24,7,500000.0,,1,1912,2024-05-27 10:41:26.947,
5291,153,14,153,2,1000000.0,,1,1912,2024-05-27 10:50:23.330,
5292,28,1,28,13,150000.0,,1,2338,2024-05-27 12:43:27.640,
5293,49,234,49,10,172000.0,,1,7413,2024-05-27 13:02:51.990,
5294,60,1,60,10,100000.0,,1,2338,2024-05-27 13:07:44.590,
5295,24,194,49,7,1166039.0,,1,1912,2024-05-27 14:06:02.973,
5296,153,194,49,7,335571.0,,1,1912,2024-05-27 14:07:23.280,
5297,96,194,49,7,136599.0,,1,1912,2024-05-27 14:08:17.160,
5298,181,7,181,13,500000.0,,1,3322,2024-05-27 15:43:53.827,
5299,153,3,153,7,370000.0,,1,7413,2024-05-27 16:52:23.010,
5300,153,10,153,7,300000.0,,1,7413,2024-05-27 16:53:02.367,
5301,153,8,153,7,400000.0,,1,7413,2024-05-27 16:56:46.067,
5302,153,2,153,8,550000.0,,1,7413,2024-05-27 17:22:42.790,
5303,152,14,152,7,700000.0,,1,5618,2024-05-27 17:29:21.780,
5304,152,5,152,7,700000.0,,1,5618,2024-05-27 17:30:29.177,
5305,181,7,181,13,600000.0,,1,3900,2024-05-27 18:12:39.253,
5306,49,10,49,13,100000.0,,1,3322,2024-05-28 10:23:40.283,
5307,24,14,24,13,100000.0,,1,3322,2024-05-28 10:24:37.570,
5308,153,14,153,13,200000.0,,1,3322,2024-05-28 10:36:34.080,
5309,153,14,153,4,50000.0,,1,3322,2024-05-28 10:53:12.487,
5310,24,10,24,9,20000.0,,1,3322,2024-05-28 11:57:56.233,
5311,27,7,27,13,500000.0,,1,3322,2024-05-28 12:39:29.930,
5312,112,14,112,9,20000.0,,1,3322,2024-05-29 09:45:58.340,
5313,153,14,153,7,100000.0,,1,3322,2024-05-29 10:05:47.397,
5314,149,14,149,13,50000.0,,1,3322,2024-05-29 11:23:28.453,
5315,131,4,131,7,200000.0,,1,2338,2024-05-29 11:35:19.117,
5316,28,3,28,7,200000.0,,1,2338,2024-05-29 11:36:32.990,
5317,52,2,52,234,400000.0,,1,7308,2024-05-29 11:54:51.057,
5318,153,7,96,7,245000.0,,1,7413,2024-05-29 17:42:59.480,
5319,153,2,96,7,213000.0,,1,7413,2024-05-29 17:43:31.210,
5320,153,234,96,7,100000.0,,1,7413,2024-05-29 17:45:00.323,
5321,153,6,96,7,46000.0,,1,7413,2024-05-29 17:45:45.177,
5322,153,4,96,7,35000.0,,1,7413,2024-05-29 17:46:06.390,
5323,153,8,96,7,38000.0,,1,7413,2024-05-29 17:46:32.260,
5324,153,14,153,13,100000.0,,1,3322,2024-05-30 11:59:58.477,
5325,96,7,96,13,200000.0,,1,7413,2024-05-30 12:18:30.270,
5326,96,7,96,13,200000.0,,1,7413,2024-05-30 12:18:34.433,
5327,50,6,50,3,100000.0,,1,5660,2024-05-30 12:28:30.483,
5328,50,234,50,7,300000.0,,1,5660,2024-05-30 13:25:55.150,
5329,50,4,50,7,100000.0,,1,5660,2024-05-30 13:26:14.137,
5330,50,1,50,7,100000.0,,1,5660,2024-05-30 13:26:30.823,
5331,50,2,50,7,400000.0,,1,5660,2024-05-30 13:26:51.183,
5332,50,10,50,7,100000.0,,1,5660,2024-05-30 13:27:05.780,
5333,33,15,33,7,300000.0,,1,3322,2024-05-30 16:06:09.487,
5334,32,2,32,13,200000.0,,1,3322,2024-05-30 17:08:24.417,
5335,27,10,27,7,100000.0,,1,3322,2024-05-31 12:47:23.127,
5336,152,10,152,13,250000.0,,1,3322,2024-05-31 14:41:18.380,
5337,50,10,50,9,60000.0,,1,3322,2024-05-31 17:47:35.017,
5338,50,13,50,14,50000.0,,1,5660,2024-05-31 18:24:31.313,
5339,55,14,55,9,250000.0,,1,8803,2024-06-03 18:35:36.963,
5340,152,3,152,7,500000.0,,1,5618,2024-06-04 11:22:21.373,
5341,123,13,123,9,250000.0,,1,3322,2024-06-04 12:49:50.850,
5342,47,7,47,9,4000.0,,1,5660,2024-06-04 13:22:03.770,
5343,47,10,47,9,1000.0,,1,5660,2024-06-04 13:23:36.727,
5344,152,4,152,8,310000.0,,1,3322,2024-06-04 15:37:48.697,
5345,112,234,112,3,30000.0,,1,5660,2024-06-05 10:49:41.040,
5346,112,14,112,3,15000.0,,1,5660,2024-06-05 10:49:58.453,
5347,152,10,152,1,500000.0,,1,2338,2024-06-05 16:14:15.667,
5348,159,3,159,7,200000.0,internal budget transfer,1,8859,2024-06-05 16:44:27.603,
5349,24,14,24,9,100000.0,,1,7413,2024-06-06 10:24:20.253,
5350,152,2,152,13,300000.0,,1,3322,2024-06-06 10:30:13.213,
5351,28,10,28,13,300000.0,,1,3322,2024-06-06 10:31:01.350,
5352,28,2,28,9,100000.0,,1,3322,2024-06-06 10:31:40.917,
5353,50,10,50,3,120000.0,,1,5660,2024-06-07 11:52:56.343,
5354,50,8,50,3,30000.0,,1,5660,2024-06-07 16:38:33.813,
5355,159,10,159,7,100000.0,internal budget transfer,1,8859,2024-06-07 16:57:16.517,
5356,149,10,149,13,200000.0,,1,3322,2024-06-10 11:36:29.483,
5357,49,7,49,13,200000.0,,1,1912,2024-06-10 11:52:11.617,
5358,49,7,49,9,100000.0,,1,1912,2024-06-10 11:53:56.010,
5359,49,7,49,9,100000.0,,1,1912,2024-06-10 11:54:50.993,
5360,49,7,49,9,500000.0,,1,1912,2024-06-10 11:58:03.027,
5361,49,9,49,13,200000.0,,1,1912,2024-06-10 12:03:08.687,
5362,49,7,49,13,200000.0,,1,1912,2024-06-10 12:07:37.517,
5363,123,14,123,7,400000.0,For PTCL Psw course fee,1,2052,2024-06-10 12:21:35.230,
5364,131,14,131,3,1000000.0,,1,5618,2024-06-10 15:30:36.903,
5365,131,14,131,7,500000.0,,1,5618,2024-06-10 15:48:06.460,
5366,49,1,49,7,144000.0,,1,7413,2024-06-10 16:42:01.687,
5367,49,9,49,7,200000.0,,1,1912,2024-06-11 12:22:50.090,
5368,96,7,96,13,500000.0,,1,1912,2024-06-11 17:13:48.773,
5369,96,13,24,13,622000.0,,1,1912,2024-06-11 17:50:54.410,
5370,49,6,49,7,92118.0,,1,9225,2024-06-11 17:42:59.030,
5371,49,4,49,7,17081.0,,1,9225,2024-06-11 17:43:21.487,
5372,49,234,49,7,38826.0,,1,9225,2024-06-11 17:43:39.923,
5373,49,2,49,7,10442.0,,1,9225,2024-06-11 17:44:53.597,
5374,49,5,49,7,13768.0,,1,9225,2024-06-11 17:45:12.013,
5375,49,14,49,7,113814.0,,1,9225,2024-06-11 17:45:27.010,
5376,49,9,49,7,17061.0,,1,9225,2024-06-11 17:45:37.693,
5377,49,10,49,7,293657.0,,1,9225,2024-06-11 17:45:51.387,
5378,49,8,49,7,44518.0,,1,9225,2024-06-11 17:46:04.373,
5379,49,3,49,7,150472.0,,1,9225,2024-06-11 17:46:20.457,
5380,49,7,24,7,847209.0,,1,1912,2024-06-11 17:52:24.483,
5381,131,14,24,7,1000000.0,,1,2338,2024-06-12 13:21:34.907,
5382,149,10,24,7,1000000.0,,1,2338,2024-06-12 13:23:31.520,
5383,50,10,50,3,200000.0,FOR AI WORKSHOPS IN PESHAWAR AND ISLAMABAD,1,9111,2024-06-13 11:59:30.283,
5384,149,14,149,2,300000.0,,1,2338,2024-06-13 16:58:23.837,
5385,24,7,24,13,100000.0,,1,9225,2024-06-13 17:08:16.843,
5386,178,194,112,194,57000.0,,1,5660,2024-06-13 17:20:48.533,
5387,47,194,112,194,231000.0,,1,5660,2024-06-13 17:23:54.497,
5388,47,194,112,194,231000.0,,1,5660,2024-06-13 17:25:08.450,
5389,-1,232,-1,216,182000.0,Budget trasfer,1,1,2024-06-13 17:40:24.877,
5390,28,14,28,13,200000.0,,1,3322,2024-06-13 21:22:26.717,
5391,24,7,24,13,1500000.0,,1,9225,2024-06-14 10:23:32.067,
5392,131,3,131,13,400000.0,,1,2338,2024-06-14 11:46:08.027,
5393,50,9,50,7,3000.0,,1,9111,2024-06-14 12:26:24.677,
5394,50,9,50,7,3000.0,,1,5660,2024-06-14 12:29:58.547,
5395,50,13,50,7,100000.0,,1,5660,2024-06-16 17:17:20.423,
5396,123,14,123,7,1000000.0,,1,3322,2024-06-21 10:59:29.650,
5397,123,14,123,7,600000.0,,1,3322,2024-06-21 10:59:53.540,
5398,123,14,123,7,200000.0,,1,3322,2024-06-21 11:00:31.293,
5399,131,14,131,9,200000.0,,1,3322,2024-06-21 15:06:26.253,
5400,28,3,28,9,200000.0,,1,3322,2024-06-21 15:07:06.370,
5401,28,5,28,13,200000.0,,1,3322,2024-06-21 15:09:02.510,
5402,50,5,50,13,65000.0,,1,3322,2024-06-21 18:05:12.833,
5403,50,13,50,10,87000.0,,1,3322,2024-06-21 18:11:28.580,
5404,50,8,50,10,50000.0,,1,3322,2024-06-21 18:12:58.933,
5405,50,10,50,3,100000.0,,1,5660,2024-06-21 18:17:31.903,
5406,123,14,123,13,800000.0,,1,3322,2024-06-24 15:26:42.350,
5407,123,14,123,7,70000.0,,1,3322,2024-06-24 15:27:04.623,
5408,131,14,131,13,150000.0,,1,3322,2024-06-24 17:41:18.600,
5409,28,5,28,13,100000.0,,1,3322,2024-06-24 17:41:54.343,
5410,131,10,131,13,50000.0,,1,3322,2024-06-24 17:43:51.410,
5411,28,5,28,13,150000.0,,1,3322,2024-06-25 15:23:48.410,
5412,131,7,131,13,200000.0,,1,2338,2024-06-25 19:14:08.500,
5413,131,14,131,13,200000.0,,1,2338,2024-06-25 19:14:47.070,
5414,28,5,28,7,200000.0,,1,5618,2024-06-25 19:25:14.667,
5415,28,234,28,7,400000.0,,1,5618,2024-06-25 19:25:40.683,
5416,28,1,28,7,200000.0,,1,5618,2024-06-25 19:26:00.300,
5417,28,4,28,7,200000.0,,1,5618,2024-06-25 19:27:32.287,
5418,28,14,28,7,200000.0,,1,5618,2024-06-25 19:28:21.643,
5419,131,10,131,7,600000.0,,1,5618,2024-06-25 19:29:47.790,
5420,28,4,28,14,7542.0,,1,5618,2024-06-26 18:01:53.837,
5421,28,234,28,14,51082.0,,1,5618,2024-06-26 18:02:46.740,
5422,28,13,28,14,79284.0,,1,5618,2024-06-26 18:03:18.317,
5423,28,10,28,7,394514.0,,1,5618,2024-06-26 18:09:06.477,
5424,28,3,28,7,259297.0,,1,5618,2024-06-26 18:09:52.687,
5425,28,14,28,7,203724.0,,1,5618,2024-06-26 18:10:31.233,
5426,28,2,28,7,346552.0,,1,5618,2024-06-26 18:11:12.487,
5427,131,1,131,10,36006.0,,1,5618,2024-06-26 18:39:02.003,
5428,131,234,131,3,356421.0,,1,5618,2024-06-27 10:08:41.413,
5429,28,5,28,7,192126.0,,1,5618,2024-06-27 11:06:05.997,
5430,131,2,131,9,100000.0,,1,5618,2024-06-27 12:37:35.830,
5431,28,1,28,9,84222.0,,1,5618,2024-06-27 12:38:13.787,
5432,131,3,131,13,150000.0,,1,3322,2024-06-27 12:52:48.143,
5433,131,4,131,9,796101.0,,1,5618,2024-06-27 14:48:02.787,
5434,24,3,24,9,25000.0,,1,3322,2024-06-27 15:05:20.687,
5435,24,3,24,13,200000.0,,1,3322,2024-06-27 15:14:20.260,
5436,24,8,24,13,100000.0,,1,3322,2024-06-27 15:14:55.740,
5437,24,8,24,9,90000.0,,1,3322,2024-06-27 16:18:48.073,
5438,170,4,170,5,249980.0,,1,5356,2024-06-27 16:59:24.163,
5439,123,14,123,7,200000.0,,1,2052,2024-06-28 12:30:57.590,
5440,94,8,94,3,800000.0,,1,5356,2024-06-28 20:07:09.027,
5441,94,14,94,3,280000.0,,1,5356,2024-06-28 20:08:11.387,
5442,94,10,94,3,460000.0,,1,5356,2024-06-28 20:08:51.983,
5443,20,7,20,3,40000.0,,1,7308,2024-07-03 18:10:32.847,
5444,21,7,149,7,868000.0,Please Proceed,1,1567,2024-07-04 11:06:06.293,
5445,181,10,181,9,100000.0,,1,3322,2024-07-04 11:25:08.070,
5446,102,13,102,3,1000000.0,,1,5596,2024-07-04 17:10:36.180,
5447,156,10,156,9,200000.0,,1,3322,2024-07-04 18:14:04.127,
5448,191,13,191,8,100000.0,,1,3322,2024-07-04 18:42:31.277,
5449,114,13,114,8,100000.0,,1,3322,2024-07-04 18:42:43.817,
5450,181,10,181,7,500000.0,,1,3322,2024-07-05 09:25:49.080,
5451,52,9,52,1,411682.0,,1,3358,2024-07-08 12:41:34.477,
5452,215,9,215,1,250000.0,,1,3358,2024-07-08 12:42:11.997,
5453,22,14,22,7,1000000.0,,1,3322,2024-07-09 10:56:45.127,
5454,22,14,22,8,500000.0,,1,3322,2024-07-09 10:56:56.460,
5455,146,14,146,7,300000.0,,1,3322,2024-07-09 14:49:30.990,
5456,61,10,61,9,600000.0,,1,2338,2024-07-10 16:17:17.473,
5457,13,14,13,3,150000.0,,1,5620,2024-07-11 11:34:41.867,
5458,215,10,215,234,85000.0,,1,3358,2024-07-11 16:24:22.953,
5459,52,7,52,13,100000.0,,1,3322,2024-07-11 16:38:51.643,
5460,9,7,9,234,84270.0,,1,7130,2024-07-11 16:44:49.433,
5461,9,7,9,234,1.0,,1,7130,2024-07-11 16:47:19.657,
5462,65,14,65,8,200000.0,,1,3322,2024-07-12 12:47:25.980,
5463,130,14,130,2,200000.0,Budget movement request due to negative balance,1,8802,2024-07-12 18:04:14.517,
5464,130,14,130,2,200000.0,Budget movement request due to negative balance,1,8802,2024-07-12 18:04:22.470,
5465,130,14,130,8,400000.0,Budget movement request due to negative balance,1,8802,2024-07-15 12:39:43.010,
5466,65,14,65,8,400000.0,Budget movement request due to negative balance,1,8802,2024-07-15 12:40:15.433,
5467,65,14,65,8,400000.0,Budget movement request due to negative balance,1,8802,2024-07-15 12:41:12.710,
5468,51,14,51,7,600000.0,,1,546,2024-07-15 12:54:54.623,
5469,52,9,52,13,600000.0,,1,7308,2024-07-15 16:01:42.123,
5470,156,14,156,9,250000.0,,1,3322,2024-07-15 17:31:03.763,
5471,24,7,131,7,1000000.0,,1,7413,2024-07-18 10:06:13.797,
5472,52,14,52,7,100000.0,,1,7308,2024-07-18 10:37:15.803,
5473,96,1,96,7,100000.0,,1,7413,2024-07-18 12:16:13.337,
5474,53,3,53,7,300000.0,,1,7130,2024-07-18 13:17:22.610,
5475,130,14,130,8,400000.0,Budget movement request due to negative balance,1,8802,2024-07-18 14:55:46.453,
5476,181,7,181,9,100000.0,,1,2338,2024-07-18 15:09:08.843,
5477,102,13,102,8,500000.0,,1,3322,2024-07-18 16:33:49.363,
5478,22,13,22,8,5.0,,1,3322,2024-07-18 16:37:53.180,
5479,22,13,22,8,500000.0,,1,3322,2024-07-18 16:38:28.167,
5480,150,13,150,7,250000.0,,1,3322,2024-07-18 16:43:21.627,
5481,102,13,102,9,300000.0,,1,3322,2024-07-18 16:48:36.510,
5482,52,9,52,7,500000.0,,1,3358,2024-07-18 17:04:28.993,
5483,52,9,52,10,500000.0,,1,3358,2024-07-18 17:06:02.870,
5484,52,9,52,1,500000.0,,1,3358,2024-07-18 17:07:29.043,
5485,102,10,102,8,250000.0,,1,5596,2024-07-18 17:20:59.700,
5486,102,10,102,7,1000000.0,,1,5596,2024-07-18 17:21:36.323,
5487,150,10,150,8,1000000.0,,1,5596,2024-07-18 17:22:07.903,
5488,22,14,22,8,1500000.0,,1,5596,2024-07-18 17:23:08.483,
5489,11,13,11,10,300000.0,,1,7308,2024-07-19 18:42:47.793,
5490,170,4,170,5,225000.0,,1,5356,2024-07-19 18:51:22.387,
5491,94,10,94,3,100000.0,,1,5356,2024-07-19 18:52:20.607,
5492,94,13,94,3,100000.0,,1,5356,2024-07-19 19:10:31.973,
5493,21,14,21,126,500000.0,Please Proceed,1,1567,2024-07-22 01:30:24.683,
5494,21,13,21,5,500000.0,Please Proceed,1,1567,2024-07-22 01:33:32.127,
5495,61,9,61,13,200000.0,,1,2338,2024-07-22 11:58:12.850,
5496,61,10,61,13,300000.0,,1,2338,2024-07-22 11:58:35.260,
5497,142,3,142,7,800000.0,,1,7411,2024-07-22 12:45:57.290,
5498,142,3,142,7,100000.0,,1,7411,2024-07-22 12:46:38.890,
5499,65,14,65,8,1000000.0,Budget movement request due to negative balance,1,8802,2024-07-22 14:23:21.213,
5500,130,14,130,8,549402.0,Budget movement request due to negative balance,1,8802,2024-07-22 14:23:59.110,
5501,130,10,130,13,500000.0,Budget movement request due to negative balance,1,8802,2024-07-22 14:30:03.233,
5502,65,14,65,13,500000.0,Budget movement request due to negative balance,1,8802,2024-07-22 14:31:40.307,
5503,104,4,104,8,280000.0,,1,3322,2024-07-22 17:23:37.567,
5504,29,14,29,9,300000.0,,1,3322,2024-07-22 17:31:12.250,
5505,-1,220,-1,216,100000.0,Budget trasfer,1,1,2024-07-22 18:11:48.853,
5506,42,7,42,13,300000.0,,1,9172,2024-07-23 15:57:35.353,
5507,1,7,1,13,300000.0,,1,9172,2024-07-23 15:58:00.017,
5508,24,7,96,7,50000.0,,1,1912,2024-07-24 09:45:18.507,
5509,113,10,29,7,221000.0,internal budget transfer,1,8859,2024-07-24 13:53:43.717,
5510,113,10,113,7,300000.0,internal budget transfer,1,8859,2024-07-24 15:38:29.850,
5511,113,5,113,7,250000.0,,1,8859,2024-07-24 15:44:03.777,
5512,24,7,96,7,50000.0,,1,1912,2024-07-24 16:58:25.473,
5513,61,10,61,13,1500000.0,,1,2338,2024-07-24 18:13:16.253,
5514,114,14,114,9,200000.0,,1,3322,2024-07-25 01:48:44.907,
5515,15,10,15,9,300000.0,,1,3322,2024-07-25 02:12:00.943,
5516,164,4,164,9,200000.0,,1,3322,2024-07-25 02:17:29.160,
5517,33,1,33,9,100000.0,,1,3322,2024-07-25 02:19:34.737,
5518,19,1,19,9,100000.0,,1,3322,2024-07-25 02:23:18.420,
5519,53,3,53,7,50000.0,,1,7130,2024-07-25 08:02:05.813,
5520,53,3,53,7,20000.0,,1,7130,2024-07-25 08:03:07.550,
5521,178,14,178,9,40000.0,,1,5660,2024-07-25 10:55:42.987,
5522,22,2,22,9,300000.0,,1,3322,2024-07-25 15:17:16.107,
5523,150,13,150,9,300000.0,,1,3322,2024-07-25 15:23:15.087,
5524,102,13,102,9,700000.0,,1,3322,2024-07-25 15:24:19.507,
5525,215,2,215,13,500000.0,,1,3322,2024-07-25 16:44:25.290,
5526,1,7,1,15,150000.0,,1,9172,2024-07-26 08:37:35.560,
5527,14,7,14,15,150000.0,,1,9172,2024-07-26 08:37:56.180,
5528,42,7,42,15,150000.0,,1,9172,2024-07-26 08:38:14.663,
5529,108,7,108,15,150000.0,,1,9172,2024-07-26 08:38:32.657,
5530,153,7,153,15,150000.0,,1,9172,2024-07-26 08:38:50.200,
5531,2,2,2,9,250000.0,,1,3322,2024-07-26 11:59:29.243,
5532,181,5,181,13,200000.0,,1,2338,2024-07-26 15:12:31.873,
5533,181,10,181,13,200000.0,,1,2338,2024-07-26 15:12:57.720,
5534,52,9,52,13,1000000.0,,1,3358,2024-07-29 10:20:37.260,
5535,11,7,11,13,50000.0,,1,3358,2024-07-29 10:21:38.447,
5536,131,7,131,13,200000.0,,1,5618,2024-07-29 10:29:49.990,
5537,130,4,130,9,150000.0,,1,3322,2024-07-29 11:13:20.710,
5538,53,3,53,7,100000.0,,1,7130,2024-07-29 11:19:17.057,
5539,164,13,164,9,250000.0,,1,3322,2024-07-29 11:24:37.067,
5540,22,10,22,9,350000.0,,1,3322,2024-07-29 14:45:10.033,
5541,156,13,156,9,300000.0,,1,3322,2024-07-29 14:48:53.910,
5542,151,1,151,13,100000.0,,1,3322,2024-07-29 14:57:46.960,
5543,181,5,181,1,125000.0,,1,2338,2024-07-29 15:09:39.570,
5544,180,14,180,1,150000.0,,1,2338,2024-07-29 15:10:43.587,
5545,15,3,15,14,450000.0,,1,812,2024-07-29 15:23:40.383,
5546,131,7,131,1,300000.0,,1,8803,2024-07-29 15:27:21.827,
5547,52,13,52,8,300000.0,,1,3322,2024-07-29 16:37:41.373,
5548,51,14,51,2,115000.0,,1,546,2024-07-29 17:15:47.383,
5549,131,7,131,9,500000.0,,1,8803,2024-07-29 17:47:33.343,
5550,131,7,131,13,500000.0,,1,8803,2024-07-29 17:49:19.563,
5551,131,7,131,10,500000.0,,1,8803,2024-07-29 17:49:42.940,
5552,131,7,131,2,500000.0,,1,8803,2024-07-29 17:50:17.923,
5553,27,14,27,7,670000.0,,1,546,2024-07-30 11:25:16.393,
5554,27,7,27,3,500000.0,,1,546,2024-07-30 11:29:08.323,
5555,102,13,102,9,300000.0,,1,3322,2024-07-30 17:08:46.470,
5556,3,1,3,7,155000.0,,1,5620,2024-07-30 17:18:46.003,
5557,156,13,156,9,600000.0,,1,3322,2024-07-31 09:06:49.167,
5558,53,3,53,9,300000.0,,1,3322,2024-07-31 10:23:26.513,
5559,9,3,9,9,300000.0,,1,3322,2024-07-31 10:24:02.380,
5560,38,8,38,13,355690.0,,1,3322,2024-07-31 10:29:50.103,
5561,4,14,4,9,300000.0,,1,3322,2024-07-31 12:00:56.843,
5562,4,14,4,13,500000.0,,1,3322,2024-07-31 12:03:12.917,
5563,22,14,22,9,500000.0,,1,3322,2024-07-31 12:09:07.700,
5564,4,14,4,9,500000.0,,1,3322,2024-07-31 12:21:30.997,
5565,170,2,170,13,2500.0,,1,5356,2024-07-31 15:14:58.530,
5566,52,13,52,7,100000.0,,1,3358,2024-07-31 15:44:01.150,
5567,20,14,20,13,300000.0,,1,7308,2024-07-31 17:20:38.100,
5568,52,9,11,13,300000.0,,1,7308,2024-07-31 17:21:42.640,
5569,52,9,52,13,200000.0,,1,7308,2024-07-31 17:36:25.047,
5570,103,2,103,13,50000.0,,1,7308,2024-07-31 17:38:07.173,
5571,103,1,103,13,50000.0,,1,7308,2024-07-31 17:39:34.950,
5572,113,10,113,7,150000.0,,1,3322,2024-07-31 19:29:04.100,
5573,37,10,37,7,196000.0,,1,2887,2024-08-01 09:58:46.283,
5574,37,1,37,7,96000.0,,1,2887,2024-08-01 09:59:07.833,
5575,142,14,142,8,1000000.0,,1,2887,2024-08-01 10:00:04.557,
5576,142,8,142,1,200000.0,,1,7411,2024-08-01 12:00:21.387,
5577,174,14,174,7,55000.0,,1,7312,2024-08-01 13:10:54.147,
5578,61,10,61,7,800000.0,,1,2338,2024-08-01 13:20:01.403,
5579,61,7,61,13,800000.0,,1,2338,2024-08-01 13:21:20.530,
5580,61,10,61,7,500000.0,,1,2338,2024-08-01 16:23:22.187,
5581,61,10,61,9,300000.0,,1,3322,2024-08-01 18:17:52.100,
5582,22,8,22,9,300000.0,,1,3322,2024-08-02 00:22:44.013,
5583,102,13,102,9,300000.0,,1,3322,2024-08-02 00:24:24.330,
5584,142,3,142,13,300000.0,,1,3322,2024-08-02 01:03:12.680,
5585,104,3,104,9,300000.0,,1,3322,2024-08-02 12:35:12.927,
5586,41,4,41,7,500000.0,,1,3322,2024-08-02 12:52:55.760,
5587,41,4,41,7,500000.0,,1,3322,2024-08-02 12:54:51.263,
5588,102,1,102,7,260000.0,,1,3852,2024-08-02 15:19:11.150,
5589,102,10,102,7,500000.0,,1,3852,2024-08-02 15:19:31.000,
5590,142,14,142,13,800000.0,,1,3322,2024-08-05 11:09:37.757,
5591,49,2,49,13,100000.0,,1,3322,2024-08-05 11:22:33.547,
5592,149,14,149,13,500000.0,,1,8803,2024-08-05 13:52:53.163,
5593,150,13,150,7,250000.0,,1,3322,2024-08-05 15:47:38.903,
5594,61,2,61,7,350000.0,,1,2338,2024-08-06 10:06:15.480,
5595,61,14,61,7,300000.0,,1,2338,2024-08-06 10:06:46.643,
5596,61,10,61,7,250000.0,,1,2338,2024-08-06 10:07:16.983,
5597,61,14,61,7,120000.0,,1,2338,2024-08-06 10:09:10.473,
5598,42,7,42,13,300000.0,,1,9172,2024-08-06 11:41:34.787,
5599,153,7,153,7,300000.0,,1,9172,2024-08-06 11:42:02.503,
5600,108,7,108,13,100000.0,,1,9172,2024-08-06 11:42:50.897,
5601,153,7,153,13,300000.0,,1,9172,2024-08-06 11:44:33.557,
5602,49,7,49,13,500000.0,,1,1912,2024-08-06 11:46:20.317,
5603,49,7,49,9,500000.0,,1,1912,2024-08-06 11:47:21.780,
5604,16,8,16,7,500000.0,,1,5611,2024-08-06 12:22:27.090,
5605,2,10,2,9,1000000.0,,1,5660,2024-08-06 13:06:01.700,
5606,50,10,50,9,500000.0,,1,5660,2024-08-06 13:06:33.060,
5607,146,3,146,7,500000.0,,1,7411,2024-08-06 13:10:32.297,
5608,142,14,142,7,700000.0,,1,7411,2024-08-06 13:32:04.150,
5609,4,10,4,13,1100000.0,,1,1567,2024-08-06 16:25:17.433,
5610,52,9,52,13,1200000.0,,1,7308,2024-08-06 16:27:14.670,
5611,20,7,20,13,1000000.0,,1,7308,2024-08-06 16:28:08.663,
5612,102,14,102,1,75000.0,,1,3852,2024-08-06 19:35:02.890,
5613,102,14,102,1,250000.0,,1,3852,2024-08-06 19:35:23.623,
5614,174,14,174,8,659534.0,,1,7312,2024-08-07 13:54:58.587,
5615,34,14,34,8,510580.0,,1,7312,2024-08-07 13:56:30.873,
5616,28,9,28,7,30000.0,,1,8803,2024-08-07 15:05:24.727,
5617,28,13,28,7,30000.0,,1,8803,2024-08-07 15:10:33.683,
5618,102,13,102,9,400000.0,,1,3322,2024-08-07 16:02:36.700,
5619,150,3,150,9,300000.0,,1,3322,2024-08-07 16:04:07.590,
5620,22,14,22,9,400000.0,,1,3322,2024-08-07 16:05:13.230,
5621,22,14,22,9,400000.0,,1,3322,2024-08-07 16:07:05.277,
5622,156,14,156,9,400000.0,,1,3322,2024-08-07 16:24:51.553,
5623,4,10,4,9,600000.0,,1,3322,2024-08-07 16:42:52.320,
5624,4,10,4,13,400000.0,,1,3322,2024-08-07 16:46:28.013,
5625,142,14,142,7,400000.0,,1,3322,2024-08-08 13:09:15.833,
5626,142,14,142,10,250000.0,,1,3322,2024-08-08 13:16:25.497,
5627,3,14,3,8,300000.0,,1,3322,2024-08-08 14:44:18.373,
5628,114,1,114,7,300000.0,,1,3322,2024-08-08 14:48:20.683,
5629,215,10,215,9,500000.0,,1,7308,2024-08-08 15:56:49.040,
5630,52,3,52,13,400000.0,,1,7308,2024-08-08 16:04:22.343,
5631,104,3,104,13,300000.0,,1,3322,2024-08-08 16:15:46.253,
5632,215,10,215,7,40000.0,,1,7308,2024-08-08 16:23:00.580,
5633,20,14,20,7,60000.0,,1,7308,2024-08-08 16:26:16.080,
5634,29,1,29,8,150000.0,,1,3322,2024-08-08 16:40:18.523,
5635,29,14,29,234,310000.0,internal budget transfer,1,8859,2024-08-08 17:28:38.300,
5636,156,7,156,126,150000.0,Budget transfer for activity relevant GL,1,2718,2024-08-09 10:53:31.913,
5637,111,7,111,126,150000.0,Budget transfer for activity relevant GL,1,2718,2024-08-09 10:53:51.900,
5638,142,3,142,7,300000.0,,1,7411,2024-08-09 11:07:34.327,
5639,128,10,128,13,300000.0,,1,7130,2024-08-09 12:04:14.547,
5640,128,14,128,13,300000.0,,1,7130,2024-08-09 12:04:38.027,
5641,53,5,53,13,300000.0,,1,7130,2024-08-09 12:05:10.750,
5642,9,6,9,13,886000.0,,1,7130,2024-08-09 12:06:02.390,
5643,9,14,9,9,886650.0,,1,7130,2024-08-09 12:06:41.773,
5644,9,5,9,7,886650.0,,1,7130,2024-08-09 12:07:07.653,
5645,53,4,53,7,400000.0,,1,7130,2024-08-09 12:33:17.817,
5646,61,194,61,10,397400.0,As approved by SF on email kindly approve.,1,2338,2024-08-09 13:08:28.983,
5647,181,194,61,13,244660.0,As approved by SF on email kindly approve.,1,2338,2024-08-09 13:09:56.063,
5648,182,194,61,13,48800.0,As approved by SF on email kindly approve.,1,2338,2024-08-09 13:11:02.417,
5649,180,194,61,13,85000.0,As approved by SF on email kindly approve.,1,2338,2024-08-09 13:51:34.053,
5650,183,194,61,13,63700.0,As approved by SF on email kindly approve.,1,2338,2024-08-09 13:12:29.433,
5651,61,10,61,7,650000.0,,1,3322,2024-08-09 15:36:06.427,
5652,29,10,29,7,1290000.0,internal budget transfer,1,8859,2024-08-09 15:58:53.917,
5653,164,2,164,4,100000.0,,1,812,2024-08-11 10:56:42.947,
5654,164,2,164,4,100000.0,,1,812,2024-08-11 11:04:15.517,
5655,61,7,61,4,110000.0,,1,2338,2024-08-12 12:02:41.643,
5656,182,7,182,13,255622.0,,1,2338,2024-08-12 12:13:14.190,
5657,182,10,182,13,269448.0,,1,2338,2024-08-12 12:14:57.937,
5658,182,13,182,7,400000.0,,1,3322,2024-08-12 12:26:17.323,
5659,102,1,102,7,290000.0,,1,3852,2024-08-12 13:39:27.030,
5660,215,3,52,13,400000.0,,1,3358,2024-08-12 16:01:42.390,
5661,215,14,215,7,200000.0,,1,7308,2024-08-12 16:54:36.930,
5662,215,4,215,7,300000.0,,1,7308,2024-08-12 16:58:11.467,
5663,215,9,215,3,200000.0,,1,7308,2024-08-12 16:58:52.173,
5664,215,3,215,10,200000.0,,1,7308,2024-08-12 17:00:00.617,
5665,215,3,215,7,100000.0,,1,7308,2024-08-12 17:01:49.993,
5666,4,14,4,8,250000.0,,1,7362,2024-08-12 18:07:40.817,
5667,182,2,182,5,34500.0,,1,2338,2024-08-12 18:19:20.393,
5668,182,14,182,5,8100.0,,1,2338,2024-08-12 18:19:42.843,
5669,182,3,182,5,31000.0,,1,2338,2024-08-12 18:20:13.477,
5670,182,7,182,13,400000.0,,1,2338,2024-08-12 18:21:35.877,
5671,61,7,182,13,337000.0,,1,2338,2024-08-12 18:23:22.483,
5672,61,3,182,13,299000.0,,1,2338,2024-08-12 18:24:17.983,
5673,61,2,182,13,113000.0,,1,2338,2024-08-12 18:25:02.937,
5674,102,10,102,7,1000000.0,PROCEED PLEASE,1,3852,2024-08-13 11:21:12.637,
5675,131,10,131,7,150000.0,,1,8803,2024-08-13 15:48:06.420,
5676,4,1,4,13,118000.0,Please Proceed,1,1567,2024-08-13 17:49:55.523,
5677,4,2,4,13,133000.0,Please Proceed,1,1567,2024-08-13 17:50:23.353,
5678,4,5,4,13,133000.0,Please Proceed,1,1567,2024-08-13 17:51:04.027,
5679,142,2,142,8,600000.0,,1,3322,2024-08-13 18:52:16.413,
5680,21,4,21,13,200000.0,,1,3322,2024-08-13 20:04:14.483,
5681,128,14,128,8,200000.0,,1,7130,2024-08-15 10:59:11.463,
5682,163,1,163,8,25000.0,,1,7308,2024-08-15 11:10:57.007,
5683,215,2,215,8,25000.0,,1,7308,2024-08-15 11:11:51.793,
5684,171,14,171,9,100000.0,,1,7130,2024-08-15 11:14:49.633,
5685,171,14,171,9,40500.0,,1,7130,2024-08-15 11:15:02.527,
5686,61,3,61,9,299000.0,,1,2338,2024-08-15 12:43:30.150,
5687,61,7,182,13,337000.0,,1,2338,2024-08-15 12:44:24.410,
5688,180,10,182,13,500000.0,,1,2338,2024-08-15 12:45:56.370,
5689,183,14,183,7,52000.0,,1,2338,2024-08-15 13:11:02.717,
5690,22,14,22,8,500000.0,,1,3852,2024-08-15 14:55:58.200,
5691,22,14,22,13,400000.0,,1,3852,2024-08-15 14:56:27.127,
5692,22,14,22,8,500000.0,,1,3852,2024-08-15 14:57:09.757,
5693,181,10,182,13,287000.0,,1,2338,2024-08-15 15:07:46.763,
5694,183,2,182,13,236000.0,,1,2338,2024-08-15 15:08:32.187,
5695,21,10,21,13,1000000.0,Please Proceed,1,1567,2024-08-15 15:09:49.280,
5696,21,10,21,7,1200000.0,Please Proceed,1,1567,2024-08-15 15:10:20.043,
5697,103,2,103,13,50000.0,,1,3358,2024-08-15 15:38:40.423,
5698,163,7,163,13,200000.0,,1,3358,2024-08-15 15:39:06.610,
5699,52,2,52,13,230000.0,,1,3358,2024-08-15 15:40:11.443,
5700,163,7,163,10,500000.0,,1,3358,2024-08-15 15:59:18.033,
5701,21,14,21,7,250000.0,Please Proceed,1,1567,2024-08-15 16:03:03.500,
5702,52,1,52,10,250000.0,,1,3358,2024-08-15 16:04:08.117,
5703,52,4,52,9,33619.0,,1,3358,2024-08-15 16:04:47.373,
5704,52,14,52,9,150000.0,,1,3358,2024-08-15 16:05:26.983,
5705,142,2,142,7,460000.0,,1,7411,2024-08-15 17:19:46.727,
5706,131,10,131,3,50000.0,,1,5618,2024-08-15 17:52:02.403,
5707,156,7,156,9,200000.0,,1,3322,2024-08-15 18:28:01.747,
5708,183,2,183,9,236000.0,,1,2338,2024-08-15 18:34:18.563,
5709,146,14,146,8,250000.0,,1,2887,2024-08-15 18:34:27.183,
5710,61,10,61,9,31000.0,,1,2338,2024-08-15 18:34:55.137,
5711,142,14,142,8,350000.0,,1,2887,2024-08-15 18:35:20.027,
5712,183,3,183,9,60000.0,,1,2338,2024-08-15 18:35:32.130,
5713,183,10,183,9,41000.0,,1,2338,2024-08-15 18:35:52.377,
5714,186,9,186,7,200000.0,,1,2887,2024-08-15 18:36:34.343,
5715,183,1,183,13,87000.0,,1,2338,2024-08-15 18:37:06.710,
5716,215,3,215,8,10.0,,1,3358,2024-08-16 11:14:20.577,
5717,163,10,163,8,10.0,,1,3358,2024-08-16 11:14:44.190,
5718,174,14,174,7,70000.0,,1,7312,2024-08-16 11:14:56.863,
5719,151,7,151,5,100000.0,,1,8617,2024-08-16 11:45:53.147,
5720,38,10,38,9,355000.0,,1,7130,2024-08-16 11:49:11.333,
5721,53,10,53,9,66000.0,,1,7130,2024-08-16 11:55:54.310,
5722,53,10,53,9,100000.0,,1,7130,2024-08-16 11:56:37.237,
5723,33,10,33,3,27000.0,,1,5461,2024-08-16 12:24:32.660,
5724,142,14,142,13,500000.0,,1,2887,2024-08-16 12:26:09.120,
5725,142,14,142,7,200000.0,,1,2887,2024-08-16 12:56:13.980,
5726,150,10,150,13,100000.0,,1,2053,2024-08-16 13:22:27.740,
5727,102,10,102,13,200000.0,,1,2053,2024-08-16 14:08:53.483,
5728,102,10,102,4,200000.0,,1,2053,2024-08-16 14:15:05.193,
5729,146,14,146,7,200000.0,,1,2887,2024-08-16 15:05:12.677,
5730,2,14,2,13,1058000.0,,1,2053,2024-08-16 15:10:00.770,
5731,112,10,112,13,1000000.0,,1,2053,2024-08-16 15:10:20.853,
5732,50,10,50,13,1000000.0,,1,2053,2024-08-16 15:10:36.270,
5733,20,9,20,7,150000.0,,1,3358,2024-08-16 17:24:10.780,
5734,21,3,21,7,1000000.0,,1,3322,2024-08-16 17:36:29.353,
5735,4,3,4,13,1000000.0,Please Proceed,1,1567,2024-08-16 17:45:53.763,
5736,21,3,21,13,1000000.0,Please Proceed,1,1567,2024-08-16 17:46:41.727,
5737,53,2,53,13,100000.0,,1,7363,2024-08-16 18:13:29.027,
5738,2,1,2,14,30000.0,,1,5660,2024-08-16 18:35:19.473,
5739,178,13,178,7,480000.0,,1,5660,2024-08-18 20:33:10.327,
5740,14,7,14,15,144944.0,,1,9172,2024-08-19 10:27:35.740,
5741,153,7,153,15,67944.0,,1,9172,2024-08-19 10:27:59.683,
5742,42,7,42,15,36219.0,,1,9172,2024-08-19 10:28:19.243,
5743,108,7,108,15,8494.0,,1,9172,2024-08-19 10:28:44.443,
5744,1,7,1,15,8494.0,,1,9172,2024-08-19 10:29:05.213,
5745,42,7,42,15,2000.0,,1,9172,2024-08-19 10:29:55.933,
5746,1,7,1,15,65990.0,,1,9172,2024-08-19 10:31:02.067,
5747,14,7,1,15,100000.0,,1,9172,2024-08-19 10:35:32.570,
5748,112,7,112,9,450000.0,,1,9111,2024-08-19 10:47:00.310,
5749,42,7,42,15,50000.0,,1,9172,2024-08-19 12:11:03.030,
5750,108,7,108,15,658.0,,1,9172,2024-08-19 12:11:39.647,
5751,102,10,102,7,550000.0,,1,3852,2024-08-19 13:21:12.950,
5752,50,14,50,7,780000.0,,1,5660,2024-08-19 13:57:13.613,
5753,131,9,131,13,50000.0,,1,3322,2024-08-19 15:01:29.810,
5754,163,7,52,13,1000000.0,,1,3358,2024-08-19 15:28:04.913,
5755,163,7,215,7,1000000.0,,1,3358,2024-08-19 15:28:39.567,
5756,22,10,22,8,500000.0,,1,3852,2024-08-19 15:30:08.170,
5757,150,14,150,8,384413.0,,1,3852,2024-08-19 15:36:34.547,
5758,150,1,150,13,200000.0,,1,3852,2024-08-19 15:39:09.233,
5759,102,9,102,8,200000.0,,1,3852,2024-08-19 15:40:13.817,
5760,22,1,22,8,287000.0,,1,3852,2024-08-19 15:42:18.623,
5761,150,10,150,7,245000.0,,1,3852,2024-08-19 15:43:31.590,
5762,22,10,22,7,1400000.0,,1,3852,2024-08-19 15:54:02.487,
5763,22,10,22,8,600000.0,,1,3852,2024-08-19 16:01:31.887,
5764,178,7,178,9,250000.0,,1,5660,2024-08-19 17:37:10.343,
5765,102,10,102,8,500000.0,,1,3852,2024-08-19 18:04:41.720,
5766,2,10,2,3,200000.0,,1,5660,2024-08-19 18:34:31.820,
5767,102,10,102,7,500000.0,,1,3852,2024-08-19 19:13:34.147,
5768,146,14,146,13,600000.0,,1,3322,2024-08-20 02:43:16.467,
5769,104,14,104,4,100000.0,,1,3322,2024-08-20 02:46:30.633,
5770,114,14,114,9,50000.0,,1,3322,2024-08-20 02:58:19.927,
5771,4,10,4,13,500000.0,Please Proceed,1,1567,2024-08-20 10:18:13.063,
5772,51,10,51,9,650000.0,,1,546,2024-08-20 10:36:52.113,
5773,21,10,21,9,500000.0,Please Proceed,1,1567,2024-08-20 10:44:16.597,
5774,41,4,41,13,500000.0,,1,8859,2024-08-20 12:39:01.750,
5775,41,3,41,7,650000.0,,1,8859,2024-08-20 12:43:20.530,
5776,29,14,29,9,296000.0,,1,8859,2024-08-20 12:54:23.723,
5777,65,14,65,8,400000.0,budget movement request due to negative balance,1,1196,2024-08-20 15:14:00.987,
5778,102,10,102,13,1000000.0,,1,5596,2024-08-20 15:28:16.097,
5779,102,10,102,8,1000000.0,,1,5596,2024-08-20 15:28:47.723,
5780,102,10,102,7,500000.0,,1,5596,2024-08-20 15:29:14.677,
5781,150,10,150,13,1000000.0,,1,5596,2024-08-20 15:29:55.133,
5782,150,10,150,8,500000.0,,1,5596,2024-08-20 15:30:15.370,
5783,52,2,52,8,250000.0,,1,3358,2024-08-20 16:02:11.900,
5784,22,14,22,10,150000.0,,1,3852,2024-08-20 16:05:48.527,
5785,156,13,156,10,200000.0,,1,8617,2024-08-20 16:07:07.917,
5786,215,14,215,10,150000.0,,1,3358,2024-08-20 16:13:27.387,
5787,52,8,52,10,100000.0,,1,3358,2024-08-20 16:33:08.240,
5788,191,9,191,13,250000.0,,1,3322,2024-08-20 16:37:20.657,
5789,191,10,191,13,100000.0,,1,3322,2024-08-20 16:38:01.963,
5790,3,10,3,13,300000.0,,1,3322,2024-08-20 16:57:01.120,
5791,3,10,3,8,200000.0,,1,2755,2024-08-20 17:13:50.357,
5792,94,5,94,7,100000.0,,1,5356,2024-08-20 17:36:57.357,
5793,178,1,178,7,90000.0,,1,5660,2024-08-20 18:11:24.230,
5794,13,14,13,8,400000.0,,1,2755,2024-08-20 18:46:52.950,
5795,156,13,156,9,300000.0,,1,3322,2024-08-21 10:21:57.993,
5796,49,8,49,13,300000.0,,1,7413,2024-08-21 10:38:04.360,
5797,150,10,150,9,300000.0,,1,5596,2024-08-21 10:55:28.087,
5798,14,7,14,15,20000.0,,1,9172,2024-08-21 11:01:36.660,
5799,153,7,153,15,10000.0,,1,9172,2024-08-21 11:02:59.333,
5800,53,2,53,9,200000.0,,1,7363,2024-08-21 11:06:32.350,
5801,150,10,150,9,500000.0,,1,5596,2024-08-21 11:53:34.043,
5802,22,13,22,9,500000.0,,1,5596,2024-08-21 11:54:33.833,
5803,102,10,102,9,500000.0,,1,5596,2024-08-21 12:05:20.770,
5804,22,10,22,7,100000.0,,1,5596,2024-08-21 12:14:08.227,
5805,29,7,29,10,200000.0,internal budget transfer,1,8859,2024-08-21 12:51:55.890,
5806,174,3,174,7,400000.0,,1,7312,2024-08-21 12:54:46.133,
5807,2,10,2,7,750000.0,,1,5660,2024-08-21 14:17:06.410,
5808,2,1,2,7,150000.0,,1,5660,2024-08-21 14:17:46.020,
5809,1,7,1,5,50000.0,,1,9172,2024-08-21 15:02:00.217,
5810,42,7,42,5,50000.0,,1,9172,2024-08-21 15:02:34.430,
5811,14,7,14,5,50000.0,,1,9172,2024-08-21 15:02:58.267,
5812,14,7,14,5,50000.0,,1,9172,2024-08-21 15:03:42.520,
5813,21,1,21,13,220000.0,Please Proceed,1,1567,2024-08-21 15:19:10.273,
5814,146,14,146,8,600000.0,,1,7411,2024-08-21 17:32:54.960,
5815,142,1,142,8,150000.0,,1,7411,2024-08-21 17:34:24.080,
5816,142,14,142,8,55000.0,,1,7411,2024-08-21 17:35:03.180,
5817,37,3,37,8,295000.0,,1,7411,2024-08-21 17:36:28.517,
5818,4,3,4,13,300000.0,Please Proceed,1,1567,2024-08-21 18:04:09.820,
5819,156,13,156,10,100000.0,,1,3322,2024-08-21 18:56:32.073,
5820,29,3,29,7,979000.0,internal budget transfer,1,8859,2024-08-22 11:42:42.553,
5821,62,14,62,8,385091.0,,1,7312,2024-08-22 11:46:15.823,
5822,62,7,62,8,295019.0,,1,7312,2024-08-22 11:46:43.947,
5823,35,14,35,8,486767.0,,1,7312,2024-08-22 11:48:06.170,
5824,34,14,34,3,30000.0,,1,7312,2024-08-22 11:54:39.163,
5825,34,14,34,3,30000.0,,1,7312,2024-08-22 11:57:48.840,
5826,156,8,156,13,500000.0,,1,8617,2024-08-22 12:30:49.450,
5827,153,7,153,5,10000.0,,1,9172,2024-08-22 14:58:53.530,
5828,114,14,114,9,60000.0,,1,2755,2024-08-22 16:16:59.733,
5829,13,10,13,9,150000.0,,1,2755,2024-08-22 16:22:45.210,
5830,28,2,28,7,405063.0,,1,5618,2024-08-22 17:36:01.500,
5831,215,194,181,14,300000.0,,1,2053,2024-08-22 18:40:09.257,
5832,52,194,181,14,347000.0,,1,2053,2024-08-22 18:40:32.130,
5833,103,194,181,14,75000.0,,1,2053,2024-08-22 18:41:04.957,
5834,20,194,181,14,200000.0,,1,2053,2024-08-22 18:41:29.270,
5835,163,194,181,14,74000.0,,1,2053,2024-08-22 18:41:52.210,
5836,11,194,181,14,200000.0,,1,2053,2024-08-22 18:42:18.907,
5837,9,194,181,14,520000.0,,1,2053,2024-08-22 18:42:44.200,
5838,53,194,181,14,300000.0,,1,2053,2024-08-22 18:43:08.480,
5839,38,194,181,14,150000.0,,1,2053,2024-08-22 18:43:31.763,
5840,115,194,181,14,183000.0,,1,2053,2024-08-22 18:44:17.647,
5841,171,194,181,14,43000.0,,1,2053,2024-08-22 18:44:54.303,
5842,16,194,181,14,411000.0,,1,2053,2024-08-22 18:46:05.090,
5843,51,194,181,14,600000.0,,1,2053,2024-08-22 18:54:11.763,
5844,27,194,181,14,300000.0,On DM Instructions,1,2053,2024-08-22 18:54:46.307,
5845,172,194,181,14,35000.0,On DM Instructions,1,2053,2024-08-22 18:55:09.640,
5846,24,194,181,14,810000.0,,1,2053,2024-08-22 18:55:35.243,
5847,49,194,181,14,360000.0,On DM Instructions,1,2053,2024-08-22 18:56:00.363,
5848,96,194,181,14,60000.0,,1,2053,2024-08-22 18:56:31.367,
5849,24,194,181,14,32000.0,,1,2053,2024-08-22 18:57:23.573,
5850,20,8,20,13,100000.0,,1,3322,2024-08-22 19:18:26.567,
5851,149,13,131,9,200000.0,,1,8803,2024-08-23 11:42:58.180,
5852,149,13,149,9,100000.0,,1,8803,2024-08-23 11:43:37.487,
5853,42,7,14,7,400000.0,,1,9172,2024-08-23 12:09:40.193,
5854,22,13,22,7,800000.0,,1,3852,2024-08-23 15:28:17.500,
5855,102,10,102,7,800000.0,,1,3852,2024-08-23 15:29:55.330,
5856,2,13,2,7,250000.0,,1,5660,2024-08-23 15:33:09.940,
5857,50,6,50,7,250000.0,,1,5660,2024-08-23 15:33:33.810,
5858,22,13,22,7,800000.0,,1,3852,2024-08-23 15:33:51.003,
5859,178,3,178,7,50000.0,,1,5660,2024-08-23 15:36:23.430,
5860,65,14,65,13,50000.0,Budget movement request due to negative balance,1,8802,2024-08-23 16:30:57.627,
5861,65,14,65,13,40000.0,Budget movement request due to negative balance,1,8802,2024-08-23 16:32:00.453,
5862,65,14,65,13,100000.0,Budget movement request due to negative balance,1,8802,2024-08-23 16:32:50.943,
5863,150,13,150,7,250000.0,,1,3852,2024-08-23 17:31:52.770,
5864,21,10,28,2,60000.0,Budget Transfer request last year amount,1,7362,2024-08-23 17:45:59.123,
5865,102,10,102,7,200000.0,,1,3852,2024-08-23 17:48:10.463,
5866,22,8,28,2,500000.0,Last year budget,1,5596,2024-08-23 17:57:47.367,
5867,181,14,181,13,2000000.0,,1,2338,2024-08-23 18:27:28.977,
5868,181,14,181,9,1000000.0,,1,2338,2024-08-23 18:28:13.530,
5869,21,14,21,7,370000.0,Please Proceed,1,1567,2024-08-26 10:24:37.123,
5870,21,4,21,7,250000.0,Please Proceed,1,1567,2024-08-26 10:26:01.217,
5871,21,13,21,7,200000.0,Please Proceed,1,1567,2024-08-26 10:26:33.050,
5872,21,9,21,7,40000.0,Please Proceed,1,1567,2024-08-26 10:31:08.463,
5873,21,4,21,8,1100.0,Please Proceed,1,1567,2024-08-26 10:32:23.527,
5874,21,5,21,13,90000.0,Please Proceed,1,1567,2024-08-26 10:34:43.410,
5875,21,9,21,13,250000.0,Please Proceed,1,1567,2024-08-26 10:35:10.633,
5876,16,8,16,7,290000.0,,1,5611,2024-08-26 10:39:56.787,
5877,9,4,9,13,200000.0,,1,7130,2024-08-26 10:57:17.403,
5878,9,2,9,13,500000.0,,1,7130,2024-08-26 10:57:33.903,
5879,53,4,53,9,150000.0,,1,7363,2024-08-26 11:14:11.147,
5880,215,4,215,7,100000.0,,1,3358,2024-08-26 12:27:39.527,
5881,215,3,215,7,150000.0,,1,3358,2024-08-26 12:28:11.270,
5882,52,1,52,9,120000.0,,1,3358,2024-08-26 12:29:22.350,
5883,29,1,29,8,240000.0,,1,3322,2024-08-26 12:30:26.790,
5884,52,1,52,10,50000.0,,1,3358,2024-08-26 12:30:49.177,
5885,29,10,29,8,260000.0,,1,3322,2024-08-26 12:30:54.337,
5886,52,1,52,8,34500.0,,1,3358,2024-08-26 12:32:28.190,
5887,163,10,163,13,200000.0,,1,3358,2024-08-26 12:34:23.503,
5888,103,1,103,13,157000.0,,1,3358,2024-08-26 12:46:56.280,
5889,29,9,29,234,210000.0,,1,8620,2024-08-26 13:08:14.040,
5890,11,1,11,7,100000.0,,1,7308,2024-08-26 15:36:10.140,
5891,21,8,21,7,400000.0,Please Proceed,1,1567,2024-08-26 15:45:28.770,
5892,62,8,62,10,100000.0,,1,3322,2024-08-26 15:53:04.317,
5893,28,4,28,7,476939.0,,1,5618,2024-08-26 16:13:30.303,
5894,181,14,181,7,500000.0,,1,2338,2024-08-26 16:52:08.540,
5895,181,14,181,10,100000.0,,1,2338,2024-08-26 17:23:49.110,
5896,181,14,181,10,25000.0,,1,2338,2024-08-26 17:26:01.513,
5897,20,1,52,10,400000.0,,1,3358,2024-08-26 18:24:50.277,
5898,41,14,41,13,734839.0,internal budget transfer,1,8859,2024-08-26 18:31:37.653,
5899,153,7,153,5,143000.0,,1,9172,2024-08-26 18:32:04.647,
5900,42,7,42,5,100000.0,,1,9172,2024-08-26 18:32:33.463,
5901,41,1,41,13,96000.0,internal budget transfer,1,8859,2024-08-26 18:32:40.383,
5902,42,7,14,5,200000.0,,1,9172,2024-08-26 18:34:37.313,
5903,1,7,14,7,300000.0,,1,9172,2024-08-26 18:37:07.907,
5904,41,14,41,5,100000.0,internal budget transfer,1,8859,2024-08-26 19:02:14.987,
5905,146,9,146,4,100000.0,,1,7411,2024-08-26 19:05:26.637,
5906,146,9,146,7,150000.0,,1,7411,2024-08-26 19:05:52.813,
5907,171,3,171,1,100000.0,,1,7363,2024-08-27 10:05:07.517,
5908,115,2,115,1,100000.0,,1,7363,2024-08-27 10:05:27.483,
5909,21,10,21,13,10000.0,Please Proceed,1,1567,2024-08-27 11:27:40.780,
5910,4,6,4,13,400000.0,Please Proceed,1,1567,2024-08-27 11:29:42.273,
5911,4,1,4,13,200000.0,Please Proceed,1,1567,2024-08-27 11:30:08.077,
5912,4,10,4,13,200000.0,Please Proceed,1,1567,2024-08-27 11:30:57.280,
5913,142,9,142,8,107000.0,,1,7411,2024-08-27 11:48:48.470,
5914,142,10,142,8,31000.0,,1,7411,2024-08-27 11:49:33.770,
5915,37,2,37,8,295000.0,,1,7411,2024-08-27 11:50:27.690,
5916,142,6,142,13,70900.0,,1,7411,2024-08-27 11:51:21.520,
5917,146,6,146,13,45100.0,,1,7411,2024-08-27 11:52:23.750,
5918,146,1,146,13,17000.0,,1,7411,2024-08-27 11:52:55.790,
5919,186,9,186,8,603000.0,,1,7411,2024-08-27 11:54:45.463,
5920,186,14,186,13,764230.0,,1,7411,2024-08-27 11:55:48.470,
5921,146,14,146,13,34800.0,,1,7411,2024-08-27 11:56:29.313,
5922,4,4,4,13,34000.0,Please Proceed,1,1567,2024-08-27 12:56:42.437,
5923,4,1,4,13,36000.0,Please Proceed,1,1567,2024-08-27 12:57:04.403,
5924,4,2,4,13,118000.0,Please Proceed,1,1567,2024-08-27 12:57:26.787,
5925,4,5,4,13,135000.0,Please Proceed,1,1567,2024-08-27 12:57:49.430,
5926,4,14,4,13,67000.0,Please Proceed,1,1567,2024-08-27 12:58:13.477,
5927,4,10,4,13,87000.0,Please Proceed,1,1567,2024-08-27 12:58:38.297,
5928,4,3,4,13,93000.0,Please Proceed,1,1567,2024-08-27 12:59:05.507,
5929,53,5,53,1,100000.0,,1,7363,2024-08-27 13:01:26.023,
5930,104,14,104,13,165000.0,,1,8620,2024-08-27 13:05:38.530,
5931,181,14,181,7,200000.0,,1,2338,2024-08-27 16:17:41.957,
5932,181,14,181,7,200000.0,,1,2338,2024-08-27 16:19:50.137,
5933,53,8,53,13,100000.0,,1,7130,2024-08-27 16:31:14.860,
5934,53,10,53,13,100000.0,,1,7130,2024-08-27 16:31:33.540,
5935,53,2,53,13,200000.0,,1,7130,2024-08-27 16:32:08.223,
5936,53,2,53,13,220000.0,,1,7130,2024-08-27 16:37:54.677,
5937,174,7,174,13,150000.0,,1,7312,2024-08-27 16:38:37.223,
5938,9,8,9,7,500000.0,,1,7130,2024-08-27 17:28:25.477,
5939,9,3,9,7,500000.0,,1,7130,2024-08-27 17:28:41.147,
5940,21,13,21,9,99000.0,Please Proceed,1,1567,2024-08-27 17:32:38.443,
5941,102,10,102,7,200000.0,,1,3852,2024-08-27 17:35:02.433,
5942,158,13,158,8,200000.0,,1,3322,2024-08-27 18:21:16.740,
5943,104,13,104,9,145000.0,,1,3043,2024-08-28 10:09:52.940,
5944,113,13,113,9,133495.0,,1,3043,2024-08-28 10:13:48.433,
5945,113,5,113,9,82169.0,,1,3043,2024-08-28 10:16:46.147,
5946,41,14,41,13,200000.0,,1,3043,2024-08-28 10:31:21.100,
5947,29,3,29,13,250000.0,,1,3043,2024-08-28 10:32:56.353,
5948,49,7,49,4,30000.0,,1,1912,2024-08-28 11:09:29.513,
5949,49,7,49,13,500000.0,,1,1912,2024-08-28 11:09:50.837,
5950,113,9,113,10,215663.0,,1,3043,2024-08-28 11:41:33.557,
5951,21,10,21,9,300000.0,,1,3322,2024-08-28 11:59:53.713,
5952,21,10,21,9,200000.0,,1,3322,2024-08-28 12:01:59.263,
5953,215,4,215,7,50000.0,,1,3358,2024-08-28 12:27:36.570,
5954,27,9,27,8,55000.0,,1,546,2024-08-28 12:47:52.100,
5955,171,2,171,1,50000.0,,1,7130,2024-08-28 13:29:27.350,
5956,128,8,128,1,50000.0,,1,7130,2024-08-28 13:29:40.050,
5957,158,14,158,8,200000.0,,1,3322,2024-08-28 14:53:20.300,
5958,20,1,20,7,400000.0,,1,7308,2024-08-28 16:31:24.903,
5959,20,2,20,10,200000.0,,1,7308,2024-08-28 16:31:53.603,
5960,20,8,20,13,100000.0,,1,7308,2024-08-28 16:32:40.603,
5961,20,14,20,13,48000.0,,1,7308,2024-08-28 16:33:02.370,
5962,20,2,20,13,72000.0,,1,7308,2024-08-28 16:33:22.073,
5963,11,1,11,13,112000.0,,1,7308,2024-08-28 16:34:38.577,
5964,11,2,11,13,139000.0,,1,7308,2024-08-28 16:35:15.150,
5965,21,9,21,7,100000.0,,1,3322,2024-08-28 18:30:39.637,
5966,21,9,21,7,20000.0,,1,3322,2024-08-28 18:34:38.713,
5967,9,3,9,9,500000.0,,1,7130,2024-08-29 11:32:38.690,
5968,50,10,50,13,200000.0,,1,5660,2024-08-29 11:42:32.187,
5969,37,10,37,7,49000.0,,1,3322,2024-08-29 12:23:30.483,
5970,37,8,37,7,250000.0,,1,3322,2024-08-29 12:55:45.640,
5971,102,10,102,7,1000000.0,,1,3852,2024-08-29 13:46:23.067,
5972,102,10,102,7,200000.0,,1,3852,2024-08-29 13:46:41.280,
5973,181,14,181,10,25000.0,,1,3322,2024-08-29 15:33:24.307,
5974,158,14,158,8,300000.0,,1,3322,2024-08-29 16:47:56.780,
5975,186,13,186,4,700000.0,,1,2887,2024-08-29 17:02:54.593,
5976,186,8,186,2,600000.0,,1,2887,2024-08-29 17:03:48.903,
5977,186,2,186,3,60000.0,,1,2887,2024-08-29 17:05:13.947,
5978,65,14,65,8,500000.0,Budget movement request due to negative balance,1,8802,2024-08-29 17:09:10.833,
5979,21,10,21,7,6000.0,Please Proceed,1,1567,2024-08-29 17:58:18.927,
5980,21,3,21,7,28000.0,Please Proceed,1,1567,2024-08-29 17:58:47.220,
5981,21,9,21,7,12000.0,Please Proceed,1,1567,2024-08-29 17:59:13.833,
5982,21,14,21,7,7000.0,Please Proceed,1,1567,2024-08-29 17:59:39.010,
5983,21,1,21,7,2000.0,Please Proceed,1,1567,2024-08-29 18:00:01.220,
5984,21,5,21,7,3000.0,Please Proceed,1,1567,2024-08-29 18:00:33.100,
5985,4,13,4,10,500000.0,Please Proceed,1,1567,2024-08-29 18:01:16.027,
5986,34,14,34,3,10000.0,,1,7312,2024-08-29 18:08:01.600,
5987,153,7,153,5,10000.0,,1,9172,2024-08-29 22:10:10.767,
5988,37,8,37,7,340000.0,,1,2887,2024-08-30 09:45:41.093,
5989,37,13,37,7,170000.0,,1,2887,2024-08-30 09:46:11.117,
5990,14,7,14,7,100000.0,,1,9172,2024-08-30 13:40:42.157,
5991,14,7,14,13,100000.0,,1,9172,2024-08-30 13:41:48.773,
5992,53,5,53,13,238992.0,,1,7130,2024-08-30 15:15:46.123,
5993,38,1,38,9,153591.0,,1,7130,2024-08-30 15:16:19.467,
5994,119,13,119,9,200000.0,,1,3322,2024-08-30 15:59:23.187,
5995,171,13,171,9,100000.0,,1,3322,2024-08-30 16:50:28.433,
5996,51,14,51,7,400000.0,,1,546,2024-08-30 17:17:28.680,
5997,4,10,4,13,100000.0,Please Proceed,1,1567,2024-08-30 17:21:08.890,
5998,102,8,102,7,820000.0,,1,3852,2024-08-30 17:38:28.697,
5999,102,3,102,7,340000.0,,1,3852,2024-08-30 17:39:00.203,
6000,102,13,102,7,300000.0,,1,3852,2024-08-30 17:39:21.717,
6001,150,9,150,7,450000.0,,1,3852,2024-08-30 17:40:25.073,
6002,150,10,150,7,400000.0,,1,3852,2024-08-30 17:40:46.443,
6003,150,13,150,7,600000.0,,1,3852,2024-08-30 17:41:09.787,
6004,22,2,22,8,255000.0,,1,3852,2024-08-30 17:43:05.813,
6005,22,3,22,3,180000.0,,1,3852,2024-08-30 17:43:28.020,
6006,22,5,22,8,100000.0,,1,3852,2024-08-30 17:44:06.857,
6007,174,14,174,1,11201.0,,1,7312,2024-08-30 18:17:45.980,
6008,42,7,42,5,2000.0,,1,9172,2024-09-02 10:12:56.840,
6009,20,7,20,3,350000.0,,1,3358,2024-09-02 11:18:36.127,
6010,94,6,94,7,100000.0,,1,5356,2024-09-02 11:22:38.010,
6011,215,4,20,4,57000.0,,1,3358,2024-09-02 11:25:24.520,
6012,215,1,20,1,140000.0,,1,3358,2024-09-02 11:25:51.853,
6013,215,2,20,2,83000.0,,1,3358,2024-09-02 11:26:09.983,
6014,215,14,20,14,157000.0,,1,3358,2024-09-02 11:26:27.440,
6015,215,9,20,9,136000.0,,1,3358,2024-09-02 11:26:44.803,
6016,215,3,20,3,141000.0,,1,3358,2024-09-02 11:27:11.660,
6017,215,7,20,7,23000.0,,1,3358,2024-09-02 11:27:57.543,
6018,153,7,153,5,9000.0,,1,9172,2024-09-02 12:16:28.723,
6019,42,7,42,5,9000.0,,1,9172,2024-09-02 12:16:45.303,
6020,112,14,112,13,200000.0,,1,9111,2024-09-02 14:57:48.037,
6021,112,10,112,13,300000.0,,1,9111,2024-09-02 14:58:22.983,
6022,2,6,2,13,450000.0,,1,9111,2024-09-02 15:00:46.150,
6023,27,9,27,13,700000.0,,1,546,2024-09-02 15:14:36.860,
6024,24,7,28,13,1000000.0,,1,7413,2024-09-02 16:49:13.860,
6025,149,10,149,7,500000.0,,1,8803,2024-09-02 16:55:23.333,
6026,131,4,131,7,47015.0,,1,8803,2024-09-02 16:56:06.387,
6027,131,1,131,7,43421.0,,1,8803,2024-09-02 16:56:46.253,
6028,149,1,149,7,297367.0,,1,8803,2024-09-02 16:58:22.623,
6029,181,14,181,7,650000.0,,1,2338,2024-09-02 17:06:53.203,
6030,149,5,149,9,379745.0,,1,8803,2024-09-02 17:23:06.437,
6031,3,10,3,8,300000.0,,1,2755,2024-09-03 11:02:00.137,
6032,149,3,149,7,500000.0,,1,8803,2024-09-03 12:38:17.010,
6033,131,2,131,7,100000.0,,1,8803,2024-09-03 12:44:21.597,
6034,22,8,22,9,250000.0,,1,3322,2024-09-03 14:52:32.727,
6035,9,3,9,7,181190.0,,1,7130,2024-09-03 16:48:28.593,
6036,9,2,9,13,200000.0,,1,7130,2024-09-03 16:50:03.570,
6037,9,2,9,13,100000.0,,1,7130,2024-09-03 16:51:08.390,
6038,50,1,50,7,100000.0,,1,5660,2024-09-04 01:46:14.813,
6039,57,1,57,7,100000.0,,1,5660,2024-09-04 01:47:37.993,
6040,215,7,215,3,120000.0,,1,3358,2024-09-04 11:13:18.163,
6041,163,13,163,3,100000.0,,1,3358,2024-09-04 11:15:38.360,
6042,163,1,163,3,20000.0,,1,3358,2024-09-04 11:17:03.583,
6043,171,3,171,9,100000.0,,1,7363,2024-09-04 11:37:46.583,
6044,20,13,20,7,200000.0,,1,3322,2024-09-04 12:19:19.687,
6045,20,9,20,13,200000.0,,1,3322,2024-09-04 12:25:41.513,
6046,20,1,20,13,170000.0,,1,3322,2024-09-04 12:28:18.860,
6047,20,13,20,7,400000.0,,1,3322,2024-09-04 13:38:44.467,
6048,27,7,27,13,500000.0,,1,546,2024-09-04 15:20:49.357,
6049,156,13,156,9,200000.0,,1,8617,2024-09-04 16:18:23.017,
6050,65,14,65,13,200000.0,Budget movement request due to negative balance,1,8802,2024-09-04 16:59:47.243,
6051,65,14,65,13,16000.0,Budget movement request due to negative balance,1,8802,2024-09-04 17:08:31.237,
6052,2,13,2,3,100000.0,,1,5660,2024-09-05 01:46:19.887,
6053,50,2,50,3,100000.0,,1,5660,2024-09-05 01:46:43.507,
6054,50,5,50,126,100000.0,,1,5660,2024-09-05 01:47:49.810,
6055,49,7,49,3,200000.0,,1,1912,2024-09-05 01:56:31.650,
6056,94,6,94,7,100000.0,,1,5356,2024-09-05 09:53:29.750,
6057,16,1,16,10,100000.0,,1,5611,2024-09-05 12:01:37.347,
6058,16,1,16,7,1000000.0,,1,5611,2024-09-05 12:02:07.650,
6059,150,8,150,13,200000.0,,1,3322,2024-09-05 12:46:12.353,
6060,22,9,22,10,50000.0,,1,3322,2024-09-05 12:57:19.717,
6061,181,14,181,1,15000.0,,1,2338,2024-09-05 15:44:04.553,
6062,102,4,102,10,100000.0,,1,3322,2024-09-05 15:51:15.830,
6063,150,3,150,10,200000.0,,1,3322,2024-09-05 15:53:07.503,
6064,65,14,65,13,72000.0,Budget movement request due to negative balance,1,8802,2024-09-05 17:23:47.657,
6065,28,14,28,7,1019630.0,,1,5618,2024-09-06 10:04:36.790,
6066,181,14,181,7,50000.0,,1,2338,2024-09-06 11:01:14.927,
6067,158,14,158,8,500000.0,,1,3322,2024-09-06 14:30:29.460,
6068,158,14,158,8,500000.0,,1,3322,2024-09-06 14:31:09.547,
6069,158,14,158,13,500000.0,,1,3322,2024-09-06 14:34:20.347,
6070,158,14,158,8,500000.0,,1,3322,2024-09-06 14:38:28.427,
6071,146,10,146,7,300000.0,,1,2887,2024-09-06 17:36:19.163,
6072,146,9,146,7,300000.0,,1,2887,2024-09-06 17:36:47.180,
6073,3,10,3,7,300000.0,,1,2755,2024-09-06 17:47:12.477,
6074,146,7,146,2,477000.0,,1,2887,2024-09-06 17:47:59.200,
6075,37,9,37,7,100000.0,,1,2887,2024-09-06 17:49:31.047,
6076,29,3,29,7,410000.0,internal budget transfer,1,8859,2024-09-06 18:50:29.450,
6077,29,8,29,7,515000.0,internal budget transfer,1,8859,2024-09-06 18:51:28.363,
6078,150,7,150,13,200000.0,,1,3322,2024-09-09 11:15:58.280,
6079,29,13,29,3,100000.0,internal budget transfer,1,8859,2024-09-09 12:00:36.423,
6080,115,7,115,9,20000.0,,1,7363,2024-09-09 12:14:19.907,
6081,53,3,53,9,30000.0,,1,7363,2024-09-09 12:15:52.857,
6082,128,3,128,7,250160.0,,1,7130,2024-09-09 12:24:45.450,
6083,115,3,143,7,1000000.0,,1,2091,2024-09-09 12:25:47.183,
6084,128,7,143,7,1000000.0,,1,2091,2024-09-09 12:26:30.420,
6085,171,10,171,13,267000.0,,1,7363,2024-09-09 12:31:59.850,
6086,128,6,128,13,125080.0,,1,7130,2024-09-09 12:35:46.073,
6087,128,4,128,13,125080.0,,1,7130,2024-09-09 12:36:02.383,
6088,103,13,103,7,50000.0,,1,3358,2024-09-09 12:36:46.210,
6089,128,5,128,13,125080.0,,1,7130,2024-09-09 12:37:06.073,
6090,103,7,103,3,25000.0,,1,3358,2024-09-09 12:37:45.163,
6091,13,13,13,7,150000.0,,1,2755,2024-09-09 14:00:33.233,
6092,9,1,9,7,129922.0,,1,7130,2024-09-09 16:25:19.113,
6093,42,7,42,13,30000.0,,1,9172,2024-09-09 16:39:42.147,
6094,149,14,149,7,629272.0,,1,8803,2024-09-09 23:45:40.127,
6095,149,3,149,13,549730.0,,1,8803,2024-09-09 23:47:24.520,
6096,149,10,149,7,300000.0,,1,8803,2024-09-09 23:49:08.857,
6097,3,10,3,7,350000.0,,1,2755,2024-09-10 09:13:39.057,
6098,96,1,96,7,240000.0,,1,7413,2024-09-10 09:35:50.640,
6099,112,4,112,13,450000.0,,1,5660,2024-09-10 09:58:15.327,
6100,65,2,65,7,600000.0,Budget movement request due to negative balance,1,8802,2024-09-10 12:12:38.137,
6101,65,2,65,8,1273612.0,Budget movement request due to negative balance,1,8802,2024-09-10 12:16:48.333,
6102,65,9,65,8,2299122.0,Budget movement request,1,8802,2024-09-10 12:20:46.167,
6103,34,1,34,13,100000.0,,1,3322,2024-09-10 12:23:50.580,
6104,65,3,65,13,285000.0,Budget movement request,1,8802,2024-09-10 12:26:50.437,
6105,181,14,181,7,100000.0,,1,2338,2024-09-10 13:02:17.110,
6106,24,3,24,194,341000.0,,1,7413,2024-09-10 13:27:18.273,
6107,112,10,112,3,160000.0,,1,5660,2024-09-10 15:21:14.393,
6108,50,2,50,3,150000.0,,1,5660,2024-09-10 15:21:39.597,
6109,115,14,115,3,463097.0,,1,7130,2024-09-10 16:22:48.520,
6110,9,2,9,194,22276.0,,1,7130,2024-09-10 16:36:46.847,
6111,143,7,143,194,150000.0,,1,7308,2024-09-10 16:39:16.063,
6112,22,3,22,9,150000.0,,1,3322,2024-09-10 18:04:16.097,
6113,115,8,115,9,250000.0,,1,7363,2024-09-11 15:58:49.627,
6114,27,14,27,8,100000.0,,1,3322,2024-09-11 17:42:57.633,
6115,3,1,3,8,100000.0,,1,2755,2024-09-11 18:26:35.383,
6116,65,1,65,14,300000.0,Please Proceed,1,1196,2024-09-12 09:15:33.650,
6117,158,10,158,2,2000000.0,Please Proceed,1,2073,2024-09-12 09:25:20.090,
6118,128,1,128,8,21277.0,,1,7130,2024-09-12 10:43:19.167,
6119,115,8,115,13,200000.0,,1,7363,2024-09-12 11:05:31.793,
6120,115,5,115,13,200000.0,,1,7363,2024-09-12 11:05:53.370,
6121,115,6,115,13,400000.0,,1,7363,2024-09-12 11:06:15.980,
6122,55,14,55,13,173760.0,,1,2338,2024-09-12 11:27:45.023,
6123,181,14,55,7,310000.0,,1,2338,2024-09-12 11:29:22.977,
6124,181,9,55,13,204000.0,,1,2338,2024-09-12 11:30:58.693,
6125,181,5,181,2,20300.0,,1,2338,2024-09-12 11:32:19.663,
6126,55,13,55,7,150000.0,,1,2338,2024-09-12 11:39:23.483,
6127,24,3,24,7,3000000.0,,1,7413,2024-09-12 12:49:47.930,
6128,112,1,112,7,150000.0,,1,9111,2024-09-12 13:00:52.347,
6129,115,2,115,7,200000.0,,1,7130,2024-09-12 14:42:48.197,
6130,115,2,115,8,100000.0,,1,7130,2024-09-12 14:43:51.983,
6131,119,3,119,7,300000.0,internal budget transfer,1,8859,2024-09-12 14:46:36.457,
6132,115,2,115,10,237000.0,,1,7363,2024-09-12 15:17:26.483,
6133,143,7,143,13,50000.0,,1,3322,2024-09-12 15:17:55.200,
6134,115,9,115,8,189000.0,,1,7363,2024-09-12 15:34:49.077,
6135,143,7,143,9,100000.0,,1,7308,2024-09-12 16:04:43.563,
6136,112,3,112,7,150000.0,,1,5660,2024-09-12 16:49:16.647,
6137,50,8,50,7,150000.0,,1,5660,2024-09-12 16:50:05.353,
6138,50,2,50,7,100000.0,,1,5660,2024-09-12 16:50:30.000,
6139,50,3,50,7,200000.0,,1,5660,2024-09-12 16:51:34.803,
6140,158,2,158,7,1000000.0,budget movement request due to negative balance,1,1196,2024-09-12 17:03:18.620,
6141,112,7,112,3,250000.0,,1,5660,2024-09-12 17:38:27.353,
6142,50,5,50,3,180000.0,,1,5660,2024-09-12 17:38:54.360,
6143,50,10,50,3,150000.0,,1,5660,2024-09-12 17:39:14.440,
6144,143,7,143,13,300000.0,,1,3322,2024-09-12 19:14:29.183,
6145,115,8,115,13,200000.0,,1,3322,2024-09-12 19:15:29.513,
6146,149,2,149,7,478308.0,,1,8803,2024-09-12 22:43:53.207,
6147,143,7,143,10,88500.0,,1,7308,2024-09-13 01:51:42.483,
6148,143,7,143,10,11500.0,,1,7308,2024-09-13 01:53:12.047,
6149,50,3,50,7,340000.0,,1,5660,2024-09-13 09:57:05.227,
6150,62,8,62,3,25000.0,,1,7312,2024-09-13 11:04:47.873,
6151,29,10,29,1,300000.0,,1,3043,2024-09-13 12:06:03.820,
6152,2,1,2,10,150000.0,,1,5660,2024-09-13 12:52:46.557,
6153,55,13,55,7,80000.0,,1,2338,2024-09-13 13:08:38.430,
6154,111,10,41,7,6000000.0,Interim Support for Execution of Division Activities,1,5627,2024-09-13 14:55:57.970,
6155,65,1,65,13,250000.0,,1,3322,2024-09-13 15:52:13.850,
6156,65,1,65,9,500000.0,,1,3322,2024-09-13 15:58:56.290,
6157,35,8,35,7,43667.0,,1,7312,2024-09-13 16:24:13.723,
6158,178,9,178,7,100000.0,,1,5660,2024-09-13 16:39:32.377,
6159,57,1,57,7,100000.0,,1,5660,2024-09-13 16:39:51.250,
6160,35,9,35,1,87549.0,,1,7312,2024-09-13 17:09:58.427,
6161,35,7,35,1,23134.0,,1,7312,2024-09-13 17:11:02.423,
6162,178,2,178,7,80000.0,,1,5660,2024-09-13 17:13:16.283,
6163,143,7,143,9,150000.0,,1,3322,2024-09-13 17:19:12.223,
6164,143,7,143,13,300000.0,,1,3322,2024-09-13 17:24:35.407,
6165,16,7,16,13,500000.0,,1,3322,2024-09-13 19:08:31.423,
6166,16,1,16,9,100000.0,,1,3322,2024-09-13 19:09:57.260,
6167,57,13,57,7,50000.0,,1,5660,2024-09-15 23:30:37.353,
6168,94,4,94,7,50000.0,,1,5356,2024-09-16 09:55:10.807,
6169,62,10,62,3,1000.0,,1,7312,2024-09-16 10:05:40.057,
6170,41,7,29,10,500000.0,,1,8859,2024-09-16 10:58:37.757,
6171,41,7,29,13,1000000.0,,1,8859,2024-09-16 10:59:29.850,
6172,41,7,119,9,250000.0,,1,8859,2024-09-16 11:00:29.120,
6173,41,7,119,8,750000.0,,1,8859,2024-09-16 11:01:21.270,
6174,149,10,149,7,88000.0,,1,8803,2024-09-16 11:06:42.500,
6175,149,10,149,7,88000.0,,1,8803,2024-09-16 11:06:46.813,
6176,3,14,3,7,300000.0,,1,2755,2024-09-16 12:22:54.010,
6177,38,7,38,13,100000.0,,1,7363,2024-09-16 12:56:43.830,
6178,9,2,9,9,60000.0,,1,3322,2024-09-16 13:00:11.017,
6179,9,4,9,9,30000.0,,1,3322,2024-09-16 13:00:40.760,
6180,28,5,28,13,500000.0,,1,5618,2024-09-16 13:25:46.053,
6181,153,7,153,13,100000.0,,1,9172,2024-09-16 14:05:26.970,
6182,42,15,42,13,8200.0,,1,9172,2024-09-16 15:04:16.430,
6183,153,7,42,13,100000.0,,1,9172,2024-09-16 15:16:28.423,
6184,143,7,143,9,50000.0,,1,7308,2024-09-16 15:38:13.330,
6185,38,7,38,10,225000.0,,1,7130,2024-09-16 15:39:35.027,
6186,38,4,38,10,177000.0,,1,7130,2024-09-16 15:39:49.967,
6187,115,4,115,13,308731.0,,1,7130,2024-09-16 15:47:17.977,
6188,143,7,143,13,200000.0,,1,7308,2024-09-16 16:14:18.710,
6189,13,10,13,7,500000.0,,1,2755,2024-09-16 16:35:42.770,
6190,115,6,115,13,371828.0,,1,2091,2024-09-16 16:36:38.950,
6191,38,10,38,9,200000.0,,1,2091,2024-09-16 16:47:37.650,
6192,38,9,38,10,150000.0,,1,2091,2024-09-16 17:54:32.343,
6193,38,9,38,13,100000.0,,1,2091,2024-09-16 17:58:17.940,
6194,49,7,49,10,500000.0,,1,1912,2024-09-18 09:37:08.753,
6195,49,10,49,13,500000.0,,1,1912,2024-09-18 09:38:18.173,
6196,62,9,62,10,50000.0,,1,7312,2024-09-18 10:45:19.120,
6197,65,3,65,194,1400000.0,Please Proceed,1,1196,2024-09-18 10:50:32.427,
6198,65,5,65,194,447000.0,Please Proceed,1,1196,2024-09-18 10:51:13.290,
6199,158,9,158,13,1000000.0,,1,3322,2024-09-18 16:33:09.103,
6200,62,9,62,8,241582.0,,1,8858,2024-09-18 17:53:59.030,
6201,62,10,62,8,61500.0,,1,8858,2024-09-18 17:54:39.150,
6202,178,14,178,7,86000.0,,1,5660,2024-09-19 00:31:35.030,
6203,178,9,178,7,10000.0,,1,5660,2024-09-19 00:32:48.407,
6204,9,4,9,7,17800.0,,1,7130,2024-09-19 08:50:55.430,
6205,128,2,128,13,200000.0,,1,3322,2024-09-19 10:54:10.740,
6206,128,2,128,13,50000.0,,1,3322,2024-09-19 10:55:42.740,
6207,128,9,128,13,17000.0,,1,3322,2024-09-19 10:56:10.087,
6208,128,8,128,13,10000.0,,1,3322,2024-09-19 10:56:41.143,
6209,24,7,55,7,300000.0,,1,7413,2024-09-19 11:02:18.287,
6210,55,7,55,13,218000.0,,1,3322,2024-09-19 11:36:45.383,
6211,55,7,55,9,51000.0,,1,3322,2024-09-19 11:38:42.407,
6212,55,7,55,9,50000.0,,1,3322,2024-09-19 11:42:24.930,
6213,171,4,128,13,100000.0,,1,7130,2024-09-19 11:59:39.303,
6214,158,10,158,8,500000.0,,1,3322,2024-09-19 14:15:53.967,
6215,49,2,49,3,200000.0,,1,1912,2024-09-19 16:15:38.627,
6216,65,14,65,7,250000.0,Budget movement request due to negative balance,1,8802,2024-09-19 17:09:40.177,
6217,16,1,16,8,150000.0,,1,5611,2024-09-19 17:23:52.997,
6218,186,2,186,13,100000.0,,1,2887,2024-09-19 17:24:01.237,
6219,94,4,94,7,200000.0,,1,9275,2024-09-19 17:24:08.013,
6220,16,9,16,8,100000.0,,1,5611,2024-09-19 17:24:53.773,
6221,158,3,158,7,100000.0,Budget movement request due to negative balance,1,8802,2024-09-19 17:41:36.033,
6222,158,3,158,7,100000.0,Budget movement request due to negative balance,1,8802,2024-09-19 17:45:58.620,
6223,158,3,158,7,100000.0,Budget movement request due to negative balance,1,8802,2024-09-19 17:46:04.247,
6224,158,3,158,7,1000000.0,Budget movement request due to negative balance,1,8802,2024-09-19 17:46:59.213,
6225,158,4,65,8,948136.0,Budget movement request due to negative balance,1,8802,2024-09-19 18:49:23.300,
6226,158,2,65,8,1000000.0,Budget movement request due to negative balance,1,8802,2024-09-19 18:53:59.117,
6227,158,4,65,8,948136.0,Budget movement request due to negative balance,1,8802,2024-09-19 19:01:21.690,
6228,112,13,112,7,129000.0,,1,5660,2024-09-20 03:13:47.170,
6229,112,10,112,7,134000.0,,1,5660,2024-09-20 03:14:47.090,
6230,112,3,112,7,115000.0,,1,5660,2024-09-20 03:15:04.467,
6231,24,7,55,7,600000.0,,1,1912,2024-09-20 10:07:28.963,
6232,62,8,62,13,150000.0,,1,8858,2024-09-20 11:32:58.233,
6233,55,7,55,9,102000.0,,1,2338,2024-09-20 12:31:40.453,
6234,55,7,55,13,200000.0,,1,2338,2024-09-20 12:32:13.500,
6235,149,9,149,7,315000.0,,1,8803,2024-09-20 12:42:06.370,
6236,55,7,55,10,200000.0,,1,3322,2024-09-20 12:42:46.637,
6237,55,7,55,10,1000.0,,1,3322,2024-09-20 12:45:37.470,
6238,131,9,131,7,250000.0,,1,8803,2024-09-20 14:11:40.687,
6239,112,14,112,10,74000.0,,1,5660,2024-09-22 04:28:40.883,
6240,112,5,112,10,69000.0,,1,5660,2024-09-22 04:29:00.357,
6241,112,4,112,10,24000.0,,1,5660,2024-09-22 04:31:15.387,
6242,2,6,2,9,22000.0,,1,5660,2024-09-22 04:34:47.730,
6243,2,5,2,2,80000.0,,1,5660,2024-09-22 04:36:14.720,
6244,178,10,178,2,76000.0,,1,5660,2024-09-22 04:37:44.830,
6245,2,14,2,2,30000.0,,1,5660,2024-09-22 04:39:50.030,
6246,49,2,49,3,200000.0,,1,1912,2024-09-23 08:47:11.107,
6247,62,8,62,7,15000.0,,1,7312,2024-09-23 10:55:29.223,
6248,27,14,27,7,500000.0,,1,546,2024-09-23 11:26:02.487,
6249,112,10,112,3,81000.0,,1,5660,2024-09-23 17:35:30.497,
6250,112,1,112,3,26000.0,,1,5660,2024-09-23 17:35:50.663,
6251,178,2,178,7,50000.0,,1,5660,2024-09-23 18:07:16.637,
6252,55,7,55,9,166000.0,,1,2338,2024-09-23 18:14:03.897,
6253,55,13,55,9,25000.0,,1,2338,2024-09-23 18:16:08.173,
6254,1,7,14,3,100000.0,,1,9172,2024-09-24 07:27:14.430,
6255,1,7,1,3,70000.0,,1,9172,2024-09-24 09:50:22.487,
6256,1,15,1,7,165988.0,,1,9172,2024-09-24 09:53:10.993,
6257,153,194,1,7,200000.0,,1,9172,2024-09-24 10:01:53.657,
6258,178,2,178,7,30000.0,,1,9111,2024-09-24 10:30:31.907,
6259,178,3,178,7,30000.0,,1,9111,2024-09-24 10:30:46.017,
6260,112,3,112,7,50000.0,,1,9111,2024-09-24 10:32:26.863,
6261,112,3,112,7,10000.0,,1,9111,2024-09-24 10:32:59.923,
6262,27,14,27,13,200000.0,,1,546,2024-09-24 10:36:08.787,
6263,55,9,55,7,60000.0,,1,3322,2024-09-24 12:06:49.307,
6264,14,13,14,3,3000.0,,1,9172,2024-09-24 12:54:41.270,
6265,13,10,13,7,700000.0,,1,2755,2024-09-24 13:17:47.853,
6266,62,1,62,8,79666.0,,1,7312,2024-09-24 13:46:30.307,
6267,62,7,62,8,15000.0,,1,7312,2024-09-24 13:47:06.503,
6268,158,2,158,8,1000000.0,,1,3322,2024-09-24 14:49:37.370,
6269,13,7,13,9,600000.0,,1,3322,2024-09-24 15:08:36.280,
6270,131,7,131,9,100000.0,,1,3322,2024-09-24 16:08:22.597,
6271,158,8,158,2,42000.0,budget movement request due to negative balance,1,1196,2024-09-24 16:39:01.017,
6272,14,3,14,13,6000.0,,1,9172,2024-09-24 16:45:43.123,
6273,153,7,153,13,8000.0,,1,9172,2024-09-24 16:46:02.417,
6274,123,14,123,3,200000.0,For PSHP stall,1,2052,2024-09-24 17:04:19.773,
6275,158,4,158,7,899636.0,Budget movement request,1,8802,2024-09-24 19:07:46.410,
6276,158,14,158,7,150000.0,Budget movement request,1,8802,2024-09-24 19:09:28.080,
6277,178,7,50,7,100000.0,,1,9111,2024-09-25 11:00:54.593,
6278,112,3,178,7,47000.0,,1,9111,2024-09-25 11:07:04.853,
6279,128,13,128,3,354320.0,,1,7130,2024-09-25 12:16:27.753,
6280,158,9,158,13,500000.0,,1,3322,2024-09-25 12:47:30.190,
6281,112,7,112,13,40000.0,,1,3322,2024-09-25 13:01:19.420,
6282,112,3,112,13,40000.0,,1,3322,2024-09-25 13:01:55.870,
6283,14,5,14,13,100000.0,,1,9172,2024-09-26 11:02:32.100,
6284,14,15,14,13,10790.0,,1,9172,2024-09-26 11:09:43.577,
6285,14,5,14,13,17590.0,,1,9172,2024-09-26 11:10:07.043,
6286,143,7,143,13,150000.0,,1,7308,2024-09-26 12:50:51.697,
6287,28,7,28,13,150000.0,,1,3322,2024-09-26 14:10:07.630,
6288,28,7,28,13,150000.0,,1,3322,2024-09-26 14:13:52.470,
6289,13,10,13,7,300000.0,,1,2755,2024-09-26 23:28:54.460,
6290,12,13,12,8,900000.0,,1,3322,2024-09-27 10:05:45.127,
6291,13,13,13,7,500000.0,,1,3322,2024-09-27 10:08:41.953,
6292,37,13,37,7,170000.0,,1,3322,2024-09-27 10:11:12.927,
6293,37,9,37,8,60000.0,,1,3322,2024-09-27 10:16:09.153,
6294,29,10,29,234,400000.0,,1,8620,2024-09-27 14:55:16.627,
6295,156,8,62,8,1000000.0,For activity purpose,1,8617,2024-09-27 17:44:12.713,
6296,13,7,13,9,100000.0,,1,3322,2024-09-27 18:06:51.160,
6297,28,2,28,13,350000.0,,1,3322,2024-09-30 10:17:07.333,
6298,13,13,13,7,200000.0,,1,2755,2024-09-30 16:55:06.677,
6299,164,1,33,7,300000.0,,1,812,2024-09-30 17:50:15.083,
6300,27,14,27,7,400000.0,,1,546,2024-09-30 17:57:12.310,
6301,33,7,33,8,270000.0,,1,812,2024-09-30 18:01:51.933,
6302,164,2,33,8,218000.0,,1,812,2024-09-30 18:07:26.760,
6303,146,3,146,7,65000.0,,1,7411,2024-10-01 10:14:31.617,
6304,142,3,142,8,800000.0,,1,7411,2024-10-01 10:19:08.500,
6305,146,9,146,7,420000.0,,1,7411,2024-10-01 10:21:17.530,
6306,142,2,142,1,300000.0,,1,7411,2024-10-01 10:25:05.537,
6307,37,2,37,1,196000.0,,1,7411,2024-10-01 10:25:40.817,
6308,37,13,37,1,20000.0,,1,7411,2024-10-01 10:26:02.743,
6309,146,2,146,1,210000.0,,1,7411,2024-10-01 10:26:34.907,
6310,186,2,186,1,300000.0,,1,7411,2024-10-01 10:27:24.953,
6311,174,13,174,7,67920.0,,1,7312,2024-10-01 10:33:33.977,
6312,174,2,174,7,187266.0,,1,7312,2024-10-01 10:34:07.060,
6313,174,14,174,7,97432.0,,1,7312,2024-10-01 10:34:36.043,
6314,174,9,174,7,70973.0,,1,7312,2024-10-01 10:35:05.017,
6315,174,10,174,7,119644.0,,1,7312,2024-10-01 10:35:45.820,
6316,174,3,174,7,243375.0,,1,7312,2024-10-01 10:36:17.117,
6317,3,10,3,9,250000.0,,1,2755,2024-10-01 10:38:33.037,
6318,62,8,62,9,200000.0,,1,8858,2024-10-01 11:05:38.870,
6319,62,8,62,13,250000.0,,1,8858,2024-10-01 11:08:43.120,
6320,3,10,3,9,200000.0,,1,2755,2024-10-01 11:14:52.460,
6321,34,13,34,7,321572.0,,1,7312,2024-10-01 11:59:48.547,
6322,146,7,146,8,100000.0,,1,3322,2024-10-01 12:20:35.517,
6323,61,10,61,7,500000.0,,1,2338,2024-10-01 12:35:33.973,
6324,52,9,52,13,1000000.0,,1,3322,2024-10-01 16:18:39.560,
6325,153,7,153,13,300000.0,,1,9172,2024-10-01 16:46:51.573,
6326,123,14,123,7,2000000.0,PSHP stall,1,2052,2024-10-01 16:57:48.257,
6327,2,10,2,7,200000.0,,1,5660,2024-10-02 09:34:00.657,
6328,35,9,35,13,60846.0,,1,7312,2024-10-02 12:39:39.660,
6329,34,8,34,9,12000.0,,1,7312,2024-10-02 12:47:31.923,
6330,62,14,62,13,5000.0,,1,7312,2024-10-02 12:49:31.170,
6331,62,14,62,13,10000.0,,1,7312,2024-10-02 12:49:54.803,
6332,174,7,174,13,80000.0,,1,7312,2024-10-02 12:52:22.633,
6333,174,7,174,13,70000.0,,1,7312,2024-10-02 12:54:28.153,
6334,62,8,62,13,26000.0,,1,7312,2024-10-02 12:58:03.233,
6335,62,8,62,10,60000.0,,1,7312,2024-10-02 13:02:54.330,
6336,62,8,62,10,60000.0,,1,7312,2024-10-02 13:03:54.500,
6337,62,8,62,13,170000.0,,1,7312,2024-10-02 13:04:36.270,
6338,149,3,149,7,379744.0,,1,8803,2024-10-02 13:55:59.893,
6339,149,13,149,7,240503.0,,1,8803,2024-10-02 13:56:54.000,
6340,149,14,149,7,379745.0,,1,8803,2024-10-02 13:58:02.943,
6341,149,5,149,7,189873.0,,1,8803,2024-10-02 13:59:06.397,
6342,131,7,131,6,259000.0,,1,8803,2024-10-02 14:05:52.257,
6343,28,4,28,7,1030217.0,,1,5618,2024-10-02 14:54:14.497,
6344,149,10,149,7,100000.0,,1,5618,2024-10-02 14:58:18.030,
6345,181,2,181,1,67267.0,,1,6131,2024-10-02 15:16:21.693,
6346,180,2,180,1,43486.0,,1,6131,2024-10-02 15:18:12.310,
6347,3,9,3,7,200000.0,,1,2755,2024-10-02 16:50:31.443,
6348,62,8,62,7,190000.0,,1,7312,2024-10-02 17:43:43.040,
6349,4,10,4,7,100000.0,Please Prcoeed,1,1567,2024-10-03 11:22:20.593,
6350,4,10,4,7,500000.0,Please Prcoeed,1,1567,2024-10-03 11:24:00.873,
6351,22,9,150,4,10000.0,,1,5596,2024-10-03 12:49:07.647,
6352,102,4,150,4,15000.0,,1,5596,2024-10-03 12:51:08.857,
6353,150,7,150,4,10000.0,,1,5596,2024-10-03 12:52:30.237,
6354,9,14,9,3,295550.0,,1,7130,2024-10-03 15:37:44.000,
6355,28,3,28,13,400000.0,,1,3322,2024-10-04 10:54:10.323,
6356,215,3,215,7,200000.0,,1,3358,2024-10-04 12:56:05.123,
6357,33,1,33,7,220000.0,,1,812,2024-10-04 15:45:06.260,
6358,33,8,33,7,303080.0,,1,812,2024-10-04 15:45:49.273,
6359,19,1,33,7,458254.0,,1,812,2024-10-04 15:47:23.497,
6360,28,4,28,9,300000.0,,1,5618,2024-10-04 15:50:59.533,
6361,149,10,149,9,100000.0,,1,8803,2024-10-04 16:22:59.040,
6362,34,14,34,7,60000.0,,1,7312,2024-10-04 17:09:04.453,
6363,142,14,142,7,1200000.0,,1,7411,2024-10-04 17:42:16.227,
6364,65,14,65,8,1153400.0,Budget movement request due to negative balance,1,8802,2024-10-06 19:18:13.243,
6365,158,14,158,8,160000.0,Budget movement request due to negative balance,1,8802,2024-10-07 02:44:36.753,
6366,158,14,158,8,200000.0,Budget movement request due to negative balance,1,8802,2024-10-07 02:46:04.817,
6367,158,14,158,126,200000.0,Budget movement request,1,8802,2024-10-07 03:33:53.903,
6368,149,1,149,7,189873.0,,1,8803,2024-10-07 09:35:17.140,
6369,149,2,149,7,263806.0,,1,8803,2024-10-07 09:36:25.057,
6370,21,10,21,13,200000.0,Please Prcoeed,1,1567,2024-10-07 11:17:54.970,
6371,52,9,52,10,500000.0,,1,3358,2024-10-07 12:35:25.223,
6372,52,9,52,2,300000.0,,1,3358,2024-10-07 12:36:16.710,
6373,52,9,52,8,150000.0,,1,3358,2024-10-07 12:36:39.383,
6374,215,4,215,7,150000.0,,1,3358,2024-10-07 12:39:00.953,
6375,215,7,215,1,80000.0,,1,3358,2024-10-07 13:11:07.810,
6376,3,10,3,7,150000.0,,1,2755,2024-10-07 13:30:34.687,
6377,103,1,103,13,150000.0,,1,3358,2024-10-07 15:00:22.810,
6378,103,6,103,7,50000.0,,1,3358,2024-10-07 15:00:49.860,
6379,163,7,163,9,250000.0,,1,3358,2024-10-07 15:01:43.103,
6380,163,7,163,8,100000.0,,1,3358,2024-10-07 15:02:02.480,
6381,163,7,163,3,150000.0,,1,3358,2024-10-07 15:02:30.787,
6382,163,7,163,1,80000.0,,1,3358,2024-10-07 15:02:59.140,
6383,52,14,52,13,100000.0,,1,3358,2024-10-07 15:04:14.957,
6384,215,2,215,13,200000.0,,1,3358,2024-10-07 15:05:43.727,
6385,215,1,215,10,150000.0,,1,3358,2024-10-07 15:07:24.643,
6386,11,13,11,9,150000.0,,1,3358,2024-10-07 15:09:17.790,
6387,20,14,20,10,200000.0,,1,3358,2024-10-07 15:12:26.003,
6388,143,13,143,7,200000.0,,1,3358,2024-10-07 15:12:58.457,
6389,62,14,62,7,62000.0,,1,8858,2024-10-07 15:45:26.340,
6390,62,10,62,9,6430.0,,1,8858,2024-10-07 15:45:59.773,
6391,34,14,34,7,364425.0,,1,8858,2024-10-07 15:46:57.167,
6392,34,3,34,9,43795.0,,1,8858,2024-10-07 15:47:27.857,
6393,35,14,35,7,149818.0,,1,8858,2024-10-07 15:48:42.387,
6394,34,7,34,8,200000.0,,1,8858,2024-10-07 15:57:25.050,
6395,164,8,164,9,290000.0,,1,812,2024-10-07 17:39:04.383,
6396,57,1,57,9,100000.0,,1,5660,2024-10-07 23:23:51.297,
6397,61,14,61,9,258082.0,,1,3937,2024-10-07 23:35:21.327,
6398,12,13,12,7,200000.0,,1,2755,2024-10-08 06:08:31.910,
6399,119,3,119,14,200000.0,,1,8620,2024-10-08 10:12:58.183,
6400,119,8,119,14,100000.0,,1,8620,2024-10-08 10:13:13.597,
6401,61,10,61,7,500000.0,,1,3322,2024-10-08 10:32:25.027,
6402,61,10,61,7,300000.0,,1,3322,2024-10-08 10:36:36.217,
6403,62,8,62,10,227857.0,,1,7312,2024-10-08 10:53:51.997,
6404,112,4,112,3,150000.0,Amount transfer to SOGP sponsorship,1,9111,2024-10-08 14:58:37.920,
6405,50,3,112,3,200000.0,Amount transfer to SOGP sponsorship,1,9111,2024-10-08 15:00:30.793,
6406,112,13,112,3,200000.0,Amount transfer to SOGP sponsorship,1,9111,2024-10-08 15:02:59.680,
6407,50,14,50,3,200000.0,Amount transfer to SOGP sponsorship,1,9111,2024-10-08 15:04:03.730,
6408,50,4,50,3,196668.0,Amount transfer to SOGP sponsorship,1,9111,2024-10-08 15:07:32.240,
6409,50,2,50,3,220000.0,Amount transfer to SOGP sponsorship,1,9111,2024-10-08 15:08:44.477,
6410,22,10,22,3,800000.0,,1,3852,2024-10-08 15:29:30.293,
6411,61,1,55,13,124232.0,,1,2338,2024-10-09 09:47:04.287,
6412,61,2,55,13,242631.0,,1,2338,2024-10-09 09:50:36.543,
6413,61,9,55,13,680355.0,,1,2338,2024-10-09 09:51:17.543,
6414,61,10,55,13,124955.0,,1,2338,2024-10-09 09:52:12.653,
6415,61,3,55,7,114962.0,,1,6131,2024-10-09 09:55:32.967,
6416,61,7,55,7,829230.0,,1,6131,2024-10-09 09:56:11.773,
6417,61,1,55,13,124232.0,,1,6131,2024-10-09 10:17:49.137,
6418,61,2,55,13,242631.0,,1,6131,2024-10-09 10:19:21.443,
6419,61,9,55,13,680355.0,,1,6131,2024-10-09 10:21:15.410,
6420,61,10,55,13,124955.0,,1,6131,2024-10-09 10:21:48.357,
6421,181,13,55,7,268395.0,,1,6131,2024-10-09 10:25:01.007,
6422,181,1,55,7,68120.0,,1,6131,2024-10-09 10:25:38.253,
6423,181,5,55,10,115106.0,,1,6131,2024-10-09 10:26:39.173,
6424,181,10,55,10,375339.0,,1,6131,2024-10-09 10:27:43.887,
6425,182,4,55,10,89815.0,,1,6131,2024-10-09 10:31:03.207,
6426,182,13,55,13,126234.0,,1,6131,2024-10-09 10:31:36.293,
6427,182,5,55,7,73600.0,,1,6131,2024-10-09 10:32:07.597,
6428,182,10,55,7,89816.0,,1,6131,2024-10-09 10:32:38.477,
6429,182,3,55,7,10516.0,,1,6131,2024-10-09 10:33:17.140,
6430,182,7,55,7,14102.0,,1,6131,2024-10-09 10:33:43.847,
6431,180,1,55,7,49549.0,,1,6131,2024-10-09 10:37:50.527,
6432,180,14,55,7,60522.0,,1,6131,2024-10-09 10:38:21.330,
6433,180,9,55,7,15903.0,,1,6131,2024-10-09 10:39:06.860,
6434,180,10,55,10,196615.0,,1,6131,2024-10-09 10:39:48.183,
6435,183,13,55,13,117395.0,,1,6131,2024-10-09 10:42:50.777,
6436,183,2,55,13,79625.0,,1,6131,2024-10-09 10:43:33.330,
6437,183,9,55,7,11594.0,,1,6131,2024-10-09 10:44:20.813,
6438,183,10,55,10,48395.0,,1,6131,2024-10-09 10:44:52.507,
6439,183,3,55,13,42815.0,,1,6131,2024-10-09 10:45:23.327,
6440,183,7,55,7,160351.0,,1,6131,2024-10-09 10:46:03.120,
6441,104,4,104,9,172000.0,,1,3043,2024-10-09 11:51:50.123,
6442,104,14,104,9,190000.0,,1,3043,2024-10-09 11:53:24.117,
6443,29,3,29,8,200000.0,,1,3043,2024-10-09 12:26:04.043,
6444,29,3,29,8,100000.0,,1,3043,2024-10-09 12:30:52.473,
6445,9,6,9,7,296200.0,,1,7130,2024-10-09 13:42:54.200,
6446,21,10,21,8,200000.0,,1,3322,2024-10-09 16:29:15.903,
6447,4,14,4,7,200000.0,,1,3322,2024-10-09 16:38:07.063,
6448,215,14,215,8,54000.0,,1,3322,2024-10-09 16:57:30.110,
6449,2,6,2,2,100000.0,,1,9111,2024-10-09 17:03:57.927,
6450,21,3,21,13,300000.0,,1,3322,2024-10-09 17:53:59.857,
6451,28,10,28,13,400000.0,,1,3322,2024-10-09 18:05:30.133,
6452,13,13,13,3,100000.0,,1,2755,2024-10-09 21:46:48.210,
6453,15,1,15,56,20000.0,,1,812,2024-10-10 00:53:43.173,
6454,15,1,15,56,100000.0,,1,812,2024-10-10 01:11:46.867,
6455,178,7,178,1,150000.0,Amount required for Printing of Folder,1,9111,2024-10-10 10:32:19.943,
6456,112,4,112,1,3000.0,Amount required for Printing of Folder,1,9111,2024-10-10 10:32:49.453,
6457,42,7,42,10,100000.0,,1,9172,2024-10-10 10:53:32.997,
6458,2,3,2,7,20000.0,,1,9111,2024-10-10 11:03:03.247,
6459,4,194,4,14,3600000.0,Please Proceed,1,1567,2024-10-10 11:09:29.317,
6460,21,194,21,14,500000.0,Please Proceed,1,1567,2024-10-10 11:10:47.257,
6461,42,7,42,2,60000.0,,1,9172,2024-10-10 11:20:36.533,
6462,14,13,14,2,31000.0,,1,9172,2024-10-10 11:28:20.997,
6463,42,7,42,2,50000.0,,1,9172,2024-10-10 11:30:15.193,
6464,50,3,50,8,800000.0,,1,5660,2024-10-10 12:05:46.653,
6465,50,10,50,8,200000.0,,1,5660,2024-10-10 12:06:14.130,
6466,50,2,50,4,350000.0,,1,5660,2024-10-10 12:09:23.720,
6467,2,10,2,4,300000.0,,1,5660,2024-10-10 12:10:29.483,
6468,2,9,2,4,100000.0,,1,5660,2024-10-10 12:10:57.333,
6469,2,1,2,13,100000.0,,1,3322,2024-10-10 12:46:05.820,
6470,2,9,2,13,50000.0,,1,3322,2024-10-10 12:46:49.190,
6471,28,2,28,13,600000.0,,1,3322,2024-10-10 12:47:40.200,
6472,52,2,52,13,450000.0,,1,7308,2024-10-10 12:58:22.760,
6473,52,3,52,13,120000.0,,1,7308,2024-10-10 12:59:09.770,
6474,9,5,9,7,295550.0,,1,7130,2024-10-10 13:14:28.110,
6475,29,1,29,2,300000.0,,1,8620,2024-10-10 13:27:33.023,
6476,55,7,55,9,350000.0,,1,3322,2024-10-10 14:18:39.180,
6477,102,10,102,7,500000.0,,1,3852,2024-10-10 15:12:53.413,
6478,102,10,102,7,600000.0,,1,3852,2024-10-10 15:13:27.463,
6479,21,14,21,8,780000.0,Please Proceed,1,1567,2024-10-10 16:21:01.393,
6480,4,14,4,10,1000000.0,Please Proceed,1,1567,2024-10-10 16:22:17.587,
6481,4,14,4,7,1000000.0,Please Proceed,1,1567,2024-10-10 16:23:29.710,
6482,4,14,4,13,100000.0,Please Proceed,1,1567,2024-10-10 16:37:22.057,
6483,4,14,4,13,500000.0,Please Proceed,1,1567,2024-10-10 16:38:16.660,
6484,102,13,102,8,250000.0,,1,3322,2024-10-10 16:45:55.167,
6485,4,14,4,13,300000.0,Please Proceed,1,1567,2024-10-10 16:56:06.183,
6486,9,3,9,13,174720.0,,1,7130,2024-10-10 17:46:12.317,
6487,9,8,9,13,200000.0,,1,7130,2024-10-10 17:46:54.017,
6488,53,5,53,13,212998.0,,1,7130,2024-10-10 17:47:22.150,
6489,128,14,128,2,167093.0,,1,7130,2024-10-10 18:16:07.193,
6490,128,3,128,2,266956.0,,1,7130,2024-10-10 18:16:33.230,
6491,128,2,128,13,75000.0,,1,7363,2024-10-10 18:21:40.157,
6492,9,9,9,13,50000.0,,1,7363,2024-10-10 18:22:01.477,
6493,128,2,128,13,10000.0,,1,7363,2024-10-10 18:37:30.747,
6494,128,2,128,13,10000.0,,1,7363,2024-10-10 18:37:30.997,
6495,53,3,53,13,100000.0,,1,7363,2024-10-10 18:44:28.837,
6496,104,3,104,13,300000.0,,1,3322,2024-10-11 10:17:25.923,
6497,29,10,29,7,250000.0,,1,3322,2024-10-11 10:20:57.403,
6498,51,9,51,7,500000.0,,1,546,2024-10-11 10:50:45.720,
6499,27,14,27,7,500000.0,,1,546,2024-10-11 10:52:31.903,
6500,52,10,52,8,100000.0,,1,3358,2024-10-11 12:07:18.113,
6501,22,3,22,8,200000.0,,1,3322,2024-10-11 12:44:04.553,
6502,4,6,4,8,100000.0,Please Proceed,1,1567,2024-10-11 15:21:40.863,
6503,4,4,4,8,100000.0,,1,1567,2024-10-11 15:22:08.920,
6504,4,1,4,8,80000.0,,1,1567,2024-10-11 15:22:31.220,
6505,4,2,4,8,100000.0,,1,1567,2024-10-11 15:22:55.660,
6506,4,5,4,8,100000.0,,1,1567,2024-10-11 15:23:16.040,
6507,4,14,4,8,900000.0,,1,1567,2024-10-11 15:23:43.090,
6508,4,10,4,8,100000.0,,1,1567,2024-10-11 15:24:36.700,
6509,4,3,4,8,200000.0,,1,1567,2024-10-11 15:25:07.957,
6510,52,13,215,7,400000.0,,1,3358,2024-10-11 15:31:15.143,
6511,29,10,29,7,400000.0,internal budget transfer,1,8859,2024-10-11 19:33:33.007,
6512,4,10,4,3,40000.0,Please Proceed,1,1567,2024-10-12 07:37:03.790,
6513,29,3,29,10,100000.0,,1,3322,2024-10-14 10:25:35.637,
6514,15,8,15,13,150000.0,,1,3322,2024-10-14 10:29:55.573,
6515,12,13,12,7,200000.0,,1,2755,2024-10-14 12:21:43.910,
6516,4,8,4,3,600000.0,,1,1567,2024-10-14 13:21:40.640,
6517,4,3,4,7,600000.0,,1,1567,2024-10-14 13:24:16.343,
6518,4,10,4,7,500000.0,,1,1567,2024-10-14 13:25:14.343,
6519,41,4,41,7,624000.0,internal budget transfer,1,8859,2024-10-14 16:30:21.270,
6520,41,3,41,7,534000.0,internal budget transfer,1,8859,2024-10-14 16:32:20.717,
6521,12,8,12,7,200000.0,,1,2755,2024-10-14 17:45:32.393,
6522,28,194,131,13,1400000.0,,1,835,2024-10-15 11:11:46.723,
6523,131,194,149,13,375000.0,,1,5618,2024-10-15 10:49:08.757,
6524,152,194,28,13,139500.0,,1,5618,2024-10-15 10:55:10.053,
6525,28,194,131,13,1411000.0,,1,5618,2024-10-15 11:14:40.577,
6526,131,194,131,10,375000.0,,1,5618,2024-10-15 11:16:47.730,
6527,149,194,149,9,241000.0,,1,5618,2024-10-15 11:21:00.897,
6528,37,1,37,2,110000.0,,1,7411,2024-10-15 11:34:34.420,
6529,62,10,62,8,50000.0,,1,7312,2024-10-15 11:40:11.417,
6530,35,7,35,13,25000.0,,1,8858,2024-10-15 16:05:50.223,
6531,35,1,35,13,28844.0,,1,8858,2024-10-15 16:17:10.320,
6532,35,7,35,13,66028.0,,1,8858,2024-10-15 16:18:02.447,
6533,62,10,62,13,177856.0,,1,8858,2024-10-15 16:22:00.303,
6534,131,13,131,7,100000.0,,1,8803,2024-10-15 16:44:46.887,
6535,24,7,24,2,100000.0,,1,1912,2024-10-15 17:34:19.460,
6536,24,7,24,2,200000.0,,1,1912,2024-10-15 17:34:59.437,
6537,60,194,28,13,116209.0,,1,5618,2024-10-15 17:43:01.060,
6538,62,7,62,13,23348.0,,1,8858,2024-10-15 22:21:36.117,
6539,174,7,174,9,144500.0,,1,8858,2024-10-15 22:47:01.417,
6540,174,7,174,13,94300.0,,1,8858,2024-10-15 22:48:53.887,
6541,62,13,62,8,90017.0,,1,8858,2024-10-15 22:52:11.090,
6542,35,13,35,8,104960.0,,1,8858,2024-10-15 22:55:58.773,
6543,174,7,174,10,49000.0,,1,8858,2024-10-15 23:00:37.467,
6544,174,7,174,14,80462.0,,1,8858,2024-10-15 23:03:19.033,
6545,62,8,62,7,140017.0,,1,7312,2024-10-16 11:04:22.710,
6546,35,8,35,7,104959.0,,1,7312,2024-10-16 11:05:53.830,
6547,62,7,62,8,50000.0,,1,8858,2024-10-16 11:22:52.300,
6548,215,14,215,7,50000.0,,1,3358,2024-10-16 11:50:23.203,
6549,12,8,12,7,200000.0,,1,2755,2024-10-16 12:13:14.127,
6550,102,10,102,8,350000.0,,1,3322,2024-10-16 13:08:02.047,
6551,22,14,22,8,400000.0,,1,3322,2024-10-16 13:09:40.917,
6552,131,194,149,7,240000.0,,1,8803,2024-10-16 13:56:19.343,
6553,60,194,131,7,174314.0,,1,8803,2024-10-16 13:57:08.197,
6554,149,194,131,7,124375.0,,1,8803,2024-10-16 14:01:58.143,
6555,28,194,189,7,970800.0,,1,8803,2024-10-16 14:04:09.213,
6556,52,9,52,8,200000.0,,1,3322,2024-10-16 16:28:26.077,
6557,55,13,55,4,100000.0,,1,6131,2024-10-17 11:52:33.007,
6558,55,13,55,1,100000.0,,1,6131,2024-10-17 11:53:47.087,
6559,15,2,15,13,300000.0,,1,812,2024-10-17 12:53:12.870,
6560,55,10,55,13,200000.0,,1,6131,2024-10-17 15:34:25.910,
6561,55,10,55,13,500000.0,,1,6131,2024-10-17 15:46:09.960,
6562,65,14,65,8,2342046.0,Budget movement request due to negative balance,1,8802,2024-10-17 18:25:39.233,
6563,65,10,65,8,1000000.0,Budget movement request,1,8802,2024-10-17 18:26:27.820,
6564,52,9,52,7,1000000.0,,1,3358,2024-10-18 11:15:47.250,
6565,52,9,52,8,300000.0,,1,3358,2024-10-18 11:16:08.253,
6566,52,9,52,13,700000.0,,1,3358,2024-10-18 11:16:53.307,
6567,102,13,102,7,1700000.0,,1,5596,2024-10-18 11:39:56.567,
6568,13,14,13,7,387000.0,,1,2755,2024-10-18 11:52:46.923,
6569,13,13,13,7,250000.0,,1,2755,2024-10-18 11:53:14.133,
6570,53,9,53,7,100000.0,,1,7130,2024-10-18 11:57:58.900,
6571,53,10,53,7,100000.0,,1,7130,2024-10-18 11:58:12.823,
6572,53,3,53,7,100000.0,,1,7130,2024-10-18 11:58:32.933,
6573,55,10,55,9,100000.0,,1,3322,2024-10-18 12:21:04.657,
6574,1,7,153,13,250000.0,,1,9172,2024-10-18 13:13:31.023,
6575,55,7,182,13,304000.0,,1,6131,2024-10-18 16:02:40.503,
6576,27,7,27,8,150000.0,,1,3322,2024-10-18 17:59:10.323,
6577,14,13,14,10,25000.0,,1,9172,2024-10-19 10:08:06.420,
6578,14,13,14,10,3000.0,,1,9172,2024-10-19 10:09:24.217,
6579,1,13,1,10,100000.0,,1,9172,2024-10-19 10:12:21.987,
6580,4,10,4,9,750000.0,,1,1567,2024-10-20 09:28:08.010,
6581,21,14,21,7,500000.0,,1,1567,2024-10-20 09:28:32.517,
6582,22,3,22,8,400000.0,,1,3322,2024-10-21 10:23:24.517,
6583,14,10,14,13,28000.0,,1,9172,2024-10-21 12:09:45.827,
6584,13,10,13,7,300000.0,,1,2755,2024-10-21 14:08:57.723,
6585,150,13,150,4,200000.0,,1,3852,2024-10-21 14:56:54.607,
6586,150,10,150,7,200000.0,,1,3852,2024-10-21 14:59:44.363,
6587,123,3,181,14,900000.0,Budget transfet to team thunder from Institution Ad & Pro,1,2067,2024-10-22 10:34:13.043,
6588,123,7,181,14,1100000.0,Budget transfet to team thunder from Institution Ad & Pro,1,2067,2024-10-22 10:34:56.273,
6589,123,10,181,14,500000.0,Budget transfet to team thunder from Institution Ad & Pro,1,2067,2024-10-22 10:35:47.720,
6590,24,194,181,14,1000000.0,1 Million transfer to team thunder from DM budget,1,2067,2024-10-22 11:10:06.073,
6591,22,10,22,7,500000.0,,1,3852,2024-10-22 11:25:15.110,
6592,102,10,102,8,300000.0,,1,3852,2024-10-22 11:28:38.410,
6593,150,10,150,8,400000.0,,1,3852,2024-10-22 11:33:47.243,
6594,102,10,102,8,300000.0,,1,3852,2024-10-22 11:52:00.767,
6595,102,10,102,13,100000.0,,1,3852,2024-10-22 12:10:52.613,
6596,22,10,22,7,100000.0,,1,3852,2024-10-22 12:21:11.060,
6597,15,14,15,8,400000.0,,1,812,2024-10-22 14:47:51.153,
6598,164,9,164,8,250000.0,,1,812,2024-10-22 14:49:01.217,
6599,164,14,164,8,500000.0,,1,812,2024-10-22 14:51:06.217,
6600,182,13,182,7,166779.0,,1,9374,2024-10-22 17:31:38.473,
6601,178,194,178,7,69481.0,,1,5660,2024-10-22 22:16:05.620,
6602,2,194,2,7,1465580.0,,1,5660,2024-10-22 22:24:57.340,
6603,57,194,57,7,108550.0,,1,5660,2024-10-22 22:26:30.000,
6604,112,194,112,7,721873.0,,1,5660,2024-10-22 22:27:58.510,
6605,50,194,50,7,709699.0,,1,5660,2024-10-22 22:33:47.477,
6606,1,7,14,7,1200000.0,,1,9172,2024-10-23 09:34:42.220,
6607,182,4,182,7,104400.0,,1,9374,2024-10-23 09:38:48.207,
6608,182,2,182,7,23900.0,,1,9374,2024-10-23 09:39:39.090,
6609,182,10,182,7,179600.0,,1,9374,2024-10-23 09:40:07.547,
6610,182,3,182,7,21000.0,,1,9374,2024-10-23 09:40:43.600,
6611,158,14,158,7,500000.0,,1,1196,2024-10-23 09:55:26.973,
6612,158,14,158,7,310000.0,Budget movement request due to negative balance,1,8802,2024-10-23 09:57:54.623,
6613,182,7,182,13,315000.0,,1,6131,2024-10-23 12:54:50.543,
6614,22,10,22,8,350000.0,,1,3852,2024-10-23 13:10:40.220,
6615,183,2,183,13,78000.0,,1,6131,2024-10-23 15:08:23.230,
6616,183,9,183,13,76000.0,,1,6131,2024-10-23 15:08:53.267,
6617,183,10,183,13,35000.0,,1,6131,2024-10-23 15:09:30.523,
6618,183,7,183,13,127000.0,,1,6131,2024-10-23 15:09:55.697,
6619,146,8,146,7,153000.0,,1,7411,2024-10-23 16:19:39.223,
6620,146,3,146,7,20000.0,,1,7411,2024-10-23 16:22:36.010,
6621,164,13,164,7,50000.0,,1,812,2024-10-23 16:23:15.703,
6622,146,10,146,8,200000.0,,1,7411,2024-10-23 16:42:46.283,
6623,183,3,183,13,35000.0,,1,6131,2024-10-24 09:54:27.620,
6624,14,7,14,13,150000.0,,1,9172,2024-10-24 12:17:28.417,
6625,1,7,1,13,100000.0,,1,9172,2024-10-24 12:18:57.937,
6626,14,7,14,10,27000.0,,1,9172,2024-10-24 12:21:41.440,
6627,102,10,102,7,300000.0,,1,3852,2024-10-24 13:05:40.787,
6628,164,14,164,7,300000.0,,1,3322,2024-10-24 13:06:03.873,
6629,102,14,102,8,500000.0,,1,3322,2024-10-24 15:28:48.640,
6630,215,3,215,8,100000.0,,1,3322,2024-10-24 15:45:41.040,
6631,146,14,146,7,500000.0,,1,2090,2024-10-24 19:52:53.207,
6632,150,2,150,7,400000.0,,1,2073,2024-10-24 20:04:09.593,
6633,113,10,113,7,340000.0,,1,8620,2024-10-24 20:08:17.643,
6634,13,13,13,7,180000.0,,1,2755,2024-10-24 23:24:43.047,
6635,13,8,13,7,100000.0,,1,2755,2024-10-24 23:25:23.587,
6636,181,14,181,13,400000.0,,1,3322,2024-10-25 11:19:20.110,
6637,181,14,181,10,200000.0,,1,3322,2024-10-25 11:34:31.680,
6638,181,14,181,9,200000.0,,1,3322,2024-10-25 11:36:55.060,
6639,181,14,181,9,150000.0,,1,3322,2024-10-25 11:46:41.157,
6640,181,14,181,13,100000.0,,1,9374,2024-10-25 14:31:14.047,
6641,104,13,104,8,200000.0,,1,3322,2024-10-25 14:47:42.967,
6642,104,4,104,7,500000.0,,1,3043,2024-10-25 14:56:38.563,
6643,104,4,104,8,250000.0,,1,3043,2024-10-25 15:01:10.483,
6644,65,3,65,14,50000.0,Budget movement request due to negative balance,1,8802,2024-10-25 15:07:29.310,
6645,181,14,181,7,500000.0,,1,3322,2024-10-25 15:10:33.877,
6646,94,2,94,3,900000.0,For RUSSCO,1,2082,2024-10-25 15:22:30.647,
6647,94,13,94,3,600000.0,RUSSCO,1,2082,2024-10-25 15:24:23.937,
6648,148,4,148,3,400000.0,RUSSCO,1,2082,2024-10-25 15:25:43.230,
6649,148,7,148,3,400000.0,RUSSCO,1,2082,2024-10-25 15:26:28.953,
6650,9,9,94,3,500000.0,RUSSCO,1,2082,2024-10-25 15:54:29.457,
6651,148,7,148,3,800000.0,RUSSCO,1,2082,2024-10-25 15:34:54.163,
6652,170,7,94,3,500000.0,RUSSCO,1,2082,2024-10-25 15:43:17.990,
6653,174,1,174,13,100000.0,,1,3322,2024-10-25 15:44:06.843,
6654,170,7,94,3,500000.0,RUSSCO,1,2082,2024-10-25 15:45:32.740,
6655,170,7,94,3,500000.0,RUSSCO,1,2082,2024-10-25 15:48:01.033,
6656,170,7,94,3,500000.0,RUSSCO,1,2082,2024-10-25 15:52:38.397,
6657,148,9,148,3,300000.0,RUSSCO,1,2082,2024-10-25 16:06:28.753,
6658,52,2,52,13,150000.0,,1,3322,2024-10-25 17:19:46.150,
6659,215,2,215,13,150000.0,,1,3322,2024-10-25 17:20:37.210,
6660,19,14,19,13,150000.0,,1,3322,2024-10-25 17:32:21.207,
6661,102,3,102,13,300000.0,,1,3322,2024-10-25 18:39:56.270,
6662,22,10,22,13,400000.0,,1,3322,2024-10-25 18:40:57.280,
6663,102,3,102,13,300000.0,,1,3322,2024-10-25 18:41:58.123,
6664,4,14,4,7,500000.0,,1,1567,2024-10-25 18:48:43.140,
6665,181,14,181,13,1000000.0,,1,9374,2024-10-28 09:57:33.703,
6666,181,14,181,13,950000.0,,1,9374,2024-10-28 09:57:52.127,
6667,22,14,22,1,1500000.0,,1,3852,2024-10-28 11:42:50.320,
6668,102,10,102,1,600000.0,,1,3852,2024-10-28 11:43:07.090,
6669,1,7,14,7,1000000.0,,1,9172,2024-10-28 11:56:31.853,
6670,53,10,53,13,150000.0,,1,7130,2024-10-28 12:26:29.770,
6671,164,14,164,9,100000.0,,1,3322,2024-10-28 12:31:08.857,
6672,102,10,102,7,1400000.0,,1,3852,2024-10-28 12:48:37.653,
6673,22,14,22,7,300000.0,,1,3852,2024-10-28 12:49:09.037,
6674,22,14,22,13,500000.0,,1,3852,2024-10-28 14:50:12.637,
6675,123,7,181,14,1000000.0,1 Million transfer to team thunder from Institution Ad & Pro,1,2067,2024-10-28 15:56:38.940,
6676,49,194,181,14,500000.0,0.5 Million transfer to team thunder from DM budget,1,2067,2024-10-28 15:59:25.143,
6677,2,7,2,3,500000.0,,1,5660,2024-10-29 09:23:23.697,
6678,164,8,164,13,200000.0,,1,812,2024-10-29 10:50:04.737,
6679,181,13,181,9,250000.0,,1,3322,2024-10-29 15:41:35.253,
6680,181,13,181,7,100000.0,,1,3322,2024-10-29 15:49:24.897,
6681,174,10,174,8,137634.0,,1,8858,2024-10-29 17:56:52.913,
6682,174,14,174,8,169717.0,,1,8858,2024-10-29 17:58:48.760,
6683,174,1,174,13,34000.0,,1,8858,2024-10-29 18:02:08.480,
6684,164,1,164,13,200000.0,,1,3322,2024-10-29 18:39:03.263,
6685,181,13,181,7,100000.0,,1,9374,2024-10-30 16:14:12.583,
6686,9,14,9,13,240050.0,,1,7130,2024-10-30 16:36:13.580,
6687,9,8,9,13,200000.0,,1,7130,2024-10-30 16:36:36.540,
6688,53,10,53,13,339981.0,,1,7130,2024-10-30 16:38:23.240,
6689,1,7,1,13,150000.0,,1,9172,2024-10-31 09:34:52.180,
6690,1,7,1,13,100000.0,,1,9172,2024-10-31 09:35:59.097,
6691,42,15,42,13,41799.0,,1,9172,2024-10-31 09:38:38.457,
6692,42,10,42,13,67870.0,,1,9172,2024-10-31 09:39:30.687,
6693,14,7,14,2,165000.0,,1,9172,2024-10-31 09:56:00.780,
6694,102,1,102,7,330000.0,,1,2073,2024-10-31 10:03:29.347,
6695,102,8,102,7,100000.0,,1,2073,2024-10-31 10:04:03.973,
6696,14,7,14,3,500000.0,,1,9172,2024-10-31 10:38:48.560,
6697,14,7,14,3,3000.0,,1,9172,2024-10-31 10:39:45.833,
6698,14,7,14,3,1000.0,,1,9172,2024-10-31 10:40:32.503,
6699,215,10,215,13,150000.0,,1,3358,2024-10-31 12:48:13.627,
6700,215,14,215,13,200000.0,,1,3358,2024-10-31 12:48:33.117,
6701,215,4,215,8,150000.0,,1,3358,2024-10-31 12:49:01.857,
6702,103,3,103,13,100000.0,,1,3358,2024-10-31 12:49:50.473,
6703,215,4,215,13,100000.0,,1,3358,2024-10-31 12:52:12.610,
6704,215,9,215,8,50000.0,,1,3358,2024-10-31 12:52:41.833,
6705,181,13,181,7,210000.0,,1,3322,2024-10-31 17:27:39.827,
6706,170,5,170,4,39500.0,,1,9275,2024-10-31 18:34:37.810,
6707,181,7,181,6,100000.0,,1,9374,2024-10-31 22:55:14.530,
6708,13,13,13,7,400000.0,,1,2755,2024-11-01 11:30:57.990,
6709,164,2,164,13,200000.0,,1,3322,2024-11-01 14:58:28.587,
6710,4,10,4,13,800000.0,,1,1567,2024-11-01 14:58:42.073,
6711,4,3,4,13,400000.0,,1,1567,2024-11-01 14:59:04.627,
6712,21,4,21,13,300000.0,,1,1567,2024-11-01 15:00:22.940,
6713,21,3,21,7,500000.0,,1,1567,2024-11-01 15:01:43.660,
6714,4,4,4,10,200000.0,,1,1567,2024-11-01 15:06:24.643,
6715,4,2,4,10,200000.0,,1,1567,2024-11-01 15:06:46.537,
6716,94,2,94,3,400000.0,RUSSCO,1,2082,2024-11-04 12:03:05.497,
6717,170,2,94,3,300000.0,RUSSCO,1,2082,2024-11-04 12:04:29.127,
6718,148,9,94,3,300000.0,RUSSCO,1,2082,2024-11-04 12:05:15.540,
6719,181,14,181,7,500000.0,,1,3322,2024-11-04 12:09:41.997,
6720,181,14,181,9,250000.0,,1,3322,2024-11-04 12:15:04.577,
6721,174,3,174,10,100000.0,,1,3322,2024-11-04 13:09:37.297,
6722,34,14,34,10,50000.0,,1,3322,2024-11-04 13:10:24.197,
6723,164,2,164,9,100000.0,,1,3322,2024-11-04 15:29:57.660,
6724,102,5,102,13,200000.0,,1,3322,2024-11-04 15:39:09.003,
6725,34,1,34,3,70000.0,,1,7312,2024-11-04 16:47:27.220,
6726,34,14,34,3,290386.0,,1,7312,2024-11-04 16:47:59.727,
6727,34,10,34,3,34616.0,,1,7312,2024-11-04 16:48:26.220,
6728,150,10,150,7,50000.0,,1,3852,2024-11-04 17:44:36.930,
6729,158,14,158,7,1000000.0,budget movement request due to negative balance,1,1196,2024-11-04 18:07:44.760,
6730,158,14,158,7,1000000.0,budget movement request due to negative balance,1,1196,2024-11-04 18:23:04.313,
6731,41,4,41,7,350000.0,,1,3322,2024-11-05 11:45:56.987,
6732,150,4,150,7,250000.0,,1,3852,2024-11-05 13:15:12.190,
6733,150,5,150,7,160000.0,,1,3852,2024-11-05 13:15:37.597,
6734,22,4,22,7,277000.0,,1,3852,2024-11-05 13:16:08.010,
6735,22,1,22,7,688000.0,,1,3852,2024-11-05 13:16:36.233,
6736,22,5,22,7,51000.0,,1,3852,2024-11-05 13:17:00.680,
6737,22,14,22,7,300000.0,,1,3852,2024-11-05 13:17:26.060,
6738,102,4,102,9,48500.0,,1,3852,2024-11-05 13:31:20.960,
6739,102,14,102,9,39500.0,,1,3852,2024-11-05 13:32:07.373,
6740,102,3,102,9,38000.0,,1,3852,2024-11-05 13:32:37.897,
6741,65,3,65,10,70000.0,,1,3322,2024-11-05 15:13:55.060,
6742,51,14,51,7,1100000.0,,1,546,2024-11-05 15:34:50.023,
6743,51,13,51,1,100000.0,,1,546,2024-11-05 15:36:20.010,
6744,102,8,150,8,110000.0,,1,3852,2024-11-05 17:28:46.413,
6745,181,14,181,13,400000.0,,1,6131,2024-11-06 10:01:38.973,
6746,181,7,181,2,50000.0,,1,9374,2024-11-06 10:25:57.947,
6747,128,14,128,2,333546.0,,1,7130,2024-11-06 10:33:47.910,
6748,53,8,53,7,100000.0,,1,7130,2024-11-06 10:34:48.440,
6749,9,5,9,7,591100.0,,1,7130,2024-11-06 10:35:17.790,
6750,9,2,9,7,400000.0,,1,7130,2024-11-06 10:35:55.967,
6751,102,8,102,13,50000.0,,1,3322,2024-11-06 10:45:34.707,
6752,146,10,146,8,200000.0,,1,3322,2024-11-06 11:09:30.087,
6753,146,10,146,7,300000.0,,1,3322,2024-11-06 11:13:30.903,
6754,102,8,102,13,50000.0,,1,3322,2024-11-06 11:36:25.297,
6755,181,14,181,10,150000.0,,1,3322,2024-11-06 12:08:23.237,
6756,181,14,181,7,150000.0,,1,3322,2024-11-06 12:15:45.260,
6757,12,13,12,4,300000.0,,1,2755,2024-11-06 12:29:04.437,
6758,2,14,2,2,55000.0,,1,9111,2024-11-06 13:02:42.870,
6759,22,7,22,13,450000.0,,1,3322,2024-11-06 16:46:24.980,
6760,148,5,148,7,100000.0,,1,5356,2024-11-06 17:09:47.143,
6761,148,5,148,7,100000.0,,1,5356,2024-11-06 17:11:43.607,
6762,150,2,150,8,36000.0,,1,3852,2024-11-06 18:17:07.093,
6763,150,7,150,8,24000.0,,1,3852,2024-11-06 18:18:00.453,
6764,22,10,22,8,60000.0,,1,3852,2024-11-06 18:20:48.153,
6765,13,10,13,7,200000.0,,1,2755,2024-11-07 11:15:16.283,
6766,3,10,3,13,200000.0,,1,2755,2024-11-07 11:23:59.357,
6767,12,14,12,8,78390.0,,1,2755,2024-11-07 12:03:47.343,
6768,21,10,21,9,500000.0,,1,3322,2024-11-07 16:10:59.987,
6769,93,7,155,7,400000.0,To settle the FLI aomunt of Aug-24.,1,2112,2024-11-07 23:48:08.923,
6770,21,10,21,13,300000.0,,1,3322,2024-11-08 11:31:33.927,
6771,22,7,22,13,250000.0,,1,3322,2024-11-08 11:32:18.140,
6772,14,7,14,13,200000.0,,1,9172,2024-11-08 12:06:37.560,
6773,15,2,15,8,180000.0,,1,812,2024-11-08 14:24:51.800,
6774,35,194,35,3,247830.0,,1,7312,2024-11-08 15:29:17.770,
6775,172,3,16,7,400000.0,,1,5611,2024-11-08 16:35:16.990,
6776,181,14,181,13,50000.0,,1,3322,2024-11-08 16:50:55.617,
6777,181,9,181,13,50000.0,,1,3322,2024-11-08 16:51:18.140,
6778,181,13,181,9,100000.0,,1,9374,2024-11-09 15:57:26.140,
6779,3,10,3,3,100000.0,,1,2755,2024-11-11 08:53:56.337,
6780,14,7,14,10,100000.0,,1,9172,2024-11-11 10:28:14.110,
6781,108,1,14,7,2000000.0,,1,9172,2024-11-11 10:36:01.383,
6782,50,10,50,6,100000.0,,1,5660,2024-11-11 13:41:13.070,
6783,146,10,146,3,100000.0,,1,7411,2024-11-12 09:30:24.323,
6784,53,8,53,7,20000.0,,1,7130,2024-11-12 10:22:15.837,
6785,156,1,156,9,600000.0,,1,3322,2024-11-13 12:13:43.863,
6786,146,13,146,3,250000.0,,1,7411,2024-11-13 15:32:18.127,
6787,158,10,158,7,1000000.0,budget movement request due to negative balance,1,1196,2024-11-13 15:45:32.903,
6788,27,13,27,7,200000.0,,1,3322,2024-11-14 12:01:41.847,
6789,34,7,34,13,150000.0,,1,3322,2024-11-14 14:20:11.410,
6790,34,7,34,13,50000.0,,1,3322,2024-11-14 14:25:40.963,
6791,34,7,34,13,100000.0,,1,3322,2024-11-14 14:28:10.060,
6792,9,4,9,7,200000.0,,1,7130,2024-11-14 14:51:49.823,
6793,34,7,34,13,100000.0,,1,3322,2024-11-14 17:34:39.787,
6794,24,7,24,5,100000.0,,1,1912,2024-11-15 02:04:44.073,
6795,49,7,49,5,100000.0,,1,1912,2024-11-15 02:05:09.747,
6796,24,7,24,5,100000.0,,1,1912,2024-11-15 02:06:07.357,
6797,49,7,49,5,100000.0,,1,1912,2024-11-15 02:06:31.403,
6798,24,7,24,5,100000.0,,1,1912,2024-11-15 02:07:19.310,
6799,24,7,24,5,9000.0,,1,1912,2024-11-15 02:08:03.673,
6800,164,4,15,4,306000.0,,1,812,2024-11-15 10:03:46.500,
6801,164,13,164,14,126000.0,,1,812,2024-11-15 10:06:12.143,
6802,164,1,164,14,105500.0,,1,812,2024-11-15 10:07:29.643,
6803,164,2,164,14,78000.0,,1,812,2024-11-15 10:07:57.800,
6804,164,8,164,14,195000.0,,1,812,2024-11-15 10:08:28.300,
6805,164,10,164,14,40000.0,,1,812,2024-11-15 10:09:03.143,
6806,164,9,164,14,33000.0,,1,812,2024-11-15 10:09:39.583,
6807,164,4,164,14,306000.0,,1,812,2024-11-15 10:10:26.677,
6808,164,14,15,14,1040000.0,,1,812,2024-11-15 10:28:10.447,
6809,14,7,14,13,200000.0,,1,9172,2024-11-15 10:19:43.810,
6810,65,3,65,13,500000.0,,1,3322,2024-11-15 11:06:05.583,
6811,65,3,65,13,200000.0,,1,3322,2024-11-15 11:06:43.317,
6812,142,14,142,8,627000.0,,1,2887,2024-11-15 11:06:50.693,
6813,14,7,14,10,200000.0,,1,9172,2024-11-15 12:07:35.277,
6814,21,10,21,7,400000.0,,1,1567,2024-11-15 12:27:00.943,
6815,215,10,215,13,200000.0,,1,3322,2024-11-15 15:30:10.397,
6816,215,9,215,13,200000.0,,1,3322,2024-11-15 15:30:50.963,
6817,178,14,178,1,126000.0,,1,5660,2024-11-15 18:32:27.683,
6818,178,13,178,1,100000.0,,1,5660,2024-11-15 18:33:00.640,
6819,22,10,22,7,180000.0,,1,3852,2024-11-18 10:47:33.987,
6820,62,7,62,8,100000.0,,1,3322,2024-11-18 11:40:24.167,
6821,51,9,51,7,200000.0,,1,3322,2024-11-18 12:38:12.640,
6822,22,13,22,10,50000.0,,1,3322,2024-11-18 15:36:08.073,
6823,22,13,22,7,10150.0,,1,3852,2024-11-18 16:05:03.413,
6824,22,3,22,7,25000.0,,1,3852,2024-11-18 16:05:53.937,
6825,22,3,22,7,2500.0,,1,3852,2024-11-18 16:08:50.897,
6826,230,3,230,1,56000.0,,1,9374,2024-11-18 23:00:20.773,
6827,230,13,230,9,110000.0,,1,9374,2024-11-19 02:01:43.727,
6828,24,7,24,4,100000.0,,1,1912,2024-11-19 10:50:31.273,
6829,123,13,181,14,1000000.0,2.5 Million transfer to team thunder from Institution Ad & Pro,1,2067,2024-11-19 11:58:58.837,
6830,51,194,181,14,400000.0,400000 transfer to team thunder from DM budget,1,2067,2024-11-19 12:04:14.007,
6831,123,13,181,14,1000000.0,1 Million transfer to team thunder from Institution Ad & Pro,1,2067,2024-11-19 12:05:37.367,
6832,14,7,14,9,28000.0,,1,9172,2024-11-19 12:17:10.283,
6833,14,7,14,9,41000.0,,1,9172,2024-11-19 12:31:47.757,
6834,14,7,14,10,550000.0,,1,9172,2024-11-19 12:46:04.517,
6835,22,10,22,7,50000.0,,1,3852,2024-11-19 13:02:21.883,
6836,28,4,28,7,1000000.0,,1,5618,2024-11-19 16:09:59.023,
6837,29,3,29,7,300000.0,,1,3322,2024-11-19 16:32:56.810,
6838,130,10,130,8,200000.0,,1,3322,2024-11-19 17:23:57.623,
6839,119,13,119,7,400000.0,internal budget transfer,1,8859,2024-11-19 18:28:24.027,
6840,65,1,65,7,500000.0,,1,2073,2024-11-20 09:48:53.763,
6841,21,8,21,7,200000.0,,1,2073,2024-11-20 09:50:04.180,
6842,181,14,181,13,500000.0,,1,3322,2024-11-20 10:49:00.730,
6843,181,14,181,10,150000.0,,1,3322,2024-11-20 10:56:51.203,
6844,21,8,21,7,92000.0,,1,1567,2024-11-20 11:57:50.953,
6845,52,10,52,13,100000.0,,1,3358,2024-11-20 12:23:55.320,
6846,52,10,52,13,150000.0,,1,3358,2024-11-20 12:24:27.640,
6847,52,4,52,13,150000.0,,1,3358,2024-11-20 12:24:56.593,
6848,52,9,52,7,150000.0,,1,3358,2024-11-20 12:25:23.747,
6849,163,7,163,10,100000.0,,1,3358,2024-11-20 12:26:02.097,
6850,14,7,14,13,200000.0,,1,9172,2024-11-20 14:01:15.387,
6851,123,14,123,7,500000.0,,1,9147,2024-11-20 15:36:55.357,
6852,15,10,15,8,500000.0,,1,812,2024-11-20 17:22:39.460,
6853,174,7,174,13,100000.0,,1,3322,2024-11-20 17:36:44.673,
6854,33,7,33,13,150000.0,,1,812,2024-11-20 17:37:55.753,
6855,19,13,19,1,155000.0,,1,812,2024-11-20 17:56:23.010,
6856,21,1,21,9,165000.0,,1,1567,2024-11-20 17:57:18.980,
6857,19,8,19,1,188000.0,,1,812,2024-11-20 17:57:26.620,
6858,21,10,21,9,80000.0,,1,1567,2024-11-20 17:58:03.203,
6859,19,10,19,1,122000.0,,1,812,2024-11-20 17:58:27.667,
6860,21,4,21,9,30000.0,,1,1567,2024-11-20 17:59:03.037,
6861,21,14,21,13,66000.0,,1,1567,2024-11-20 18:00:21.683,
6862,21,3,21,13,60000.0,,1,1567,2024-11-20 18:01:01.173,
6863,21,3,21,13,7000.0,,1,1567,2024-11-20 18:01:46.043,
6864,19,1,33,7,918000.0,,1,812,2024-11-20 18:03:23.083,
6865,15,14,15,8,500000.0,,1,812,2024-11-20 18:05:22.963,
6866,158,13,158,7,1300000.0,budget movement request due to negative balance,1,1196,2024-11-21 09:02:18.533,
6867,181,2,181,13,38000.0,,1,6131,2024-11-21 10:37:02.213,
6868,21,9,21,13,35000.0,,1,1567,2024-11-21 10:39:32.900,
6869,33,7,33,13,500000.0,,1,812,2024-11-21 10:53:31.737,
6870,33,7,33,13,400000.0,,1,812,2024-11-21 10:55:33.803,
6871,33,13,33,9,350000.0,,1,812,2024-11-21 10:59:57.047,
6872,33,13,33,7,200000.0,,1,812,2024-11-21 11:21:38.900,
6873,131,7,131,9,200000.0,,1,3322,2024-11-21 14:52:40.120,
6874,181,14,181,9,50000.0,,1,6131,2024-11-21 14:59:55.327,
6875,146,9,146,13,100000.0,,1,3322,2024-11-21 15:02:43.657,
6876,181,14,181,7,200000.0,,1,3322,2024-11-21 15:22:58.710,
6877,181,14,181,7,200000.0,,1,3322,2024-11-21 15:26:56.847,
6878,21,13,21,7,25000.0,,1,1567,2024-11-21 16:39:16.263,
6879,21,13,21,8,80000.0,,1,1567,2024-11-22 10:33:17.717,
6880,21,9,21,8,70000.0,,1,1567,2024-11-22 10:33:49.800,
6881,115,3,115,13,500000.0,,1,7363,2024-11-22 12:55:37.357,
6882,14,7,14,5,100000.0,,1,9172,2024-11-22 14:28:24.837,
6883,14,7,14,13,200000.0,,1,9172,2024-11-22 14:49:17.057,
6884,21,8,21,7,50000.0,,1,1567,2024-11-22 19:54:17.070,
6885,21,8,21,7,100000.0,,1,1567,2024-11-22 19:58:34.070,
6886,181,14,181,13,1000000.0,,1,9374,2024-11-25 09:38:59.947,
6887,181,14,181,7,300000.0,,1,9374,2024-11-25 09:39:29.000,
6888,146,14,146,8,300000.0,,1,2887,2024-11-25 09:50:17.360,
6889,146,4,146,8,100000.0,,1,2887,2024-11-25 09:50:35.333,
6890,130,14,130,7,800000.0,budget movement request due to negative balance,1,1196,2024-11-25 11:04:57.257,
6891,131,13,131,7,550000.0,,1,8803,2024-11-25 11:07:47.800,
6892,131,4,131,7,6344.0,,1,8803,2024-11-25 11:08:42.420,
6893,131,1,131,7,7837.0,,1,8803,2024-11-25 11:09:28.180,
6894,131,9,131,7,41864.0,,1,8803,2024-11-25 11:10:01.150,
6895,131,10,131,7,61052.0,,1,8803,2024-11-25 11:10:26.640,
6896,131,7,131,3,33622.0,,1,8803,2024-11-25 11:11:11.973,
6897,149,1,149,13,123332.0,,1,8803,2024-11-25 11:12:24.630,
6898,149,2,149,2,379745.0,,1,8803,2024-11-25 11:13:34.820,
6899,149,2,149,1,379744.0,,1,8803,2024-11-25 11:14:13.990,
6900,27,9,27,7,1000000.0,,1,546,2024-11-25 12:03:38.930,
6901,130,7,130,8,500000.0,,1,3322,2024-11-25 12:43:06.950,
6902,37,1,37,7,108000.0,,1,2887,2024-11-25 16:07:38.720,
6903,37,10,37,7,185000.0,,1,2887,2024-11-25 16:07:58.287,
6904,113,5,113,7,241000.0,,1,3043,2024-11-25 16:13:18.307,
6905,29,14,29,7,500000.0,,1,3043,2024-11-25 16:14:06.520,
6906,104,14,104,8,100000.0,,1,3043,2024-11-25 16:20:25.407,
6907,142,14,142,8,1000000.0,,1,7411,2024-11-25 16:58:10.150,
6908,4,6,4,10,200000.0,,1,1567,2024-11-25 16:58:54.153,
6909,4,1,4,10,180000.0,,1,1567,2024-11-25 16:59:20.687,
6910,146,14,146,13,500000.0,,1,7411,2024-11-25 17:04:10.017,
6911,158,9,158,8,300000.0,budget movement request due to negative balance,1,1196,2024-11-26 10:00:49.613,
6912,4,14,4,3,200000.0,,1,1567,2024-11-26 10:38:51.013,
6913,24,7,181,7,400000.0,,1,1912,2024-11-26 11:43:53.740,
6914,28,5,28,7,600000.0,,1,5618,2024-11-26 12:12:38.690,
6915,50,6,50,13,200000.0,,1,5660,2024-11-26 13:12:09.963,
6916,50,4,50,13,130000.0,,1,5660,2024-11-26 13:12:26.403,
6917,50,14,50,13,396000.0,,1,5660,2024-11-26 13:12:44.110,
6918,50,10,50,13,150000.0,,1,5660,2024-11-26 13:13:27.900,
6919,15,8,15,3,40000.0,,1,812,2024-11-26 14:11:30.647,
6920,181,7,181,10,200000.0,,1,3322,2024-11-26 14:35:39.903,
6921,181,7,181,9,500000.0,,1,3322,2024-11-26 14:50:07.760,
6922,113,7,113,8,200000.0,,1,3322,2024-11-26 15:29:06.590,
6923,41,14,41,9,150000.0,,1,3322,2024-11-26 15:57:44.373,
6924,15,14,15,194,132000.0,,1,812,2024-11-26 17:08:51.193,
6925,111,13,111,7,200000.0,Transfer for relevant activity GL,1,2718,2024-11-26 23:49:13.883,
6926,4,3,4,14,91000.0,,1,1567,2024-11-27 10:02:28.860,
6927,4,10,4,14,184000.0,,1,1567,2024-11-27 10:02:53.490,
6928,4,5,4,14,200000.0,,1,1567,2024-11-27 10:03:17.647,
6929,4,6,4,14,2500.0,,1,1567,2024-11-27 10:03:42.733,
6930,4,4,4,14,1500.0,,1,1567,2024-11-27 10:04:11.547,
6931,4,1,4,14,6500.0,,1,1567,2024-11-27 10:04:49.557,
6932,4,2,4,14,1500.0,,1,1567,2024-11-27 10:05:19.690,
6933,4,14,4,13,791000.0,,1,1567,2024-11-27 10:06:14.647,
6934,4,13,4,14,78000.0,,1,1567,2024-11-27 11:19:52.140,
6935,4,6,4,14,413.0,,1,1567,2024-11-27 11:20:45.270,
6936,4,4,4,14,446.0,,1,1567,2024-11-27 11:21:16.413,
6937,4,13,4,14,137.0,,1,1567,2024-11-27 11:22:03.577,
6938,4,1,4,14,189.0,,1,1567,2024-11-27 11:22:34.820,
6939,4,2,4,14,412.0,,1,1567,2024-11-27 11:22:56.620,
6940,4,5,4,14,1912.0,,1,1567,2024-11-27 11:23:18.560,
6941,4,10,4,14,64.0,,1,1567,2024-11-27 11:23:43.267,
6942,4,3,4,14,129.0,,1,1567,2024-11-27 11:24:12.990,
6943,4,194,21,14,1500000.0,,1,1567,2024-12-02 12:35:36.460,
6944,21,194,21,14,2000000.0,,1,1567,2024-11-27 11:27:27.240,
6945,9,2,9,10,300000.0,,1,3322,2024-11-27 12:24:34.387,
6946,38,14,38,7,88923.0,,1,7130,2024-11-27 12:38:52.530,
6947,37,9,37,7,115000.0,,1,2887,2024-11-27 16:25:44.227,
6948,52,14,52,4,150000.0,,1,3322,2024-11-27 16:44:28.527,
6949,113,10,113,13,200000.0,,1,3322,2024-11-28 11:28:20.393,
6950,41,14,41,9,150000.0,,1,3322,2024-11-28 11:30:18.650,
6951,146,10,146,7,150000.0,,1,3322,2024-11-28 11:34:17.983,
6952,9,1,9,6,100000.0,,1,7130,2024-11-28 12:01:50.423,
6953,123,6,123,14,88803.0,AL Khidmat cheque,1,2052,2024-11-28 14:04:01.000,
6954,123,4,123,14,71043.0,,1,2052,2024-11-28 14:04:38.647,
6955,123,1,123,14,266000.0,,1,2052,2024-11-28 14:05:09.007,
6956,123,15,123,14,355000.0,,1,2052,2024-11-28 14:05:55.593,
6957,123,9,123,14,321000.0,,1,2052,2024-11-28 14:06:34.503,
6958,123,10,123,14,388000.0,,1,2052,2024-11-28 14:07:08.620,
6959,149,14,149,7,379746.0,,1,8803,2024-11-28 14:29:48.447,
6960,52,8,52,13,300000.0,,1,3322,2024-11-28 17:56:59.010,
6961,52,14,52,13,100000.0,,1,3322,2024-11-28 17:57:32.333,
6962,181,7,181,13,1100000.0,,1,3322,2024-11-29 10:16:19.693,
6963,181,7,181,9,300000.0,,1,3322,2024-11-29 10:23:02.180,
6964,62,7,62,8,300000.0,,1,7312,2024-11-29 11:27:43.127,
6965,51,10,51,7,600000.0,,1,546,2024-11-29 16:58:49.883,
6966,51,9,51,13,500000.0,,1,546,2024-11-29 17:00:45.897,
6967,1,7,1,3,30000.0,,1,9172,2024-12-01 23:05:57.190,
6968,50,10,50,7,500000.0,,1,5660,2024-12-02 09:41:56.427,
6969,2,10,2,3,200000.0,,1,5660,2024-12-02 12:33:00.787,
6970,21,14,21,8,1700000.0,,1,1567,2024-12-02 13:05:07.877,
6971,21,14,21,13,900000.0,,1,1567,2024-12-02 13:06:59.927,
6972,21,14,21,9,570000.0,,1,1567,2024-12-02 13:07:57.140,
6973,1,3,1,13,300000.0,,1,9172,2024-12-03 10:45:14.487,
6974,1,3,1,14,300000.0,,1,9172,2024-12-03 10:46:23.707,
6975,1,3,1,13,100000.0,,1,9172,2024-12-03 10:56:53.447,
6976,158,10,158,8,600000.0,budget movement request due to negative balance,1,1196,2024-12-03 13:39:09.403,
6977,156,13,156,7,500000.0,,1,8617,2024-12-03 15:41:19.600,
6978,156,14,156,7,500000.0,,1,8617,2024-12-03 15:41:37.557,
6979,156,13,156,7,500000.0,,1,8617,2024-12-03 15:43:47.663,
6980,156,3,156,7,500000.0,,1,8617,2024-12-03 15:44:03.010,
6981,41,10,41,7,100000.0,,1,8859,2024-12-03 16:14:21.080,
6982,41,14,41,7,300000.0,,1,8859,2024-12-03 16:14:42.350,
6983,29,10,29,7,500000.0,,1,8859,2024-12-03 16:20:39.077,
6984,29,13,29,7,500000.0,,1,8859,2024-12-03 16:21:04.737,
6985,29,3,29,7,20000.0,,1,8859,2024-12-03 16:21:40.963,
6986,111,13,111,7,300000.0,Transfer for relevant activity GL,1,2718,2024-12-03 18:03:01.447,
6987,111,13,111,7,1000000.0,Budget transfer for activity relevant G/L,1,2718,2024-12-03 18:05:32.853,
6988,113,13,113,7,181221.0,internal budget transfer,1,8859,2024-12-04 07:11:23.617,
6989,113,10,113,7,136000.0,internal budget transfer,1,8859,2024-12-04 07:17:23.150,
6990,16,5,16,8,90000.0,,1,5611,2024-12-04 11:45:53.373,
6991,16,7,16,8,290000.0,,1,5611,2024-12-04 11:46:21.597,
6992,27,10,27,7,1000000.0,,1,5611,2024-12-04 11:50:55.527,
6993,51,10,51,7,800000.0,,1,5611,2024-12-04 11:52:11.113,
6994,181,7,181,13,1500000.0,,1,9374,2024-12-04 12:15:29.930,
6995,181,7,181,6,100000.0,,1,9374,2024-12-04 12:41:49.270,
6996,158,9,158,7,400000.0,budget movement request due to negative balance,1,1196,2024-12-04 13:11:35.650,
6997,29,3,29,7,500000.0,internal budget transfer,1,8859,2024-12-04 14:49:41.047,
6998,49,14,49,7,500000.0,,1,1912,2024-12-04 16:07:33.827,
6999,29,14,29,7,300000.0,,1,3043,2024-12-05 11:52:46.873,
7000,21,13,21,3,300000.0,,1,7362,2024-12-05 12:48:08.463,
7001,1,3,1,2,270000.0,,1,9172,2024-12-05 12:55:23.443,
7002,181,7,181,10,300000.0,,1,3322,2024-12-05 13:12:53.460,
7003,215,14,215,7,300000.0,,1,3358,2024-12-05 14:21:54.780,
7004,28,2,28,7,800000.0,,1,5618,2024-12-05 14:41:04.540,
7005,130,4,130,8,400000.0,,1,3322,2024-12-05 14:53:57.490,
7006,65,2,65,13,400000.0,,1,3322,2024-12-05 17:34:53.153,
7007,29,10,29,3,50000.0,internal budget transfer,1,8859,2024-12-06 11:19:54.457,
7008,104,4,104,9,219000.0,,1,3043,2024-12-06 11:48:16.923,
7009,104,14,104,9,200000.0,,1,3043,2024-12-06 11:49:54.857,
7010,29,10,29,13,210000.0,,1,3043,2024-12-06 11:51:57.113,
7011,27,7,27,13,400000.0,,1,3322,2024-12-06 11:57:06.197,
7012,28,3,28,9,300000.0,,1,3322,2024-12-06 12:10:48.640,
7013,1,3,1,13,250000.0,,1,9172,2024-12-06 13:23:07.367,
7014,29,10,29,7,615000.0,internal budget transfer,1,8859,2024-12-06 14:38:41.617,
7015,29,13,29,7,424000.0,internal budget transfer,1,8859,2024-12-06 14:39:20.093,
7016,29,7,29,13,300000.0,,1,3322,2024-12-06 14:45:20.100,
7017,29,3,29,7,90000.0,,1,8859,2024-12-06 16:33:22.770,
7018,29,14,29,7,22000.0,,1,8859,2024-12-06 16:33:40.240,
7019,111,5,111,7,100000.0,,1,8617,2024-12-06 16:35:14.950,
7020,111,14,111,7,100000.0,,1,8617,2024-12-06 16:35:57.523,
7021,111,3,111,7,1000000.0,,1,8617,2024-12-06 16:37:22.430,
7022,156,3,156,7,3000000.0,,1,8617,2024-12-06 16:38:28.613,
7023,142,1,142,8,300000.0,,1,3322,2024-12-06 16:50:22.177,
7024,111,13,111,7,1200000.0,Budget transfer for activity relevant G/L,1,2718,2024-12-06 17:45:42.823,
7025,41,10,41,13,250000.0,,1,3322,2024-12-09 12:30:49.213,
7026,9,8,9,9,100000.0,,1,3322,2024-12-09 12:46:42.587,
7027,9,1,9,10,100000.0,,1,3322,2024-12-09 12:53:23.557,
7028,9,1,9,13,200000.0,,1,3322,2024-12-09 13:16:12.443,
7029,146,1,146,7,185000.0,,1,2887,2024-12-09 15:42:45.173,
7030,130,14,130,7,350000.0,budget movement request due to negative balance,1,1196,2024-12-09 16:14:54.620,
7031,9,8,9,5,120000.0,,1,7130,2024-12-09 18:07:03.373,
7032,9,2,9,3,191024.0,,1,7130,2024-12-09 18:18:12.533,
7033,142,9,142,3,200000.0,,1,7411,2024-12-09 19:18:12.080,
7034,37,9,37,3,210000.0,,1,7411,2024-12-09 19:23:01.350,
7035,24,9,24,14,5700000.0,,1,9225,2024-12-10 11:05:00.990,
7036,24,14,27,10,10000000.0,,1,7413,2024-12-10 11:11:21.993,
7037,158,4,158,13,300000.0,budget movement request due to negative balance,1,1196,2024-12-10 11:51:23.327,
7038,65,15,65,8,807000.0,budget movement request due to negative balance,1,1196,2024-12-10 11:53:25.420,
7039,65,5,65,8,462000.0,budget movement request due to negative balance,1,1196,2024-12-10 11:54:11.563,
7040,65,1,65,8,909000.0,budget movement request due to negative balance,1,1196,2024-12-10 11:54:46.360,
7041,65,2,65,8,997000.0,budget movement request due to negative balance,1,1196,2024-12-10 11:55:36.170,
7042,65,9,65,8,1500000.0,budget movement request due to negative balance,1,1196,2024-12-10 11:58:02.150,
7043,181,13,181,4,25000.0,,1,6131,2024-12-10 13:38:05.313,
7044,181,13,181,4,30000.0,,1,6131,2024-12-10 13:39:21.027,
7045,149,14,149,7,100000.0,,1,8803,2024-12-10 14:20:47.100,
7046,146,2,146,7,161000.0,,1,2887,2024-12-10 15:07:34.840,
7047,37,1,37,7,98000.0,,1,2887,2024-12-10 15:13:59.133,
7048,146,9,146,13,165000.0,,1,2887,2024-12-10 15:15:34.773,
7049,186,4,186,13,150000.0,,1,2887,2024-12-10 15:20:51.840,
7050,146,10,146,8,50000.0,,1,2887,2024-12-10 15:42:38.473,
7051,146,9,146,10,50000.0,,1,2887,2024-12-10 16:07:59.050,
7052,146,7,146,8,100000.0,,1,2887,2024-12-10 16:14:06.060,
7053,146,3,146,8,140000.0,,1,2887,2024-12-10 16:16:22.593,
7054,146,8,146,7,200000.0,,1,2887,2024-12-10 17:42:17.753,
7055,158,10,158,1,86000.0,budget movement request due to negative balance,1,1196,2024-12-10 17:51:56.973,
7056,50,3,50,9,100000.0,,1,3322,2024-12-11 10:23:06.173,
7057,50,3,50,13,200000.0,,1,3322,2024-12-11 10:28:33.987,
7058,181,13,181,9,200000.0,,1,3322,2024-12-11 10:38:01.107,
7059,181,7,181,9,200000.0,,1,3322,2024-12-11 10:49:19.023,
7060,49,14,49,3,500000.0,,1,1912,2024-12-11 16:19:07.227,
7061,163,7,163,13,268000.0,,1,7308,2024-12-11 17:59:26.747,
7062,41,4,29,7,500000.0,internal budget transfer,1,8859,2024-12-11 19:03:54.047,
7063,1,3,1,13,300000.0,,1,9172,2024-12-11 20:48:32.457,
7064,1,3,1,10,120000.0,,1,9172,2024-12-11 20:50:07.717,
7065,15,14,15,13,350000.0,,1,3322,2024-12-12 09:42:11.103,
7066,28,3,28,13,350000.0,,1,3322,2024-12-12 10:05:53.863,
7067,65,4,65,13,350000.0,,1,3322,2024-12-12 10:08:58.460,
7068,1,3,1,13,300000.0,,1,9172,2024-12-12 13:24:20.253,
7069,1,3,1,10,300000.0,,1,9172,2024-12-12 13:25:46.317,
7070,24,13,24,9,300000.0,,1,3322,2024-12-12 15:06:36.823,
7071,24,13,24,9,400000.0,,1,7413,2024-12-12 15:07:03.027,
7072,115,5,115,13,250000.0,,1,3322,2024-12-12 15:44:46.207,
7073,115,1,115,13,241030.0,,1,7130,2024-12-12 15:44:55.503,
7074,115,14,115,13,308731.0,,1,7130,2024-12-12 15:56:52.720,
7075,115,5,115,13,167463.0,,1,7130,2024-12-12 15:57:40.580,
7076,181,7,181,9,350000.0,,1,3322,2024-12-12 15:59:34.193,
7077,115,2,115,7,396433.0,,1,7130,2024-12-12 16:06:31.543,
7078,171,5,171,7,140520.0,,1,7130,2024-12-12 17:45:23.583,
7079,38,4,38,7,119413.0,,1,7130,2024-12-12 17:46:18.880,
7080,156,13,156,7,300000.0,,1,3322,2024-12-13 11:51:26.860,
7081,65,14,65,7,34000.0,Budget movement request due to negative balance,1,8802,2024-12-13 14:25:03.877,
7082,65,4,65,7,400000.0,Budget movement request due to negative balance,1,8802,2024-12-13 14:26:11.503,
7083,65,3,65,7,100000.0,Budget movement request due to negative balance,1,8802,2024-12-13 14:29:32.007,
7084,65,3,65,7,100000.0,Budget movement request due to negative balance,1,8802,2024-12-13 14:30:38.523,
7085,27,10,27,7,2500000.0,,1,546,2024-12-13 15:02:25.810,
7086,163,3,163,13,100000.0,,1,3322,2024-12-16 11:08:48.990,
7087,103,3,103,10,100000.0,,1,3322,2024-12-16 11:11:59.637,
7088,52,3,52,10,268000.0,,1,3322,2024-12-16 11:13:07.340,
7089,52,2,52,10,200000.0,,1,3322,2024-12-16 11:26:44.040,
7090,156,3,29,7,3000000.0,For activity purpose,1,8617,2024-12-16 13:00:39.637,
7091,156,3,156,7,1000000.0,,1,8617,2024-12-16 13:04:43.733,
7092,156,3,156,7,1000000.0,,1,8617,2024-12-16 13:04:44.483,
7093,41,4,41,3,200000.0,internal budget transfer,1,8859,2024-12-16 14:46:01.397,
7094,115,3,115,9,200000.0,,1,3322,2024-12-16 15:23:33.923,
7095,186,2,186,3,50000.0,,1,2887,2024-12-16 17:23:06.263,
7096,1,3,1,10,150000.0,,1,9172,2024-12-16 19:01:47.220,
7097,1,3,1,7,150000.0,,1,9172,2024-12-16 19:02:05.707,
7098,103,1,103,13,149000.0,,1,7308,2024-12-16 22:34:00.970,
7099,103,2,103,13,137000.0,,1,7308,2024-12-16 22:35:28.377,
7100,103,10,103,13,100000.0,,1,7308,2024-12-16 22:37:38.913,
7101,163,1,163,13,284000.0,,1,7308,2024-12-16 22:38:56.223,
7102,11,10,11,7,38000.0,,1,7308,2024-12-16 22:39:48.970,
7103,11,9,11,7,69000.0,,1,7308,2024-12-16 22:40:18.270,
7104,11,1,11,7,212000.0,,1,7308,2024-12-16 22:40:45.387,
7105,11,2,11,7,139000.0,,1,7308,2024-12-16 22:41:04.407,
7106,130,10,130,7,200000.0,budget movement request due to negative balance,1,1196,2024-12-17 02:26:12.483,
7107,111,14,111,7,1000000.0,Budget transfer for activity relevant G/L,1,2718,2024-12-17 09:47:08.347,
7108,156,8,156,7,4000000.0,,1,8617,2024-12-17 09:50:24.573,
7109,114,10,114,8,200000.0,,1,2755,2024-12-17 10:50:30.313,
7110,65,4,65,7,100000.0,Budget movement request due to negative balance,1,8802,2024-12-17 11:54:54.453,
7111,65,4,65,7,400000.0,Budget movement request due to negative balance,1,8802,2024-12-17 11:56:29.797,
7112,1,3,1,5,111000.0,,1,9172,2024-12-17 12:15:09.270,
7113,14,7,14,5,60000.0,,1,9172,2024-12-17 12:17:07.310,
7114,14,13,14,5,42000.0,,1,9172,2024-12-17 12:17:51.123,
7115,1,3,1,5,100000.0,,1,9172,2024-12-17 12:21:16.297,
7116,1,3,1,5,150000.0,,1,9172,2024-12-17 12:24:04.910,
7117,1,3,1,10,200000.0,,1,9172,2024-12-17 14:39:59.013,
7118,28,2,28,7,200000.0,,1,3322,2024-12-18 11:19:18.483,
7119,28,2,28,13,35000.0,,1,3322,2024-12-18 11:40:51.687,
7120,28,2,28,13,350000.0,,1,3322,2024-12-18 11:41:08.270,
7121,1,3,1,2,85000.0,,1,9172,2024-12-18 11:45:22.530,
7122,104,1,104,8,170000.0,,1,3322,2024-12-18 11:53:26.847,
7123,104,9,104,8,100000.0,,1,3322,2024-12-18 11:54:32.267,
7124,65,9,65,8,200000.0,,1,3322,2024-12-18 12:44:27.510,
7125,181,6,181,4,100000.0,,1,9374,2024-12-18 13:03:41.523,
7126,41,14,41,13,75000.0,,1,3043,2024-12-18 13:08:54.347,
7127,41,4,41,14,60000.0,internal budget transfer,1,8859,2024-12-18 14:56:59.753,
7128,65,9,65,13,300000.0,,1,3322,2024-12-18 15:25:59.823,
7129,38,8,38,1,118570.0,,1,7130,2024-12-18 15:31:17.337,
7130,128,6,128,3,125000.0,,1,7363,2024-12-18 16:37:50.497,
7131,2,7,2,3,200000.0,,1,5660,2024-12-19 09:13:15.770,
7132,1,3,14,7,350000.0,,1,9172,2024-12-19 10:37:37.693,
7133,2,14,2,2,350000.0,Amount for Adfolic Gloves,1,9111,2024-12-19 10:41:46.337,
7134,112,7,112,9,150000.0,,1,3322,2024-12-19 10:44:17.857,
7135,128,5,128,1,41693.0,,1,7130,2024-12-19 15:14:43.093,
7136,62,7,62,9,355000.0,,1,8858,2024-12-19 16:22:34.993,
7137,62,7,62,13,316000.0,,1,8858,2024-12-19 16:25:54.747,
7138,111,10,111,7,500000.0,Budget transfer for activity relevant G/L,1,2718,2024-12-19 18:34:30.123,
7139,37,10,37,7,38000.0,,1,7411,2024-12-19 22:44:20.117,
7140,28,5,28,7,200000.0,,1,5618,2024-12-20 10:01:03.543,
7141,53,2,53,8,200000.0,,1,3322,2024-12-20 10:31:56.390,
7142,27,7,27,13,400000.0,,1,3322,2024-12-20 15:24:39.027,
7143,49,8,49,13,500000.0,,1,3322,2024-12-20 15:27:47.607,
7144,130,10,130,13,350000.0,,1,3322,2024-12-20 15:32:00.480,
7145,156,3,156,9,200000.0,,1,3322,2024-12-20 15:35:15.867,
7146,9,4,9,7,106574.0,,1,7130,2024-12-20 15:40:38.590,
7147,112,3,112,9,300000.0,,1,3322,2024-12-20 15:41:50.760,
7148,9,7,9,3,57004.0,,1,7130,2024-12-20 15:45:43.383,
7149,9,8,9,3,30000.0,,1,7130,2024-12-20 15:46:16.550,
7150,9,8,9,7,20000.0,,1,7130,2024-12-20 15:47:26.503,
7151,9,8,9,3,50000.0,,1,7130,2024-12-20 15:47:51.427,
7152,28,5,28,7,351873.0,,1,5618,2024-12-20 17:21:57.283,
7153,28,5,28,7,1000.0,,1,5618,2024-12-20 17:23:25.257,
7154,28,14,28,7,350000.0,,1,3322,2024-12-23 10:30:32.423,
7155,28,14,28,9,250000.0,,1,3322,2024-12-23 10:39:19.650,
7156,13,10,13,7,150000.0,,1,2755,2024-12-23 12:22:27.300,
7157,13,10,13,7,100000.0,,1,2755,2024-12-23 12:24:39.357,
7158,149,1,149,3,20000.0,,1,5618,2024-12-23 12:34:46.743,
7159,41,3,41,13,160000.0,,1,3322,2024-12-23 12:36:41.103,
7160,104,10,104,9,60000.0,,1,3322,2024-12-23 12:38:49.083,
7161,215,4,215,7,107000.0,,1,3358,2024-12-23 12:50:53.100,
7162,130,4,130,7,250000.0,,1,2073,2024-12-23 12:54:08.927,
7163,115,6,115,13,300000.0,,1,3322,2024-12-23 12:54:42.873,
7164,130,10,130,7,250000.0,,1,2073,2024-12-23 12:54:45.333,
7165,115,8,115,10,100000.0,,1,3322,2024-12-23 13:15:01.420,
7166,158,13,158,2,90000.0,,1,2073,2024-12-23 15:14:57.227,
7167,111,10,111,7,500000.0,Budget transfer for activity relevant G/L,1,2718,2024-12-23 15:49:24.143,
7168,186,14,186,3,250000.0,,1,7411,2024-12-23 20:27:51.477,
7169,41,4,41,14,50000.0,,1,3043,2024-12-24 10:47:49.760,
7170,37,13,37,8,100000.0,,1,7411,2024-12-24 11:07:41.630,
7171,41,4,29,7,500000.0,internal budget transfer,1,8859,2024-12-24 12:08:53.377,
7172,149,1,149,7,50000.0,,1,8803,2024-12-24 13:15:43.563,
7173,2,6,2,2,250000.0,,1,9111,2024-12-24 15:50:24.163,
7174,2,6,2,2,40000.0,,1,9111,2024-12-24 15:51:33.567,
7175,155,2,155,7,1200000.0,We use social Cultural head for FLI amounts very frequently.,1,2112,2024-12-24 16:37:04.620,
7176,156,3,156,7,1000000.0,,1,8617,2024-12-24 18:07:36.507,
7177,156,3,156,7,500000.0,,1,8617,2024-12-24 18:29:41.057,
7178,156,3,156,7,200000.0,,1,8617,2024-12-24 18:30:16.737,
7179,111,10,111,7,500000.0,Budget transfer for activity relevant G/L,1,2718,2024-12-25 20:06:47.617,
7180,156,13,156,7,2000000.0,,1,8617,2024-12-26 12:15:02.577,
7181,28,3,28,13,300000.0,,1,3322,2024-12-26 12:27:39.493,
7182,149,1,149,9,250000.0,,1,3322,2024-12-26 12:43:27.803,
7183,16,8,16,7,250000.0,,1,3322,2024-12-26 14:38:36.300,
7184,27,14,27,13,300000.0,,1,3322,2024-12-26 14:44:51.197,
7185,2,10,2,13,300000.0,,1,9111,2024-12-26 17:21:55.113,
7186,156,2,156,8,350000.0,,1,3322,2024-12-26 17:35:23.563,
7187,149,1,149,7,100000.0,,1,8803,2024-12-27 10:57:39.040,
7188,38,3,38,7,50000.0,,1,2091,2024-12-27 12:04:05.337,
7189,27,10,27,7,2000000.0,,1,546,2024-12-27 12:46:51.193,
7190,27,10,27,13,1000000.0,,1,546,2024-12-27 12:47:42.063,
7191,27,13,27,9,1000000.0,,1,546,2024-12-27 12:48:26.127,
7192,186,4,186,8,500000.0,,1,7411,2024-12-27 16:08:39.387,
7193,186,2,186,3,500000.0,,1,7411,2024-12-27 16:09:54.763,
7194,2,4,2,13,40000.0,,1,9111,2024-12-27 16:35:24.590,
7195,112,4,112,13,20000.0,,1,9111,2024-12-27 16:38:04.113,
7196,50,14,50,13,50000.0,,1,9111,2024-12-27 16:38:34.333,
7197,2,3,57,13,40000.0,,1,9111,2024-12-27 16:43:55.327,
7198,28,14,28,7,50000.0,,1,8803,2024-12-30 11:27:43.460,
7199,156,14,156,7,400000.0,,1,3322,2024-12-30 16:43:39.643,
7200,156,13,156,7,1000000.0,,1,8617,2024-12-30 20:29:42.470,
7201,156,14,156,7,1000000.0,,1,8617,2024-12-30 20:30:18.933,
7202,181,10,181,13,200000.0,,1,3322,2025-01-01 11:31:19.657,
7203,61,194,181,13,328003.0,,1,9374,2025-01-01 11:37:09.190,
7204,181,194,181,13,55883.0,,1,9374,2025-01-01 11:38:21.860,
7205,55,194,181,13,68498.0,,1,9374,2025-01-01 11:39:32.913,
7206,55,7,181,13,943060.0,,1,9374,2025-01-01 11:41:24.230,
7207,180,13,181,13,57760.0,,1,9374,2025-01-01 11:42:10.227,
7208,180,14,181,13,52630.0,,1,9374,2025-01-01 11:42:41.083,
7209,183,194,181,13,73009.0,,1,9374,2025-01-01 11:43:38.980,
7210,183,13,181,13,139100.0,,1,9374,2025-01-01 11:44:05.460,
7211,183,1,181,13,88000.0,,1,9374,2025-01-01 11:44:42.173,
7212,183,2,181,13,79800.0,,1,9374,2025-01-01 11:45:03.643,
7213,183,9,181,13,76200.0,,1,9374,2025-01-01 11:45:32.810,
7214,183,7,181,13,108900.0,,1,9374,2025-01-01 11:46:04.897,
7215,183,10,181,13,39100.0,,1,9374,2025-01-01 11:46:26.087,
7216,183,3,181,13,39100.0,,1,9374,2025-01-01 11:46:52.017,
7217,21,3,21,7,200000.0,,1,3322,2025-01-01 12:38:50.130,
7218,21,8,21,7,200000.0,,1,3322,2025-01-01 12:39:38.380,
7219,21,10,21,7,200000.0,,1,3322,2025-01-01 12:40:23.697,
7220,20,1,20,7,400000.0,,1,7308,2025-01-01 16:15:32.290,
7221,20,8,20,7,200000.0,,1,7308,2025-01-01 16:16:44.960,
7222,156,9,156,7,200000.0,,1,8617,2025-01-01 16:26:53.507,
7223,156,8,156,7,200000.0,,1,8617,2025-01-01 16:27:32.523,
7224,102,10,102,7,365000.0,,1,2073,2025-01-01 17:48:13.543,
7225,181,10,181,13,100000.0,,1,3322,2025-01-02 10:45:29.173,
7226,181,13,181,9,350000.0,,1,3322,2025-01-03 11:09:44.067,
7227,65,14,65,7,300000.0,,1,3322,2025-01-03 15:11:25.933,
7228,65,14,65,7,250000.0,,1,3322,2025-01-03 15:12:18.797,
7229,15,1,15,2,419000.0,,1,812,2025-01-03 16:05:02.080,
7230,15,13,15,2,529000.0,,1,812,2025-01-03 16:05:23.590,
7231,15,4,15,2,300000.0,,1,812,2025-01-03 16:05:53.070,
7232,15,2,15,14,1600000.0,,1,812,2025-01-03 16:08:44.577,
7233,111,10,111,7,700000.0,Budget transfer for activity relevant G/L,1,2718,2025-01-03 16:52:48.197,
7234,115,14,115,7,154366.0,,1,7130,2025-01-06 11:00:48.767,
7235,115,8,115,7,287657.0,,1,7130,2025-01-06 11:01:30.253,
7236,130,1,130,7,188000.0,budget movement request due to negative balance,1,1196,2025-01-06 11:48:22.983,
7237,29,3,29,7,339000.0,internal budget transfer,1,8859,2025-01-06 12:44:52.160,
7238,-1,245,-1,215,700000.0,Budget trasfer,1,1,2025-01-06 12:45:24.647,
7239,52,9,52,10,300000.0,,1,3322,2025-01-06 14:41:19.800,
7240,163,7,163,10,300000.0,,1,3322,2025-01-06 14:42:38.073,
7241,52,9,52,10,80000.0,,1,3322,2025-01-06 14:44:25.327,
7242,215,2,215,13,400000.0,,1,3322,2025-01-06 14:50:03.497,
7243,102,8,102,10,100000.0,,1,3322,2025-01-06 14:55:46.017,
7244,22,14,22,9,250000.0,,1,3322,2025-01-06 14:57:14.783,
7245,1,3,1,10,30000.0,,1,9172,2025-01-06 14:59:27.763,
7246,1,3,1,10,50000.0,,1,9172,2025-01-06 15:00:03.873,
7247,15,8,15,13,400000.0,,1,3322,2025-01-06 15:01:07.287,
7248,14,7,14,9,60000.0,,1,9172,2025-01-06 15:01:19.830,
7249,158,10,158,3,900000.0,budget movement request due to negative balance,1,1196,2025-01-06 15:11:35.143,
7250,21,13,21,7,265000.0,,1,1567,2025-01-06 15:18:13.167,
7251,131,194,131,7,119567.0,,1,8803,2025-01-06 15:26:34.407,
7252,149,194,149,7,61000.0,,1,8803,2025-01-06 15:27:39.140,
7253,104,3,104,9,300000.0,,1,3322,2025-01-06 15:35:50.230,
7254,12,14,12,9,100000.0,,1,3322,2025-01-06 15:40:23.893,
7255,114,1,114,9,300000.0,,1,3322,2025-01-06 15:42:39.507,
7256,15,8,15,7,500000.0,,1,812,2025-01-06 19:06:43.353,
7257,156,3,156,7,500000.0,,1,8617,2025-01-06 20:53:53.887,
7258,156,5,156,7,500000.0,,1,8617,2025-01-06 20:54:08.310,
7259,156,13,156,7,1000000.0,,1,8617,2025-01-06 20:58:08.890,
7260,156,14,156,7,400000.0,,1,8617,2025-01-06 20:58:49.557,
7261,156,3,156,9,600000.0,,1,3322,2025-01-07 10:13:46.647,
7262,181,13,181,237,4000.0,,1,9374,2025-01-07 10:34:04.880,
7263,41,1,41,6,200000.0,internal budget transfer,1,8859,2025-01-07 10:39:01.227,
7264,181,13,181,10,200000.0,,1,3322,2025-01-07 11:33:48.543,
7265,41,4,41,7,1200000.0,internal budget transfer,1,8859,2025-01-07 15:38:02.873,
7266,111,3,111,7,500000.0,,1,8617,2025-01-08 10:33:45.423,
7267,111,3,111,126,100000.0,,1,8617,2025-01-08 10:34:22.357,
7268,53,4,53,7,257264.0,,1,7130,2025-01-08 11:20:03.003,
7269,53,1,53,7,200000.0,,1,7130,2025-01-08 11:20:23.993,
7270,9,14,9,7,295551.0,,1,7130,2025-01-08 11:22:45.583,
7271,9,5,9,7,100000.0,,1,7130,2025-01-08 11:23:10.547,
7272,52,9,52,10,250000.0,,1,3358,2025-01-08 11:47:38.060,
7273,52,9,52,7,200000.0,,1,3358,2025-01-08 11:47:49.940,
7274,29,10,29,7,331000.0,internal budget transfer,1,8859,2025-01-08 13:44:15.447,
7275,215,7,215,13,96000.0,,1,3358,2025-01-08 15:51:49.317,
7276,3,10,3,7,250000.0,,1,2755,2025-01-08 16:51:36.780,
7277,3,10,3,7,250000.0,,1,2755,2025-01-08 16:52:15.460,
7278,178,2,178,7,168000.0,,1,5660,2025-01-08 17:47:07.493,
7279,178,13,178,7,162000.0,,1,5660,2025-01-08 17:47:40.260,
7280,41,10,41,14,250000.0,internal budget transfer,1,8859,2025-01-08 18:41:02.830,
7281,28,2,28,7,300000.0,,1,3322,2025-01-09 11:43:00.623,
7282,163,8,163,13,100000.0,,1,7308,2025-01-09 15:13:51.647,
7283,163,10,163,13,165000.0,,1,7308,2025-01-09 15:16:12.070,
7284,163,9,163,13,94000.0,,1,7308,2025-01-09 15:16:44.863,
7285,163,3,163,13,39000.0,,1,7308,2025-01-09 15:17:10.363,
7286,163,1,163,13,23000.0,,1,7308,2025-01-09 15:17:33.100,
7287,103,3,103,7,258000.0,,1,7308,2025-01-09 15:18:32.340,
7288,52,9,52,10,400000.0,,1,7308,2025-01-09 15:26:04.327,
7289,163,7,163,13,200000.0,,1,7308,2025-01-09 15:37:43.070,
7290,37,7,37,8,200000.0,,1,7411,2025-01-09 16:45:18.103,
7291,37,9,37,8,100000.0,,1,7411,2025-01-09 16:45:41.987,
7292,37,10,37,8,100000.0,,1,7411,2025-01-09 16:46:00.637,
7293,146,14,146,8,530000.0,,1,7411,2025-01-09 16:47:48.793,
7294,146,10,146,8,300000.0,,1,7411,2025-01-09 16:48:11.247,
7295,142,10,142,8,1100000.0,,1,7411,2025-01-09 16:49:56.407,
7296,142,10,142,8,100000.0,,1,7411,2025-01-09 16:51:03.187,
7297,146,8,146,1,600000.0,,1,7411,2025-01-09 16:53:44.963,
7298,50,10,50,7,500000.0,,1,5660,2025-01-09 17:29:36.600,
7299,2,10,2,3,200000.0,,1,5660,2025-01-09 17:36:42.487,
7300,37,8,37,7,450000.0,,1,7411,2025-01-10 11:52:53.987,
7301,181,13,181,7,50000.0,,1,6131,2025-01-11 10:10:39.423,
7302,181,13,181,7,25000.0,,1,6131,2025-01-11 10:12:05.843,
7303,11,7,11,13,400000.0,,1,3322,2025-01-13 11:58:37.590,
7304,181,13,181,9,200000.0,,1,3322,2025-01-13 12:39:21.430,
7305,9,3,9,13,300000.0,,1,3322,2025-01-14 11:38:15.690,
7306,27,10,27,7,1500000.0,,1,546,2025-01-14 11:52:12.677,
7307,27,14,27,13,600000.0,,1,546,2025-01-14 11:52:57.600,
7308,181,13,181,7,100000.0,,1,9374,2025-01-14 12:31:59.983,
7309,146,3,146,7,180000.0,,1,7411,2025-01-14 14:53:22.310,
7310,146,9,146,7,200000.0,,1,7411,2025-01-14 14:53:44.273,
7311,142,9,142,5,388000.0,,1,7411,2025-01-14 14:55:27.650,
7312,215,14,215,7,100000.0,,1,3358,2025-01-14 15:47:11.567,
7313,41,6,41,13,70000.0,,1,3043,2025-01-15 09:58:04.190,
7314,41,1,41,13,53000.0,,1,3043,2025-01-15 10:00:52.343,
7315,41,14,41,13,180000.0,,1,3043,2025-01-15 10:01:28.417,
7316,41,9,41,13,149000.0,,1,3043,2025-01-15 10:01:56.927,
7317,41,8,41,13,30000.0,,1,3043,2025-01-15 10:02:59.527,
7318,181,13,181,126,4000.0,,1,6131,2025-01-15 10:14:57.687,
7319,41,3,41,7,594000.0,,1,3043,2025-01-15 10:16:17.590,
7320,41,10,41,7,180000.0,,1,3043,2025-01-15 10:17:00.387,
7321,41,4,41,7,14000.0,,1,3043,2025-01-15 10:19:15.280,
7322,41,5,41,7,16000.0,,1,3043,2025-01-15 10:20:10.887,
7323,181,13,181,1,33000.0,,1,6131,2025-01-15 10:20:55.013,
7324,181,13,181,126,35000.0,,1,6131,2025-01-15 10:27:37.053,
7325,102,13,102,7,300000.0,,1,3852,2025-01-15 11:27:21.857,
7326,20,14,11,13,400000.0,,1,7308,2025-01-15 11:53:52.260,
7327,52,10,52,9,370000.0,,1,7308,2025-01-15 12:17:38.240,
7328,102,3,102,9,150000.0,,1,3322,2025-01-15 12:34:12.040,
7329,102,1,102,8,200000.0,,1,3852,2025-01-15 12:47:10.970,
7330,22,194,149,7,1000000.0,As per commitment with Team Warriors,1,3852,2025-01-15 13:32:33.150,
7331,142,14,142,8,536000.0,,1,3322,2025-01-15 15:30:40.880,
7332,142,2,142,8,455000.0,,1,3322,2025-01-15 16:01:47.980,
7333,146,7,146,13,493000.0,,1,3322,2025-01-15 16:08:14.190,
7334,215,4,215,10,35000.0,,1,3358,2025-01-15 16:30:13.880,
7335,186,3,186,13,200000.0,,1,3322,2025-01-15 17:12:44.817,
7336,186,1,186,13,200000.0,,1,3322,2025-01-15 17:53:39.910,
7337,65,3,65,8,400000.0,,1,3322,2025-01-15 18:03:39.797,
7338,102,14,102,7,35000.0,,1,3322,2025-01-15 21:04:31.343,
7339,102,3,102,7,60000.0,,1,3322,2025-01-15 21:05:43.853,
7340,156,1,156,8,300000.0,,1,3322,2025-01-16 10:30:19.490,
7341,15,2,15,13,200000.0,,1,3322,2025-01-16 10:51:39.163,
7342,15,3,15,9,200000.0,,1,3322,2025-01-16 10:59:40.193,
7343,15,2,15,9,200000.0,,1,3322,2025-01-16 11:00:00.127,
7344,15,6,15,9,87000.0,,1,3322,2025-01-16 11:00:58.990,
7345,52,1,52,7,100000.0,,1,3358,2025-01-16 11:09:01.990,
7346,128,14,128,9,83387.0,,1,7130,2025-01-16 11:18:53.713,
7347,128,1,128,9,155715.0,,1,7130,2025-01-16 11:19:18.160,
7348,53,1,53,10,200000.0,,1,7130,2025-01-16 11:20:44.790,
7349,53,1,53,10,208534.0,,1,7130,2025-01-16 11:21:23.430,
7350,53,8,53,10,25000.0,,1,7130,2025-01-16 11:22:06.457,
7351,53,7,53,13,320338.0,,1,7130,2025-01-16 11:23:21.080,
7352,128,9,128,10,152352.0,,1,7130,2025-01-16 11:27:51.563,
7353,3,1,3,7,100000.0,,1,2755,2025-01-16 13:06:25.507,
7354,111,10,111,7,1000000.0,Budget transfer for activity relevant G/L,1,2718,2025-01-16 14:25:40.867,
7355,28,194,28,9,481500.0,,1,5618,2025-01-16 14:45:45.673,
7356,149,7,149,2,500000.0,,1,8803,2025-01-16 16:28:38.427,
7357,15,8,15,7,255900.0,,1,812,2025-01-17 12:04:47.093,
7358,15,10,15,7,146000.0,,1,812,2025-01-17 12:05:24.027,
7359,164,8,15,7,200000.0,,1,812,2025-01-17 12:07:11.967,
7360,20,2,20,10,300000.0,,1,3322,2025-01-17 12:51:28.070,
7361,4,10,4,3,400000.0,,1,1985,2025-01-17 14:25:34.607,
7362,158,9,158,3,350000.0,budget movement request due to negative balance,1,1196,2025-01-17 14:43:43.137,
7363,52,3,52,7,30000.0,,1,3358,2025-01-17 17:01:18.470,
7364,230,13,230,1,8000.0,,1,6131,2025-01-20 13:59:54.733,
7365,52,1,52,7,50000.0,,1,3358,2025-01-20 17:46:51.707,
7366,4,10,4,7,1000000.0,,1,1567,2025-01-20 21:43:10.037,
7367,4,15,4,13,1030000.0,,1,1567,2025-01-20 23:30:39.253,
7368,4,15,4,13,170000.0,,1,1567,2025-01-20 23:31:30.497,
7369,4,14,4,10,400000.0,,1,1567,2025-01-20 23:32:45.073,
7370,4,3,4,7,400000.0,,1,1567,2025-01-20 23:33:51.350,
7371,4,6,4,7,121000.0,,1,1567,2025-01-20 23:36:27.297,
7372,4,4,4,7,140000.0,,1,1567,2025-01-20 23:36:54.163,
7373,4,15,4,9,300000.0,,1,1567,2025-01-20 23:40:54.027,
7374,4,15,4,9,20000.0,,1,1567,2025-01-20 23:42:23.383,
7375,4,2,4,10,150000.0,,1,1567,2025-01-20 23:43:41.313,
7376,4,1,4,10,60000.0,,1,1567,2025-01-20 23:44:04.877,
7377,4,3,4,8,388000.0,,1,1567,2025-01-20 23:51:02.500,
7378,4,14,4,8,110000.0,,1,1567,2025-01-20 23:51:31.897,
7379,4,5,4,8,150000.0,,1,1567,2025-01-20 23:51:56.747,
7380,4,15,4,8,28000.0,,1,1567,2025-01-20 23:52:21.800,
7381,4,1,4,8,73000.0,,1,1567,2025-01-20 23:52:40.630,
7382,3,10,3,7,250000.0,,1,2755,2025-01-21 09:33:05.267,
7383,13,13,13,3,350000.0,,1,2755,2025-01-21 09:36:03.290,
7384,222,4,222,3,1400000.0,,1,7411,2025-01-21 10:50:30.327,
7385,222,10,222,8,400000.0,,1,7411,2025-01-21 11:32:13.993,
7386,222,9,222,13,1300000.0,,1,7411,2025-01-21 11:58:37.880,
7387,230,13,230,3,60000.0,,1,6131,2025-01-21 13:21:04.620,
7388,2,14,2,3,100000.0,,1,9111,2025-01-21 13:26:11.517,
7389,9,14,9,3,463476.0,,1,7130,2025-01-21 16:30:12.287,
7390,9,5,9,3,390342.0,,1,7130,2025-01-21 16:30:53.450,
7391,102,13,102,8,500000.0,,1,3322,2025-01-21 16:33:02.683,
7392,65,14,65,8,1200000.0,budget movement request due to negative balance,1,1196,2025-01-22 12:25:37.277,
7393,65,9,65,7,1000000.0,budget movement request due to negative balance,1,1196,2025-01-22 12:26:39.403,
7394,41,3,41,8,150000.0,,1,3322,2025-01-22 13:02:15.130,
7395,27,10,27,7,1300000.0,,1,546,2025-01-22 13:13:04.457,
7396,183,9,183,7,152000.0,,1,3322,2025-01-22 13:16:42.847,
7397,183,3,183,7,121000.0,,1,3322,2025-01-22 13:17:10.353,
7398,183,2,183,7,139000.0,,1,3322,2025-01-22 13:18:00.817,
7399,183,10,183,7,100000.0,,1,3322,2025-01-22 13:18:48.103,
7400,230,10,230,7,800000.0,,1,3322,2025-01-22 13:20:14.960,
7401,142,14,142,7,800000.0,,1,7411,2025-01-22 14:50:16.513,
7402,146,14,146,8,600000.0,,1,7411,2025-01-22 14:51:01.397,
7403,146,14,146,3,490000.0,,1,7411,2025-01-22 14:51:34.500,
7404,146,13,146,7,600000.0,,1,7411,2025-01-22 14:52:21.987,
7405,28,5,28,13,450000.0,,1,3322,2025-01-22 16:07:17.983,
7406,41,5,41,7,750000.0,,1,3043,2025-01-22 17:04:20.903,
7407,112,7,112,9,300000.0,,1,3322,2025-01-23 11:03:46.753,
7408,28,1,28,13,300000.0,,1,3322,2025-01-23 11:17:08.583,
7409,115,7,115,10,350000.0,,1,3322,2025-01-23 11:42:35.013,
7410,230,10,230,3,600000.0,,1,9374,2025-01-23 12:00:43.180,
7411,4,13,4,9,350000.0,,1,3322,2025-01-23 12:23:41.057,
7412,146,7,146,2,227500.0,,1,2887,2025-01-23 16:40:38.847,
7413,52,9,52,8,300000.0,,1,3358,2025-01-23 17:47:29.927,
7414,52,9,52,7,500000.0,,1,3358,2025-01-23 17:48:16.203,
7415,215,14,215,8,200000.0,,1,3358,2025-01-23 17:48:50.427,
7416,215,2,215,8,40000.0,,1,3358,2025-01-23 17:49:13.317,
7417,2,6,2,3,100000.0,,1,9111,2025-01-23 17:59:24.590,
7418,65,7,65,13,500000.0,,1,2073,2025-01-23 18:20:55.700,
7419,102,10,102,13,500000.0,,1,2073,2025-01-23 18:22:27.860,
7420,104,1,104,10,74600.0,,1,8620,2025-01-23 18:39:18.687,
7421,104,8,104,10,49000.0,,1,8620,2025-01-23 18:39:59.507,
7422,104,4,104,10,911.0,,1,8620,2025-01-23 18:40:28.450,
7423,104,10,104,13,500000.0,,1,8620,2025-01-23 18:42:46.400,
7424,104,3,104,13,500000.0,,1,8620,2025-01-23 18:43:08.480,
7425,114,10,114,8,290000.0,,1,2755,2025-01-24 07:17:21.620,
7426,114,10,114,3,120000.0,,1,2755,2025-01-24 07:25:18.067,
7427,65,4,65,7,100212.0,Budget movement due to negative balance,1,8802,2025-01-24 10:01:58.790,
7428,65,194,65,7,200000.0,Budget movement due to negative balance,1,8802,2025-01-24 10:02:58.333,
7429,65,15,65,7,57701.0,Budget movement due to negative balance,1,8802,2025-01-24 10:04:01.313,
7430,65,9,65,7,455000.0,budget movement request due to negative balance,1,1196,2025-01-24 10:19:35.680,
7431,65,5,65,7,195000.0,budget movement request due to negative balance,1,1196,2025-01-24 10:20:41.710,
7432,20,7,20,13,500000.0,,1,3358,2025-01-24 10:45:01.137,
7433,11,13,11,9,50000.0,,1,3358,2025-01-24 10:48:29.043,
7434,163,13,163,9,100000.0,,1,3358,2025-01-24 10:49:41.253,
7435,42,7,42,13,300000.0,,1,9172,2025-01-24 10:57:03.927,
7436,42,7,42,10,47000.0,,1,9172,2025-01-24 10:57:39.310,
7437,1,7,1,13,45000.0,,1,9172,2025-01-24 10:58:04.190,
7438,1,7,1,13,300000.0,,1,9172,2025-01-24 10:58:21.447,
7439,1,7,1,13,100000.0,,1,9172,2025-01-24 10:58:38.493,
7440,65,8,65,7,900000.0,budget movement request due to negative balance,1,1196,2025-01-24 12:12:05.307,
7441,102,3,102,9,250000.0,,1,3322,2025-01-24 12:13:27.610,
7442,2,194,2,2,337237.0,,1,9111,2025-01-24 12:29:53.693,
7443,112,194,112,14,122396.0,,1,9111,2025-01-24 12:30:46.223,
7444,50,194,50,3,295804.0,,1,9111,2025-01-24 12:31:18.023,
7445,2,13,2,2,700000.0,,1,5660,2025-01-24 12:32:51.833,
7446,102,1,102,4,50000.0,,1,3852,2025-01-24 15:16:10.673,
7447,102,7,102,13,200000.0,,1,3852,2025-01-24 15:19:21.087,
7448,102,7,102,13,400000.0,,1,3852,2025-01-24 15:27:25.803,
7449,102,7,102,8,400000.0,,1,3852,2025-01-24 15:30:01.347,
7450,102,7,102,8,150000.0,,1,3852,2025-01-24 15:31:52.983,
7451,102,7,102,8,200000.0,,1,3852,2025-01-24 15:35:10.947,
7452,20,13,20,3,465000.0,,1,3358,2025-01-24 15:44:19.953,
7453,20,9,20,3,700000.0,,1,3358,2025-01-24 15:45:16.950,
7454,20,8,20,3,300000.0,,1,3358,2025-01-24 15:45:35.577,
7455,111,10,111,7,2000000.0,Budget transfer for activity relevant G/L,1,2718,2025-01-24 16:37:09.413,
7456,111,1,111,7,500000.0,Budget transfer for activity relevant G/L,1,2718,2025-01-24 16:37:38.060,
7457,215,2,215,13,350000.0,,1,3322,2025-01-24 16:39:18.777,
7458,215,4,215,13,116000.0,,1,3322,2025-01-24 16:40:02.273,
7459,215,7,215,13,100000.0,,1,3322,2025-01-24 16:40:32.010,
7460,52,9,52,10,200000.0,,1,3322,2025-01-24 16:58:31.367,
7461,52,7,52,10,400000.0,,1,3322,2025-01-24 17:10:51.747,
7462,151,7,151,13,200000.0,Budget transfer for activity relevant G/L,1,2718,2025-01-24 18:41:35.683,
7463,41,5,41,7,1000000.0,internal budget transfer,1,8859,2025-01-27 05:07:27.753,
7464,41,10,41,7,700000.0,internal budget transfer,1,8859,2025-01-27 05:09:10.463,
7465,4,8,4,14,250000.0,,1,7362,2025-01-27 11:15:11.077,
7466,4,10,4,7,52172.0,,1,7362,2025-01-27 11:26:51.847,
7467,4,13,4,7,110337.0,,1,7362,2025-01-27 11:27:24.837,
7468,4,14,4,7,250000.0,,1,7362,2025-01-27 11:29:05.373,
7469,102,8,102,10,400000.0,,1,3852,2025-01-27 13:08:16.877,
7470,4,194,4,14,4000000.0,,1,1567,2025-01-27 13:12:58.180,
7471,104,13,104,10,100000.0,,1,8859,2025-01-27 13:48:05.253,
7472,41,4,41,7,200000.0,internal budget transfer,1,8859,2025-01-27 14:35:23.157,
7473,49,14,49,5,200000.0,,1,1912,2025-01-27 15:19:32.870,
7474,102,13,102,8,85000.0,,1,3852,2025-01-27 15:29:11.783,
7475,102,10,102,7,150000.0,,1,3852,2025-01-27 17:13:28.907,
7476,4,14,4,7,300000.0,,1,1567,2025-01-27 17:19:30.947,
7477,3,7,3,9,270000.0,,1,9702,2025-01-27 17:41:51.933,
7478,114,14,114,9,230000.0,,1,9702,2025-01-27 17:44:20.757,
7479,4,14,4,8,1185000.0,,1,1567,2025-01-27 17:45:09.707,
7480,4,14,4,7,250000.0,,1,1567,2025-01-27 17:46:14.117,
7481,4,14,4,13,150000.0,,1,1567,2025-01-27 17:46:44.483,
7482,4,14,4,7,360000.0,,1,1567,2025-01-27 17:47:15.890,
7483,4,14,4,10,150000.0,,1,1567,2025-01-27 17:47:38.490,
7484,4,14,4,10,166000.0,,1,1567,2025-01-27 17:48:19.967,
7485,4,14,4,7,150000.0,,1,1567,2025-01-27 17:48:44.380,
7486,4,14,4,13,800000.0,,1,1567,2025-01-27 18:04:38.093,
7487,102,3,102,13,160000.0,,1,3322,2025-01-27 19:19:26.633,
7488,102,7,102,9,190000.0,,1,3322,2025-01-27 19:22:44.273,
7489,102,10,102,13,20000.0,,1,3852,2025-01-28 09:06:18.837,
7490,102,13,102,7,180000.0,,1,3852,2025-01-28 09:07:55.670,
7491,102,9,102,7,158000.0,,1,3852,2025-01-28 09:18:11.780,
7492,102,8,102,1,108000.0,,1,3852,2025-01-28 09:19:06.497,
7493,230,5,230,7,200000.0,,1,3322,2025-01-28 11:25:03.527,
7494,230,3,230,7,100000.0,,1,3322,2025-01-28 11:25:52.747,
7495,22,194,150,7,4850000.0,,1,3852,2025-01-28 12:25:08.710,
7496,52,9,20,13,600000.0,,1,7308,2025-01-28 12:27:20.260,
7497,52,7,20,7,145000.0,,1,7308,2025-01-28 12:28:25.790,
7498,9,6,9,3,896439.0,,1,7130,2025-01-28 12:41:47.270,
7499,9,5,9,7,399999.0,,1,7130,2025-01-28 15:22:35.923,
7500,9,2,9,7,100000.0,,1,7130,2025-01-28 15:23:09.950,
7501,9,3,9,7,50000.0,,1,3322,2025-01-28 16:17:18.153,
7502,115,6,115,3,986382.0,,1,7130,2025-01-28 16:24:24.047,
7503,115,14,115,3,100281.0,,1,7130,2025-01-28 16:24:49.240,
7504,115,4,115,3,131732.0,,1,7130,2025-01-28 16:25:17.310,
7505,9,3,9,13,300000.0,,1,3322,2025-01-28 18:08:14.523,
7506,9,3,9,10,500000.0,,1,3322,2025-01-28 18:11:27.433,
7507,53,9,53,10,200000.0,,1,3322,2025-01-28 18:12:34.870,
7508,9,3,9,10,200000.0,,1,3322,2025-01-28 18:13:41.790,
7509,150,7,150,8,1000000.0,,1,3852,2025-01-29 12:10:28.460,
7510,150,7,150,10,50000.0,,1,3852,2025-01-29 12:15:28.637,
7511,150,7,150,13,50000.0,,1,3852,2025-01-29 12:15:42.827,
7512,142,13,142,7,50000.0,,1,3322,2025-01-29 14:01:37.260,
7513,104,194,41,7,1800000.0,,1,3043,2025-01-29 14:52:00.607,
7514,29,194,41,4,2445000.0,,1,3043,2025-01-29 14:53:34.190,
7515,41,194,41,2,940000.0,,1,3043,2025-01-29 14:54:45.060,
7516,4,14,4,7,344000.0,,1,1985,2025-01-29 15:00:13.067,
7517,181,7,181,9,300000.0,,1,3322,2025-01-29 15:06:18.253,
7518,2,10,2,7,240000.0,,1,5660,2025-01-29 15:10:35.437,
7519,2,6,2,7,290000.0,,1,5660,2025-01-29 15:10:58.913,
7520,50,10,50,7,1000000.0,,1,5660,2025-01-29 15:12:05.240,
7521,181,7,181,10,300000.0,,1,3322,2025-01-29 15:14:33.130,
7522,181,7,181,10,300000.0,,1,3322,2025-01-29 15:15:18.707,
7523,163,194,103,7,200000.0,,1,7308,2025-01-29 15:38:24.077,
7524,52,194,103,7,900000.0,,1,7308,2025-01-29 15:39:32.360,
7525,215,194,103,13,595000.0,,1,7308,2025-01-29 15:41:20.463,
7526,20,194,103,13,578000.0,,1,7308,2025-01-29 15:42:46.200,
7527,52,194,103,13,91000.0,,1,7308,2025-01-29 15:52:51.590,
7528,215,194,103,7,212000.0,,1,7308,2025-01-29 15:53:26.527,
7529,52,9,103,13,1200000.0,,1,7308,2025-01-29 16:05:26.300,
7530,52,10,103,7,300000.0,,1,7308,2025-01-29 16:06:34.317,
7531,52,8,103,13,55000.0,,1,7308,2025-01-29 16:07:06.667,
7532,11,13,103,7,45000.0,,1,7308,2025-01-29 16:08:28.157,
7533,11,9,103,13,43000.0,,1,7308,2025-01-29 16:08:51.973,
7534,11,194,103,7,595000.0,,1,7308,2025-01-29 16:09:52.497,
7535,20,14,103,7,210000.0,,1,7308,2025-01-29 16:10:39.813,
7536,20,8,103,8,35000.0,,1,7308,2025-01-29 16:11:05.427,
7537,20,4,103,8,57000.0,,1,7308,2025-01-29 16:11:45.213,
7538,51,194,27,13,600000.0,,1,546,2025-01-29 18:09:28.430,
7539,27,194,27,10,800000.0,,1,546,2025-01-29 18:16:12.553,
7540,20,7,103,7,300000.0,,1,7308,2025-01-29 19:57:09.913,
7541,42,3,42,13,300000.0,,1,9172,2025-01-30 06:37:08.490,
7542,146,13,146,7,220000.0,,1,2887,2025-01-30 09:41:42.707,
7543,103,13,103,10,500000.0,,1,3322,2025-01-30 09:53:14.707,
7544,103,13,103,8,300000.0,,1,3322,2025-01-30 09:56:14.237,
7545,150,7,150,8,1000000.0,,1,3852,2025-01-30 12:23:41.887,
7546,150,8,150,13,300000.0,,1,3852,2025-01-30 12:39:22.333,
7547,24,194,27,13,1100000.0,,1,7413,2025-01-30 13:59:48.400,
7548,174,14,174,1,110000.0,,1,8858,2025-01-30 14:19:56.360,
7549,35,7,35,1,241000.0,,1,8858,2025-01-30 14:23:36.567,
7550,49,194,27,13,500000.0,,1,7413,2025-01-30 14:56:07.553,
7551,9,8,9,7,500000.0,,1,3322,2025-01-30 15:00:57.907,
7552,128,14,128,3,166774.0,,1,7130,2025-01-30 18:06:14.707,
7553,128,10,128,3,111641.0,,1,7130,2025-01-30 18:06:36.243,
7554,146,9,146,7,400000.0,,1,3322,2025-01-30 18:08:17.270,
7555,148,10,148,7,325000.0,,1,5356,2025-01-30 18:16:47.273,
7556,41,4,41,10,200000.0,internal budget transfer,1,8859,2025-01-30 19:24:54.693,
7557,111,10,111,7,600000.0,Budget transfer for activity relevant G/L,1,2718,2025-01-31 10:42:07.643,
7558,115,8,115,10,400000.0,,1,3322,2025-01-31 11:09:28.460,
7559,115,8,115,10,50000.0,,1,3322,2025-01-31 11:10:09.437,
7560,103,7,103,9,150000.0,,1,7308,2025-01-31 11:21:44.447,
7561,115,9,115,13,200000.0,,1,3322,2025-01-31 11:53:33.023,
7562,115,9,115,13,100000.0,,1,3322,2025-01-31 11:54:53.807,
7563,9,4,9,10,300000.0,,1,3322,2025-01-31 12:11:12.283,
7564,53,8,53,10,293000.0,,1,3322,2025-01-31 12:12:07.670,
7565,150,7,150,8,500000.0,,1,3322,2025-01-31 12:38:53.037,
7566,28,10,28,3,200000.0,,1,5618,2025-01-31 12:43:18.190,
7567,152,194,28,3,70290.0,,1,5618,2025-01-31 13:01:09.177,
7568,150,7,150,9,300000.0,,1,3852,2025-01-31 16:21:14.880,
7569,150,7,150,10,300000.0,,1,3322,2025-01-31 16:31:05.987,
7570,112,7,112,8,80000.0,,1,3322,2025-01-31 16:44:52.980,
7571,9,4,9,7,60000.0,,1,2091,2025-01-31 16:48:49.510,
7572,50,7,50,8,150000.0,,1,3322,2025-01-31 17:00:14.863,
7573,2,5,2,3,50000.0,,1,9111,2025-02-02 20:31:31.977,
7574,42,3,42,10,300000.0,,1,9172,2025-02-03 10:07:36.390,
7575,181,7,181,13,2500000.0,,1,6131,2025-02-03 12:21:58.557,
7576,181,7,181,10,400000.0,,1,6131,2025-02-03 12:26:16.073,
7577,150,7,150,13,100000.0,,1,3852,2025-02-03 13:03:56.730,
7578,50,2,50,9,400000.0,,1,3322,2025-02-03 15:53:55.180,
7579,146,9,146,7,300000.0,,1,7411,2025-02-03 17:08:55.683,
7580,146,7,146,8,200000.0,,1,7411,2025-02-03 17:41:05.783,
7581,42,3,42,13,300000.0,,1,9172,2025-02-03 22:00:14.870,
7582,111,10,111,7,400000.0,Budget transfer for activity relevant G/L,1,2718,2025-02-04 10:17:39.000,
7583,146,2,146,13,44000.0,,1,2887,2025-02-04 13:15:11.310,
7584,146,1,146,13,44000.0,,1,2887,2025-02-04 13:15:46.740,
7585,186,14,186,8,100000.0,,1,2887,2025-02-04 13:21:20.487,
7586,186,14,186,8,100000.0,,1,2887,2025-02-04 13:22:32.067,
7587,103,13,103,10,300000.0,,1,1998,2025-02-04 15:27:42.867,
7588,41,4,41,13,500000.0,,1,3322,2025-02-04 17:53:41.907,
7589,104,4,104,13,200000.0,,1,3322,2025-02-04 17:54:05.847,
7590,41,4,41,9,500000.0,,1,3322,2025-02-04 17:55:06.690,
7591,41,4,41,7,660000.0,internal budget transfer,1,8859,2025-02-04 19:09:31.067,
7592,230,7,230,15,40000.0,,1,9374,2025-02-06 11:38:37.610,
7593,181,7,181,6,100000.0,,1,9374,2025-02-06 11:39:28.660,
7594,150,7,150,4,200000.0,,1,3852,2025-02-06 13:43:02.877,
7595,103,6,143,9,68775.0,,1,3358,2025-02-06 13:46:59.110,
7596,103,13,143,13,145554.0,,1,3358,2025-02-06 13:47:34.433,
7597,103,2,143,9,67231.0,,1,3358,2025-02-06 13:47:54.843,
7598,103,10,143,9,33571.0,,1,3358,2025-02-06 13:48:11.667,
7599,103,8,143,7,112000.0,,1,3358,2025-02-06 13:48:35.717,
7600,103,7,143,7,1104768.0,,1,3358,2025-02-06 13:49:00.877,
7601,150,7,150,13,200000.0,,1,3852,2025-02-06 14:09:32.980,
7602,20,1,143,7,40000.0,,1,1998,2025-02-06 14:18:52.083,
7603,150,7,150,9,100000.0,,1,3852,2025-02-06 14:57:04.487,
7604,143,7,143,8,200000.0,,1,3358,2025-02-06 15:09:27.180,
7605,143,7,143,9,600000.0,,1,3358,2025-02-06 15:09:58.460,
7606,53,194,115,7,779227.0,,1,7130,2025-02-06 15:28:42.917,
7607,128,194,115,7,276927.0,,1,7130,2025-02-06 15:29:20.883,
7608,53,194,128,7,779227.0,,1,7130,2025-02-06 15:38:20.117,
7609,151,7,151,9,100000.0,,1,3322,2025-02-06 15:39:43.763,
7610,9,194,128,7,1255997.0,,1,7130,2025-02-06 15:42:05.647,
7611,9,194,128,7,1275956.0,,1,7130,2025-02-06 15:43:07.380,
7612,53,194,128,7,779227.0,,1,7130,2025-02-06 15:44:12.763,
7613,156,7,156,9,200000.0,,1,3322,2025-02-06 15:57:34.753,
7614,150,3,150,2,250000.0,,1,3852,2025-02-06 15:58:14.513,
7615,150,8,150,2,400000.0,,1,3852,2025-02-06 16:01:00.813,
7616,128,194,128,7,276927.0,,1,7130,2025-02-06 16:13:39.640,
7617,114,10,114,3,50000.0,,1,2755,2025-02-06 16:19:58.763,
7618,41,4,41,7,1000000.0,,1,3043,2025-02-06 17:32:45.990,
7619,41,14,41,7,314500.0,,1,3043,2025-02-06 17:35:42.150,
7620,24,194,143,14,250000.0,250K transfer to team Mavericks from BS Ad & Pro,1,2067,2025-02-06 17:38:49.467,
7621,51,194,143,14,150000.0,150K transfer to team Mavericks from Elite Ad & Pro,1,2067,2025-02-06 17:42:22.457,
7622,123,3,143,14,1000000.0,1 Million transfer to team Mavericks from Institution Ad & Pro,1,2067,2025-02-06 17:49:43.103,
7623,123,3,143,14,1000000.0,1 Million transfer to team Mavericks from Institution Ad & Pro,1,2067,2025-02-06 17:52:12.083,
7624,123,10,143,14,1000000.0,1 Million transfer to team Mavericks from Institution Ad & Pro,1,2067,2025-02-06 17:53:08.867,
7625,150,2,150,13,400000.0,,1,3322,2025-02-06 18:31:48.973,
7626,150,8,150,14,40000.0,,1,3322,2025-02-06 18:32:50.713,
7627,150,8,150,9,200000.0,,1,3322,2025-02-06 18:33:55.833,
7628,42,3,42,13,500000.0,,1,9172,2025-02-07 09:41:32.840,
7629,128,7,128,13,500000.0,,1,3322,2025-02-07 17:36:35.030,
7630,143,9,143,10,200000.0,,1,3358,2025-02-07 17:36:52.567,
7631,143,14,143,13,1000000.0,,1,3358,2025-02-07 17:50:30.213,
7632,143,14,143,9,300000.0,,1,3358,2025-02-07 17:51:15.720,
7633,143,14,143,7,500000.0,,1,3358,2025-02-07 17:52:13.103,
7634,143,14,143,10,500000.0,,1,3358,2025-02-07 17:52:25.510,
7635,128,7,128,13,400000.0,,1,3322,2025-02-10 15:13:50.540,
7636,181,7,181,9,100000.0,,1,9374,2025-02-10 16:29:41.073,
7637,37,13,37,7,100000.0,,1,2887,2025-02-10 18:10:02.523,
7638,112,10,112,3,500000.0,,1,9111,2025-02-11 11:10:36.897,
7639,170,4,170,2,190000.0,,1,9275,2025-02-11 15:23:38.377,
7640,142,9,142,13,350000.0,,1,2887,2025-02-11 16:53:16.743,
7641,42,3,42,7,500000.0,,1,9172,2025-02-12 10:41:15.537,
7642,111,10,111,7,400000.0,Budget transfer for activity relevant G/L,1,2718,2025-02-12 10:44:37.933,
7643,42,3,42,194,400000.0,,1,9172,2025-02-12 10:56:03.530,
7644,181,7,181,9,200000.0,,1,9374,2025-02-12 11:17:14.310,
7645,50,6,50,7,198234.0,,1,5660,2025-02-13 10:24:11.460,
7646,50,4,50,7,280876.0,,1,5660,2025-02-13 10:24:43.480,
7647,148,7,170,7,300000.0,,1,9275,2025-02-13 10:55:08.777,
7648,181,7,181,14,40000.0,,1,9374,2025-02-13 11:18:53.657,
7649,41,2,41,14,850000.0,,1,8859,2025-02-13 12:49:07.033,
7650,181,7,181,9,200000.0,,1,9374,2025-02-13 14:56:09.927,
7651,181,7,181,3,100000.0,,1,9374,2025-02-13 14:57:59.227,
7652,37,13,37,7,88000.0,,1,2887,2025-02-13 16:57:08.397,
7653,142,2,142,7,250000.0,,1,2887,2025-02-13 17:04:40.060,
7654,142,9,142,7,250000.0,,1,2887,2025-02-13 17:04:59.300,
7655,142,13,142,7,200000.0,,1,2887,2025-02-13 17:05:13.913,
7656,42,3,42,13,600000.0,,1,9172,2025-02-13 18:04:34.657,
7657,111,10,111,7,200000.0,Budget transfer for activity relevant G/L,1,2718,2025-02-13 19:10:59.580,
7658,148,5,148,7,160000.0,,1,5356,2025-02-13 21:48:59.150,
7659,148,3,148,7,272834.0,,1,5356,2025-02-13 21:50:05.747,
7660,94,8,94,7,650409.0,,1,5356,2025-02-13 22:00:25.187,
7661,94,7,148,7,300000.0,,1,5356,2025-02-13 22:06:11.867,
7662,94,7,148,7,300000.0,,1,5356,2025-02-13 22:09:03.287,
7663,148,8,148,7,38463.0,,1,5356,2025-02-13 22:17:06.970,
7664,148,10,148,7,25000.0,,1,5356,2025-02-13 22:18:06.197,
7665,148,9,148,7,40215.0,,1,5356,2025-02-13 22:18:46.017,
7666,148,14,148,7,36695.0,,1,5356,2025-02-13 22:19:23.867,
7667,148,14,148,7,3000.0,,1,5356,2025-02-13 22:25:27.600,
7668,181,7,181,9,500000.0,,1,9374,2025-02-14 10:36:44.917,
7669,142,9,142,13,100000.0,,1,3322,2025-02-14 15:03:00.090,
7670,142,2,142,8,300000.0,,1,3322,2025-02-14 15:06:23.140,
7671,142,2,142,13,100000.0,,1,3322,2025-02-14 15:15:11.570,
7672,128,2,128,10,200000.0,,1,3322,2025-02-14 17:55:48.220,
7673,128,3,128,9,200000.0,,1,3322,2025-02-14 17:57:18.723,
7674,41,14,41,13,400000.0,,1,3322,2025-02-14 18:02:55.053,
7675,111,2,111,7,200000.0,,1,3322,2025-02-14 18:13:16.373,
7676,156,2,156,9,350000.0,,1,3322,2025-02-14 18:14:41.797,
7677,156,4,156,13,600000.0,,1,3322,2025-02-14 18:15:46.107,
7678,111,10,111,7,400000.0,Budget transfer for activity relevant G/L,1,2718,2025-02-17 10:00:19.287,
7679,2,7,2,13,150000.0,,1,3322,2025-02-17 11:20:54.270,
7680,111,10,111,7,400000.0,Budget transfer for activity relevant G/L,1,2718,2025-02-17 11:46:46.353,
7681,50,2,50,7,792000.0,,1,5660,2025-02-17 15:39:25.057,
7682,2,13,2,7,150000.0,,1,5660,2025-02-17 15:41:54.757,
7683,128,7,128,8,400000.0,,1,3322,2025-02-17 15:56:11.557,
7684,2,7,2,13,100000.0,,1,3322,2025-02-18 10:47:53.067,
7685,156,3,156,7,3000000.0,,1,8617,2025-02-19 11:26:31.553,
7686,156,8,156,7,1500000.0,,1,8617,2025-02-19 11:26:50.070,
7687,111,3,111,7,1000000.0,,1,8617,2025-02-19 11:50:26.803,
7688,142,10,142,7,200000.0,,1,2887,2025-02-19 12:01:08.533,
7689,149,13,152,13,308000.0,,1,5618,2025-02-19 12:04:27.227,
7690,28,5,152,13,1160000.0,,1,5618,2025-02-19 12:08:53.153,
7691,28,5,152,13,1160000.0,,1,5618,2025-02-19 12:08:58.373,
7692,142,10,142,7,150000.0,,1,2887,2025-02-19 12:19:03.300,
7693,142,1,142,7,80000.0,,1,2887,2025-02-19 12:20:00.577,
7694,142,2,142,7,50000.0,,1,2887,2025-02-19 12:20:17.193,
7695,128,7,128,9,200000.0,,1,3322,2025-02-19 12:37:59.657,
7696,42,3,42,10,300000.0,,1,9172,2025-02-19 12:45:54.157,
7697,152,13,152,10,200000.0,,1,3322,2025-02-19 13:19:48.030,
7698,152,13,152,9,300000.0,,1,3322,2025-02-19 14:30:52.877,
7699,152,13,152,9,100000.0,,1,3322,2025-02-19 14:34:33.200,
7700,152,13,152,10,200000.0,,1,3322,2025-02-19 16:30:37.253,
7701,128,7,128,9,50000.0,,1,3322,2025-02-19 16:33:45.630,
7702,181,10,181,7,262000.0,,1,9374,2025-02-19 16:47:58.613,
7703,14,3,14,13,1300000.0,,1,9172,2025-02-20 08:52:05.580,
7704,2,4,2,14,45000.0,,1,5660,2025-02-20 09:41:57.507,
7705,152,13,152,10,200000.0,,1,3322,2025-02-20 10:39:46.017,
7706,152,13,152,7,65000.0,,1,3322,2025-02-20 10:49:58.317,
7707,27,13,27,7,400000.0,,1,3322,2025-02-20 11:39:06.407,
7708,181,7,181,237,25000.0,,1,9374,2025-02-20 12:03:45.130,
7709,181,7,181,13,550000.0,,1,3322,2025-02-20 12:34:14.293,
7710,149,14,152,7,800000.0,,1,5618,2025-02-20 12:51:42.763,
7711,149,13,152,13,74000.0,,1,5618,2025-02-20 12:53:15.253,
7712,149,194,152,13,124000.0,,1,5618,2025-02-20 12:56:42.580,
7713,156,3,156,7,200000.0,,1,8617,2025-02-20 16:28:18.153,
7714,156,8,156,7,500000.0,,1,8617,2025-02-20 16:28:30.670,
7715,156,3,156,7,1000000.0,,1,8617,2025-02-20 16:36:49.173,
7716,142,10,142,3,150000.0,,1,7411,2025-02-20 17:05:36.643,
7717,181,13,181,3,4000.0,,1,6131,2025-02-21 00:11:47.290,
7718,2,5,2,3,20000.0,,1,9111,2025-02-21 09:49:39.603,
7719,14,3,14,1,100000.0,,1,9172,2025-02-21 12:29:34.560,
7720,142,9,142,3,70000.0,,1,7411,2025-02-21 12:48:44.150,
7721,152,4,60,7,157000.0,,1,5618,2025-02-21 14:26:29.783,
7722,2,194,178,7,658340.0,,1,9111,2025-02-21 14:32:36.393,
7723,112,194,112,7,297487.0,,1,9111,2025-02-21 14:33:18.717,
7724,50,194,50,7,352052.0,,1,9111,2025-02-21 14:33:44.627,
7725,128,7,128,10,100000.0,,1,3322,2025-02-21 15:29:04.050,
7726,128,7,128,10,100000.0,,1,3322,2025-02-21 15:29:23.147,
7727,128,8,128,7,200000.0,,1,3322,2025-02-21 15:41:53.730,
7728,61,7,61,3,300000.0,,1,9374,2025-02-21 16:38:10.753,
7729,14,3,14,1,426000.0,,1,9172,2025-02-23 10:08:32.613,
7730,42,3,42,1,500000.0,,1,9172,2025-02-23 10:11:13.183,
7731,42,3,42,13,500000.0,,1,9172,2025-02-23 10:32:53.193,
7732,156,14,156,13,500000.0,,1,3322,2025-02-24 10:41:44.663,
7733,61,7,61,13,1300000.0,,1,6131,2025-02-24 11:05:34.473,
7734,50,5,50,13,200000.0,,1,3322,2025-02-24 11:10:58.797,
7735,50,10,50,9,150000.0,,1,3322,2025-02-24 11:12:49.063,
7736,61,7,61,10,200000.0,,1,6131,2025-02-24 11:38:55.693,
7737,27,10,27,7,2200000.0,,1,5611,2025-02-24 11:57:38.200,
7738,61,7,61,9,400000.0,,1,3322,2025-02-24 12:15:26.163,
7739,14,7,14,13,140000.0,,1,9172,2025-02-24 15:02:59.570,
7740,14,13,14,10,100000.0,,1,9172,2025-02-24 15:06:14.363,
7741,14,13,14,10,100000.0,,1,9172,2025-02-24 15:09:16.267,
7742,50,7,50,9,150000.0,,1,3322,2025-02-24 16:09:42.443,
7743,61,7,61,13,150000.0,,1,3322,2025-02-24 17:52:33.007,
7744,61,7,61,13,400000.0,,1,3322,2025-02-24 17:53:29.467,
7745,14,13,14,9,53000.0,,1,9172,2025-02-25 10:29:58.720,
7746,50,194,50,13,352000.0,,1,9111,2025-02-25 12:12:02.050,
7747,112,194,112,9,297000.0,,1,9111,2025-02-25 12:13:07.630,
7748,50,194,50,13,352000.0,,1,9111,2025-02-25 12:14:34.323,
7749,61,7,61,13,500000.0,,1,9374,2025-02-25 12:20:14.103,
7750,50,5,50,13,20000.0,,1,9111,2025-02-25 12:22:34.387,
7751,2,194,2,13,550000.0,,1,9111,2025-02-25 12:23:19.890,
7752,27,7,27,9,400000.0,,1,3322,2025-02-25 14:40:59.387,
7753,156,3,156,7,200000.0,,1,8617,2025-02-25 16:59:16.487,
7754,156,4,156,7,300000.0,,1,8617,2025-02-25 16:59:33.410,
7755,156,1,156,7,500000.0,,1,8617,2025-02-25 16:59:45.710,
7756,156,1,156,7,200000.0,,1,8617,2025-02-25 17:00:04.647,
7757,111,10,111,7,200000.0,Budget transfer for activity relevant G/L,1,2718,2025-02-25 18:34:32.360,
7758,111,13,111,7,500000.0,Budget transfer for activity relevant G/L,1,2718,2025-02-25 18:37:13.977,
7759,111,10,111,7,500000.0,Budget transfer for activity relevant G/L,1,2718,2025-02-26 11:02:34.507,
7760,50,5,50,4,276592.0,,1,5660,2025-02-26 12:40:23.057,
7761,191,13,191,7,700000.0,,1,2755,2025-02-26 13:12:07.547,
7762,13,3,3,7,50000.0,,1,2755,2025-02-26 13:26:38.917,
7763,14,13,14,3,250000.0,,1,9172,2025-02-26 15:48:41.817,
7764,61,7,61,9,500000.0,,1,9374,2025-02-26 17:05:42.740,
7765,61,229,182,13,386002.0,,1,9374,2025-02-26 22:12:57.780,
7766,183,194,230,13,36400.0,,1,9374,2025-02-27 09:53:35.133,
7767,230,194,183,13,90800.0,,1,9374,2025-02-27 09:50:16.877,
7768,61,7,183,13,500000.0,,1,9374,2025-02-27 10:52:25.680,
7769,24,14,24,7,500000.0,,1,1912,2025-02-27 09:53:00.110,
7770,24,8,24,10,600000.0,,1,7413,2025-02-27 10:14:00.383,
7771,186,9,186,3,200000.0,,1,2887,2025-02-27 10:33:23.623,
7772,156,14,156,9,500000.0,,1,3322,2025-02-27 15:30:07.120,
7773,2,2,2,10,100000.0,,1,3322,2025-02-28 12:19:45.920,
7774,2,194,2,7,228692.0,,1,5660,2025-02-28 18:00:00.507,
7775,112,194,112,7,297400.0,,1,5660,2025-02-28 18:00:48.797,
7776,50,194,50,7,352052.0,,1,5660,2025-02-28 18:01:17.430,
7777,183,7,183,13,161000.0,,1,9374,2025-03-03 10:14:59.230,
7778,24,9,24,7,1000000.0,,1,7413,2025-03-03 14:56:38.843,
7779,61,7,61,4,16000.0,,1,6131,2025-03-03 15:24:30.987,
7780,61,7,183,13,2000000.0,,1,9374,2025-03-03 16:26:07.207,
7781,61,7,183,10,1000000.0,,1,9374,2025-03-03 16:26:55.237,
7782,112,2,112,7,1000000.0,,1,5660,2025-03-03 16:37:08.693,
7783,42,3,42,13,300000.0,,1,9172,2025-03-04 10:26:32.643,
7784,156,1,156,7,27000.0,,1,8617,2025-03-04 11:35:05.060,
7785,156,5,156,7,200000.0,,1,8617,2025-03-04 11:35:26.933,
7786,156,9,156,7,200000.0,,1,8617,2025-03-04 11:37:02.767,
7787,65,6,65,7,5700000.0,Budget movement due to negative balance,1,8802,2025-03-04 12:34:52.620,
7788,65,6,65,8,1000000.0,Budget movement due to negative balance,1,8802,2025-03-04 12:45:11.850,
7789,4,234,4,3,1000000.0,,1,7362,2025-03-04 13:03:23.217,
7790,4,234,4,8,1000000.0,,1,7362,2025-03-04 13:03:53.827,
7791,4,234,4,10,500000.0,,1,7362,2025-03-04 15:22:43.777,
7792,14,3,14,7,10000.0,,1,9172,2025-03-05 09:16:12.877,
7793,14,3,14,13,240000.0,,1,9172,2025-03-05 09:17:10.840,
7794,4,234,4,13,250000.0,,1,3322,2025-03-05 10:53:17.230,
7795,4,234,4,13,400000.0,,1,3322,2025-03-05 11:02:45.340,
7796,111,4,111,7,200000.0,Budget transfer for activity relevant G/L,1,2718,2025-03-05 11:41:06.773,
7797,111,6,111,7,1000000.0,Budget transfer for activity relevant G/L,1,2718,2025-03-05 11:46:10.823,
7798,111,3,111,7,1200000.0,Budget transfer for activity relevant G/L,1,2718,2025-03-05 11:48:18.447,
7799,111,10,111,7,1000000.0,Budget transfer for activity relevant G/L,1,2718,2025-03-05 11:50:20.123,
7800,27,7,27,9,250000.0,,1,3322,2025-03-05 12:28:02.833,
7801,153,3,153,10,1000000.0,,1,9172,2025-03-05 12:42:05.883,
7802,153,3,153,10,300000.0,,1,9172,2025-03-05 12:44:58.623,
7803,111,3,111,13,200000.0,,1,8617,2025-03-05 12:47:23.140,
7804,42,3,42,10,300000.0,,1,9172,2025-03-05 12:47:39.753,
7805,111,5,111,13,300000.0,,1,8617,2025-03-05 12:48:00.803,
7806,42,3,42,13,300000.0,,1,9172,2025-03-05 12:50:23.303,
7807,183,10,183,4,50000.0,,1,3322,2025-03-05 12:51:41.313,
7808,183,10,183,4,100000.0,,1,3322,2025-03-05 12:54:48.893,
7809,183,10,183,9,50000.0,,1,3322,2025-03-05 12:57:42.273,
7810,27,14,27,8,100000.0,,1,3322,2025-03-05 13:00:10.147,
7811,143,14,143,6,1000000.0,,1,3358,2025-03-05 13:10:33.190,
7812,143,13,143,6,453000.0,,1,3358,2025-03-05 13:11:02.943,
7813,50,14,50,7,730252.0,,1,5660,2025-03-05 14:36:24.520,
7814,4,3,4,13,500000.0,,1,3322,2025-03-05 15:33:31.250,
7815,111,14,111,13,350000.0,,1,3322,2025-03-05 15:40:39.157,
7816,94,4,94,3,50000.0,,1,9275,2025-03-05 15:46:54.003,
7817,4,234,4,8,2500000.0,,1,3322,2025-03-05 15:47:58.067,
7818,156,5,156,7,300000.0,,1,8617,2025-03-05 15:53:20.937,
7819,156,8,156,7,300000.0,,1,8617,2025-03-05 15:53:55.243,
7820,112,4,112,13,400000.0,,1,3322,2025-03-05 15:58:30.613,
7821,50,8,50,9,200000.0,,1,3322,2025-03-05 15:59:33.927,
7822,111,13,111,7,500000.0,Budget transfer for activity relevant G/L,1,2718,2025-03-05 16:49:24.293,
7823,156,6,156,7,800000.0,,1,8617,2025-03-05 21:26:44.313,
7824,156,10,156,7,800000.0,,1,8617,2025-03-05 21:27:09.343,
7825,156,15,156,7,1200000.0,,1,8617,2025-03-05 21:28:00.597,
7826,186,9,186,3,200000.0,,1,2887,2025-03-06 02:44:41.097,
7827,111,3,111,9,400000.0,,1,3322,2025-03-06 10:23:24.000,
7828,111,14,111,13,350000.0,,1,3322,2025-03-06 10:29:07.047,
7829,156,15,156,9,200000.0,,1,3322,2025-03-06 10:39:34.893,
7830,143,8,143,2,120000.0,,1,3358,2025-03-06 10:51:02.670,
7831,152,7,152,10,300000.0,,1,3322,2025-03-06 10:51:40.227,
7832,152,7,152,9,250000.0,,1,3322,2025-03-06 10:59:15.640,
7833,152,7,152,13,200000.0,,1,3322,2025-03-06 11:03:40.853,
7834,152,10,152,13,200000.0,,1,3322,2025-03-06 12:23:27.687,
7835,152,1,152,9,145000.0,,1,3322,2025-03-06 12:36:46.173,
7836,24,8,24,7,1000000.0,,1,7413,2025-03-06 14:00:06.790,
7837,156,8,156,8,303472.0,,1,5627,2025-03-06 15:16:27.790,
7838,156,8,111,8,303472.0,,1,5627,2025-03-06 15:23:01.473,
7839,156,2,111,2,275100.0,,1,5627,2025-03-06 15:24:53.177,
7840,143,10,143,4,450000.0,,1,3358,2025-03-06 15:25:28.397,
7841,143,13,143,4,100000.0,,1,3358,2025-03-06 15:25:48.200,
7842,111,194,111,7,2901599.0,,1,5627,2025-03-06 15:26:35.383,
7843,143,9,143,4,2500.0,,1,3358,2025-03-06 15:26:38.493,
7844,156,194,111,7,3496400.0,,1,5627,2025-03-06 15:29:25.277,
7845,151,7,111,7,772200.0,,1,5627,2025-03-06 15:31:47.133,
7846,50,7,50,13,100000.0,,1,3322,2025-03-07 11:13:33.690,
7847,50,7,50,13,100000.0,,1,3322,2025-03-07 11:20:23.423,
7848,4,234,4,3,250000.0,,1,3322,2025-03-07 11:40:07.740,
7849,4,234,4,9,500000.0,,1,3322,2025-03-07 11:48:49.047,
7850,4,234,4,7,2000000.0,,1,3322,2025-03-07 12:15:41.877,
7851,4,234,4,13,500000.0,,1,3322,2025-03-07 14:03:01.073,
7852,4,234,4,13,350000.0,,1,3322,2025-03-07 14:03:37.577,
7853,111,14,111,13,400000.0,,1,3322,2025-03-07 14:08:57.357,
7854,50,4,50,7,240592.0,,1,5660,2025-03-07 14:27:18.540,
7855,50,13,50,7,162245.0,,1,5660,2025-03-07 14:27:48.760,
7856,50,1,50,14,86695.0,,1,5660,2025-03-07 14:41:28.130,
7857,65,1,65,9,400000.0,,1,3322,2025-03-07 15:48:54.380,
7858,65,6,131,7,5000000.0,budget movement request due to negative balance,1,1196,2025-03-10 01:49:25.223,
7859,27,14,27,9,250000.0,,1,3322,2025-03-10 11:20:13.747,
7860,24,1,24,7,500000.0,,1,3322,2025-03-10 12:20:15.427,
7861,4,234,4,13,800000.0,,1,7362,2025-03-10 12:21:48.363,
7862,148,4,148,7,160000.0,,1,9275,2025-03-10 12:38:36.180,
7863,180,7,180,9,300000.0,,1,3322,2025-03-10 12:49:56.820,
7864,65,6,235,8,5000000.0,Budget movement due to negative balance,1,8802,2025-03-10 13:41:35.413,
7865,143,9,143,13,125000.0,,1,3358,2025-03-10 16:01:20.433,
7866,142,8,142,3,90000.0,,1,2887,2025-03-10 16:53:04.540,
7867,65,6,35,3,1500000.0,Budget movement due to negative balance,1,8802,2025-03-10 16:56:42.043,
7868,235,8,235,13,110000.0,,1,3322,2025-03-11 11:16:31.073,
7869,235,8,235,9,47500.0,,1,3322,2025-03-11 11:31:00.160,
7870,235,8,235,7,20000.0,,1,3322,2025-03-11 11:35:43.980,
7871,235,8,235,13,130000.0,,1,3322,2025-03-11 11:37:20.607,
7872,235,8,235,13,50000.0,,1,3322,2025-03-11 11:41:08.440,
7873,235,8,235,10,50000.0,,1,3322,2025-03-11 11:42:37.690,
7874,65,6,65,7,600000.0,Budget movement due to negative balance,1,8802,2025-03-11 12:29:54.710,
7875,65,6,65,7,652138.0,Budget movement due to negative balance,1,8802,2025-03-11 12:33:51.377,
7876,65,4,65,7,275863.0,Budget movement due to negative balance,1,8802,2025-03-11 12:35:19.043,
7877,180,7,180,13,350000.0,,1,3322,2025-03-11 13:13:39.333,
7878,180,7,180,13,1400000.0,,1,3322,2025-03-11 13:15:53.347,
7879,180,7,180,13,200000.0,,1,3322,2025-03-11 13:16:39.837,
7880,14,13,14,2,115000.0,,1,9172,2025-03-11 14:48:14.203,
7881,65,2,65,13,150000.0,budget movement request due to negative balance,1,1196,2025-03-11 15:59:15.703,
7882,114,10,114,8,100000.0,,1,2755,2025-03-11 16:10:12.253,
7883,65,2,65,7,500000.0,budget movement request due to negative balance,1,1196,2025-03-11 16:56:26.123,
7884,24,14,24,7,500000.0,,1,1912,2025-03-12 10:19:47.097,
7885,191,194,13,194,115000.0,,1,2755,2025-03-12 12:32:57.743,
7886,35,7,35,13,450000.0,,1,3322,2025-03-12 12:52:35.230,
7887,50,14,50,13,70000.0,,1,3322,2025-03-12 13:05:16.217,
7888,50,8,50,13,35000.0,,1,3322,2025-03-12 13:05:56.467,
7889,50,10,50,13,50000.0,,1,3322,2025-03-12 13:08:22.090,
7890,27,14,27,7,300000.0,,1,3322,2025-03-12 13:12:10.290,
7891,112,7,112,9,300000.0,,1,3322,2025-03-12 13:52:32.863,
7892,35,3,35,8,400000.0,,1,8858,2025-03-12 13:59:52.823,
7893,114,9,114,3,100000.0,,1,2755,2025-03-12 15:29:36.440,
7894,65,3,65,8,500000.0,,1,3322,2025-03-12 15:30:53.097,
7895,4,234,13,3,1500000.0,Please Proceed,1,1567,2025-03-12 15:48:22.043,
7896,65,9,65,7,300000.0,budget movement request due to negative balance,1,1196,2025-03-12 17:16:36.087,
7897,65,15,65,7,172000.0,budget movement request due to negative balance,1,1196,2025-03-12 17:18:17.407,
7898,65,8,65,7,190000.0,budget movement request due to negative balance,1,1196,2025-03-12 17:20:00.573,
7899,4,234,4,8,1000000.0,,1,7362,2025-03-13 11:03:27.567,
7900,13,10,13,7,197000.0,,1,2755,2025-03-13 12:17:57.660,
7901,13,3,13,7,350000.0,,1,2755,2025-03-13 12:18:27.607,
7902,235,8,235,9,300000.0,,1,3322,2025-03-13 12:24:31.367,
7903,65,7,65,8,300000.0,,1,3322,2025-03-13 13:55:30.467,
7904,49,7,49,3,500000.0,,1,1912,2025-03-13 14:29:03.020,
7905,24,14,24,3,200000.0,,1,1912,2025-03-13 14:42:07.427,
7906,13,3,13,7,500000.0,,1,2755,2025-03-13 15:32:23.530,
7907,112,10,2,13,500000.0,,1,9111,2025-03-14 10:16:34.710,
7908,24,8,180,7,300000.0,,1,1912,2025-03-14 11:00:45.007,
7909,13,3,13,7,100000.0,,1,2755,2025-03-14 11:07:04.693,
7910,35,3,35,9,350000.0,,1,3322,2025-03-14 12:27:20.880,
7911,35,3,35,9,200000.0,,1,8858,2025-03-14 12:28:27.310,
7912,111,2,111,13,600000.0,,1,3322,2025-03-14 15:43:52.163,
7913,180,7,180,13,300000.0,,1,3322,2025-03-14 15:57:24.927,
7914,4,234,4,13,1500000.0,,1,1567,2025-03-17 09:49:27.980,
7915,4,234,4,10,100000.0,,1,1567,2025-03-17 09:55:12.550,
7916,4,234,4,9,300000.0,,1,1567,2025-03-17 10:29:53.867,
7917,4,234,4,8,400000.0,,1,1567,2025-03-17 10:31:04.710,
7918,4,234,4,7,1600000.0,,1,1567,2025-03-17 10:32:34.887,
7919,65,7,65,9,150000.0,,1,3322,2025-03-17 10:53:34.993,
7920,65,8,65,10,48000.0,,1,3322,2025-03-17 10:58:59.063,
7921,13,3,13,7,300000.0,,1,9702,2025-03-17 11:38:04.790,
7922,112,5,112,9,200000.0,,1,3322,2025-03-17 11:57:51.587,
7923,42,7,42,13,100000.0,,1,9172,2025-03-17 13:19:07.573,
7924,14,1,14,13,300000.0,,1,9172,2025-03-17 13:21:26.070,
7925,183,10,183,9,100000.0,,1,9374,2025-03-17 13:37:49.547,
7926,111,1,111,7,500000.0,,1,8617,2025-03-17 15:09:51.067,
7927,111,1,111,7,300000.0,,1,8617,2025-03-17 15:10:05.447,
7928,112,4,112,7,60872.0,,1,5660,2025-03-17 15:26:23.927,
7929,4,13,4,8,500000.0,,1,1567,2025-03-18 09:38:36.257,
7930,24,1,24,7,700000.0,,1,7413,2025-03-18 10:47:18.157,
7931,235,8,235,13,400000.0,,1,3322,2025-03-18 11:20:06.260,
7932,183,10,183,9,300000.0,,1,3322,2025-03-18 11:48:41.763,
7933,230,3,230,13,451000.0,,1,3322,2025-03-18 12:03:12.073,
7934,230,234,230,7,200000.0,,1,3322,2025-03-18 12:12:33.183,
7935,35,3,35,7,300000.0,,1,9703,2025-03-18 12:33:01.177,
7936,13,3,13,7,250000.0,,1,2755,2025-03-18 12:36:46.470,
7937,42,3,42,13,300000.0,,1,9172,2025-03-18 14:19:31.017,
7938,112,2,112,3,527253.0,,1,5660,2025-03-18 16:14:45.390,
7939,27,13,27,7,100000.0,,1,3310,2025-03-19 11:36:19.543,
7940,1,3,42,3,3000000.0,,1,9172,2025-03-19 12:57:14.353,
7941,1,3,14,13,1400000.0,,1,9172,2025-03-19 12:57:50.200,
7942,235,8,235,14,166500.0,,1,8803,2025-03-19 15:36:55.080,
7943,4,234,4,7,500000.0,,1,1567,2025-03-20 10:47:06.387,
7944,4,234,4,7,500000.0,,1,1567,2025-03-20 12:13:25.850,
7945,42,3,42,9,28000.0,,1,9172,2025-03-20 13:01:05.640,
7946,42,3,42,15,1000000.0,,1,9172,2025-03-20 14:29:15.600,
7947,4,234,4,7,150000.0,,1,7362,2025-03-21 11:32:13.650,
7948,222,10,222,13,600000.0,,1,8858,2025-03-21 11:49:02.947,
7949,112,3,112,9,150000.0,,1,3322,2025-03-21 12:02:07.713,
7950,13,8,13,9,101000.0,,1,2755,2025-03-21 12:18:55.060,
7951,13,3,13,9,101000.0,,1,2755,2025-03-21 12:19:32.657,
7952,13,1,13,9,55000.0,,1,2755,2025-03-21 12:20:28.887,
7953,111,7,111,13,500000.0,,1,3322,2025-03-21 14:46:16.027,
7954,230,13,230,3,200000.0,,1,9374,2025-03-21 15:40:35.770,
7955,42,3,42,13,161000.0,,1,9172,2025-03-21 16:17:35.203,
7956,4,234,4,9,800000.0,,1,3322,2025-03-24 10:47:43.500,
7957,4,13,4,234,355000.0,,1,1567,2025-03-24 11:47:01.267,
7958,4,9,4,234,845000.0,,1,1567,2025-03-24 11:47:55.493,
7959,4,234,4,7,300000.0,,1,1567,2025-03-24 12:16:05.700,
7960,4,234,4,13,1000000.0,,1,1567,2025-03-24 12:29:48.250,
7961,4,13,4,10,700000.0,,1,1567,2025-03-24 12:31:32.170,
7962,-1,249,-1,220,1600000.0,Budget trasfer,1,1,2025-03-24 12:32:57.227,
7963,42,15,42,13,100000.0,,1,9172,2025-03-24 15:53:01.947,
7964,111,7,111,9,400000.0,,1,3322,2025-03-25 11:17:44.737,
7965,174,14,174,8,250000.0,,1,3322,2025-03-25 15:35:59.507,
7966,42,15,42,13,150000.0,,1,9172,2025-03-25 16:19:52.673,
7967,143,9,143,14,130000.0,,1,7308,2025-03-25 16:31:52.457,
7968,94,5,94,14,500000.0,,1,2082,2025-03-25 16:32:21.647,
7969,94,4,94,14,100000.0,,1,2082,2025-03-25 16:33:29.737,
7970,42,15,42,13,200000.0,,1,9172,2025-03-25 16:44:52.000,
7971,1,13,14,13,696041.0,,1,9172,2025-03-26 11:16:51.257,
7972,1,3,14,7,4478166.0,,1,9172,2025-03-26 11:17:43.913,
7973,153,10,14,13,1300000.0,,1,9172,2025-03-26 11:18:44.490,
7974,153,3,42,3,2416484.0,,1,9172,2025-03-26 11:19:24.023,
7975,42,13,42,15,150000.0,,1,9172,2025-03-26 11:34:48.897,
7976,14,7,14,9,50000.0,,1,9172,2025-03-26 12:40:16.170,
7977,42,3,42,15,350000.0,,1,9172,2025-03-26 12:41:04.440,
7978,42,3,42,15,300000.0,,1,9172,2025-03-26 12:41:36.787,
7979,235,8,235,10,150000.0,,1,3322,2025-03-26 13:57:12.807,
7980,235,8,235,13,200000.0,,1,3322,2025-03-26 14:04:56.943,
7981,235,8,235,9,100000.0,,1,3322,2025-03-27 12:44:34.570,
7982,112,5,112,14,263292.0,,1,5660,2025-03-27 13:07:37.767,
7983,27,13,27,7,250000.0,,1,3322,2025-03-27 13:09:00.527,
7984,27,14,27,7,40000.0,,1,3322,2025-03-27 13:09:24.473,
7985,4,234,4,7,200000.0,,1,3322,2025-03-27 14:00:24.353,
7986,4,234,4,8,350000.0,,1,3322,2025-03-27 15:48:59.427,
7987,42,3,42,13,300000.0,,1,9172,2025-03-27 23:37:37.337,
7988,4,8,4,234,90000.0,,1,1567,2025-03-28 11:21:14.400,
7989,4,10,4,234,90000.0,,1,1567,2025-03-28 11:21:30.700,
7990,94,14,94,7,100000.0,,1,9275,2025-03-28 12:52:09.343,
7991,42,3,42,13,100000.0,,1,9172,2025-04-03 10:58:04.220,
7992,235,8,235,5,100000.0,,1,8803,2025-04-03 11:20:05.200,
7993,42,3,42,13,300000.0,,1,9172,2025-04-03 11:20:49.657,
7994,27,3,27,7,30000.0,,1,5611,2025-04-03 11:39:00.140,
7995,27,8,27,7,70000.0,,1,5611,2025-04-03 11:39:23.543,
7996,27,10,27,7,75000.0,,1,5611,2025-04-03 11:39:44.300,
7997,27,1,27,7,100000.0,,1,5611,2025-04-03 11:40:06.933,
7998,230,229,230,13,390900.0,,1,9374,2025-04-03 15:01:18.133,
7999,235,8,235,13,150000.0,,1,3322,2025-04-03 16:31:58.153,
8000,230,5,230,7,250000.0,,1,3322,2025-04-04 10:22:03.907,
8001,111,14,111,7,300000.0,,1,3322,2025-04-04 11:12:07.017,
8002,111,2,111,7,700000.0,,1,3322,2025-04-04 11:14:04.697,
8003,111,6,111,7,400000.0,,1,3322,2025-04-04 11:14:59.073,
8004,42,3,42,7,59000.0,,1,9172,2025-04-07 12:09:53.907,
8005,111,9,111,3,80000.0,,1,8617,2025-04-07 13:26:17.453,
8006,24,8,24,13,500000.0,,1,7413,2025-04-08 08:45:07.180,
8007,49,8,49,13,600000.0,,1,7413,2025-04-08 08:45:47.313,
8008,4,234,4,7,350000.0,,1,1567,2025-04-08 10:15:13.020,
8009,42,3,42,7,300000.0,,1,9172,2025-04-08 13:00:01.943,
8010,4,234,4,7,50000.0,,1,1567,2025-04-08 13:11:19.683,
8011,4,234,4,13,200000.0,,1,1567,2025-04-08 17:40:46.633,
8012,14,7,14,2,140000.0,,1,9172,2025-04-09 12:20:32.430,
8013,111,15,111,8,350000.0,,1,3322,2025-04-11 10:53:47.987,
8014,111,15,111,3,350000.0,,1,5627,2025-04-11 11:18:22.687,
8015,49,14,49,1,200000.0,,1,1912,2025-04-11 11:57:14.443,
8016,49,1,49,5,200000.0,,1,1912,2025-04-11 11:58:04.320,
8017,49,14,49,5,200000.0,,1,1912,2025-04-11 11:58:51.937,
8018,24,8,24,7,600000.0,,1,7413,2025-04-11 12:00:24.420,
8019,49,14,49,5,200000.0,,1,1912,2025-04-11 12:00:26.960,
8020,49,8,49,5,150000.0,,1,7413,2025-04-11 12:05:08.627,
8021,94,13,94,4,100000.0,,1,9275,2025-04-11 15:26:28.037,
8022,235,7,235,13,350000.0,,1,3322,2025-04-11 16:48:04.217,
8023,235,7,235,13,400000.0,,1,3322,2025-04-11 16:49:42.300,
8024,94,10,94,1,150000.0,,1,9275,2025-04-11 17:28:34.173,
8025,235,8,235,5,250000.0,,1,8803,2025-04-11 22:29:08.113,
8026,4,234,4,7,240000.0,,1,7362,2025-04-14 09:53:19.753,
8027,111,5,111,7,200000.0,Budget transfer for activity relevant G/L,1,2718,2025-04-14 09:59:34.363,
8028,111,1,111,7,100000.0,Budget transfer for activity relevant G/L,1,2718,2025-04-14 09:59:52.223,
8029,230,13,230,7,300000.0,,1,3322,2025-04-14 16:24:33.787,
8030,230,13,230,10,55000.0,,1,3322,2025-04-14 16:33:32.467,
8031,24,8,24,7,350000.0,,1,3322,2025-04-14 17:10:05.213,
8032,14,7,14,2,500000.0,,1,9172,2025-04-15 08:56:21.860,
8033,42,3,42,5,12000.0,,1,9172,2025-04-15 08:57:31.890,
8034,108,7,108,5,10000.0,,1,9172,2025-04-15 08:57:49.300,
8035,42,3,42,2,60000.0,,1,9172,2025-04-15 08:58:54.783,
8036,230,1,230,7,60000.0,,1,3322,2025-04-15 11:06:08.473,
8037,4,234,4,7,10000.0,,1,1567,2025-04-15 11:49:19.117,
8038,4,234,4,8,310000.0,,1,1567,2025-04-15 11:49:49.280,
8039,24,8,24,9,350000.0,,1,3322,2025-04-15 16:39:33.237,
8040,49,1,49,9,300000.0,,1,3322,2025-04-15 16:40:21.217,
8041,4,234,4,7,500000.0,,1,3322,2025-04-15 16:55:26.380,
8042,14,7,14,5,92000.0,,1,9172,2025-04-15 23:35:34.290,
8043,42,3,42,5,221000.0,,1,9172,2025-04-15 23:36:03.877,
8044,108,3,108,5,107000.0,,1,9172,2025-04-15 23:38:23.917,
8045,4,234,4,13,350000.0,,1,3322,2025-04-16 11:34:13.807,
8046,119,7,119,9,350000.0,,1,3322,2025-04-16 14:49:48.547,
8047,156,7,156,13,300000.0,,1,3322,2025-04-16 15:00:16.083,
8048,156,7,156,13,3000000.0,,1,3322,2025-04-16 15:01:30.830,
8049,235,8,235,9,200000.0,,1,3322,2025-04-16 16:04:18.237,
8050,49,8,49,7,2000000.0,,1,7413,2025-04-16 16:08:45.257,
8051,235,8,235,13,250000.0,,1,3322,2025-04-16 17:30:07.540,
8052,14,7,14,3,460000.0,,1,9172,2025-04-16 23:53:25.253,
8053,234,7,234,2,500000.0,,1,9172,2025-04-17 13:24:08.987,
8054,234,7,234,13,1000000.0,,1,9172,2025-04-17 13:24:36.237,
8055,42,3,42,7,500000.0,,1,9172,2025-04-17 14:42:51.767,
8056,42,3,42,15,518000.0,,1,9172,2025-04-17 16:03:52.250,
8057,14,3,14,5,10000.0,,1,9172,2025-04-21 11:05:02.887,
8058,42,3,42,5,10000.0,,1,9172,2025-04-21 11:05:24.997,
8059,108,3,108,5,10000.0,,1,9172,2025-04-21 11:05:37.483,
8060,42,3,42,9,55000.0,,1,9172,2025-04-22 12:59:57.973,
8061,123,7,180,3,1000000.0,1 Million transferred to Team Thunder from Institution Ad & Pro,1,2067,2025-04-23 12:00:22.000,
8062,123,7,180,2,1000000.0,1 Million transferred to Team Thunder from Institution Ad & Pro,1,2067,2025-04-23 12:02:05.957,
8063,235,8,235,4,32000.0,,1,8803,2025-04-23 19:42:58.150,
8064,156,7,156,10,200000.0,,1,3322,2025-04-24 10:25:04.990,
8065,234,7,234,15,1000000.0,,1,9172,2025-04-24 16:43:41.230,
8066,180,3,180,7,70000.0,,1,6131,2025-04-25 14:28:45.803,
8067,180,2,180,9,300000.0,,1,3322,2025-04-25 14:48:39.550,
8068,4,234,4,8,400000.0,,1,3322,2025-04-25 14:58:42.267,
8069,4,234,4,9,1000000.0,,1,3322,2025-04-25 15:07:11.797,
8070,4,234,4,8,350000.0,,1,3322,2025-04-25 16:39:37.833,
8071,4,234,4,10,800000.0,,1,3322,2025-04-25 17:09:59.787,
8072,180,2,180,10,300000.0,,1,3322,2025-04-25 17:12:50.083,
8073,180,13,180,4,5800.0,,1,6131,2025-04-25 17:22:31.727,
8074,235,8,235,9,200000.0,,1,3322,2025-04-28 14:50:21.730,
8075,14,7,14,10,40000.0,,1,9172,2025-04-28 15:54:14.613,
8076,49,14,49,9,350000.0,,1,3322,2025-04-28 15:55:10.960,
8077,14,7,14,3,50000.0,,1,9172,2025-04-28 15:55:23.570,
8078,14,7,14,3,350000.0,,1,9172,2025-04-28 15:56:29.103,
8079,14,7,14,10,3000.0,,1,9172,2025-04-28 15:56:56.450,
8080,14,7,14,3,24000.0,,1,9172,2025-04-28 15:58:00.947,
8081,49,14,49,13,250000.0,,1,3322,2025-04-28 16:04:11.587,
8082,49,14,49,13,400000.0,,1,3322,2025-04-28 16:07:08.263,
8083,94,10,94,7,100000.0,,1,9275,2025-04-28 17:09:12.837,
8084,235,8,235,7,400000.0,,1,3322,2025-04-29 15:26:58.663,
8085,119,7,119,13,500000.0,,1,3322,2025-04-29 15:34:33.270,
8086,42,3,42,13,251000.0,,1,9172,2025-04-29 19:08:29.310,
8087,234,7,234,15,350000.0,,1,9172,2025-04-30 11:09:40.680,
8088,235,8,235,10,50000.0,,1,3322,2025-04-30 12:56:37.457,
8089,180,7,180,13,50000.0,,1,6131,2025-04-30 15:11:05.500,
8090,49,7,49,8,600000.0,,1,7413,2025-04-30 17:47:26.317,
8091,49,1,49,9,400000.0,,1,3322,2025-04-30 18:07:15.600,
8092,235,8,235,13,180000.0,,1,3322,2025-04-30 18:09:36.363,
8093,4,234,4,7,750000.0,,1,7362,2025-05-02 14:48:12.523,
8094,42,3,42,13,200000.0,,1,9172,2025-05-02 15:04:15.707,
8095,156,7,156,10,600000.0,,1,3322,2025-05-02 16:15:27.763,
8096,119,7,119,10,700000.0,,1,3322,2025-05-02 16:16:14.240,
8097,4,234,4,7,500000.0,,1,7362,2025-05-02 17:53:26.387,
8098,4,234,4,7,150000.0,,1,7362,2025-05-02 18:01:57.470,
8099,156,7,156,9,350000.0,,1,3322,2025-05-05 10:21:36.450,
8100,4,234,4,8,500000.0,,1,3322,2025-05-05 10:28:24.883,
8101,4,234,4,13,500000.0,,1,3322,2025-05-05 10:30:10.807,
8102,119,7,119,3,110000.0,internal budget transfer,1,8859,2025-05-05 12:53:47.180,
8103,123,13,123,7,200000.0,For GDCH activity,1,2052,2025-05-05 13:50:15.253,
8104,123,15,123,7,1000000.0,For GDCH activity,1,2052,2025-05-05 13:51:13.920,
8105,119,7,119,3,200000.0,internal budget transfer,1,8859,2025-05-05 16:17:07.073,
8106,49,7,49,9,350000.0,,1,3322,2025-05-06 09:39:36.933,
8107,49,7,49,4,50000.0,,1,3322,2025-05-06 10:18:13.407,
8108,49,8,49,13,500000.0,,1,3322,2025-05-06 10:50:36.997,
8109,180,3,180,13,450000.0,,1,3322,2025-05-06 16:43:05.813,
8110,49,7,49,13,100000.0,,1,3322,2025-05-07 10:24:11.573,
8111,49,7,49,13,500000.0,,1,3322,2025-05-07 10:34:53.547,
8112,180,3,180,7,500000.0,,1,3322,2025-05-07 10:51:32.380,
8113,119,7,119,13,200000.0,,1,3322,2025-05-07 14:59:02.043,
8114,49,7,49,9,400000.0,,1,3322,2025-05-07 15:13:08.463,
8115,94,13,94,3,100000.0,,1,9275,2025-05-07 19:03:46.827,
8116,94,6,94,3,275000.0,,1,9275,2025-05-07 19:04:09.547,
8117,94,10,94,3,100000.0,,1,9275,2025-05-07 19:05:02.010,
8118,94,13,94,3,48416.0,,1,9275,2025-05-07 19:06:19.663,
8119,115,3,143,4,700000.0,,1,2091,2025-05-08 14:53:35.923,
8120,115,3,115,7,700000.0,,1,3322,2025-05-08 15:55:58.930,
8121,115,3,115,9,250000.0,,1,3322,2025-05-08 16:04:23.257,
8122,115,3,115,13,250000.0,,1,3322,2025-05-08 16:11:54.757,
8123,115,3,143,14,3300000.0,,1,2091,2025-05-08 16:33:25.090,
8124,143,4,163,7,500000.0,,1,7308,2025-05-08 17:13:00.247,
8125,143,8,163,7,80000.0,,1,7308,2025-05-08 17:16:59.257,
8126,143,2,163,7,25000.0,,1,7308,2025-05-08 17:18:30.700,
8127,143,9,163,7,32500.0,,1,7308,2025-05-08 17:18:55.030,
8128,115,3,115,9,300000.0,,1,3322,2025-05-09 11:27:26.407,
8129,115,3,115,10,300000.0,,1,3322,2025-05-09 11:37:27.547,
8130,119,7,119,13,500000.0,,1,3322,2025-05-09 12:41:04.130,
8131,115,3,163,13,4000000.0,,1,2091,2025-05-09 15:22:37.110,
8132,163,1,163,13,45882.0,,1,3358,2025-05-09 16:56:35.540,
8133,163,3,163,13,344.0,,1,3358,2025-05-09 16:57:41.383,
8134,163,8,163,13,10.0,,1,3358,2025-05-09 16:57:56.450,
8135,163,9,163,13,100507.0,,1,3358,2025-05-09 16:58:43.160,
8136,163,10,163,13,758.0,,1,3358,2025-05-09 16:59:03.180,
8137,163,13,163,9,250000.0,,1,3322,2025-05-09 19:02:58.263,
8138,180,3,180,13,500000.0,,1,3322,2025-05-09 19:07:53.360,
8139,49,7,49,13,350000.0,,1,3322,2025-05-12 09:54:12.987,
8140,180,3,180,9,350000.0,,1,3322,2025-05-12 12:10:02.670,
8141,207,126,235,14,100000.0,,1,5618,2025-05-12 13:13:32.753,
8142,123,15,123,3,1200000.0,For AKUH event,1,2052,2025-05-12 14:23:49.613,
8143,49,7,49,10,350000.0,,1,3322,2025-05-12 15:56:47.017,
8144,163,13,163,9,500000.0,,1,3322,2025-05-12 16:03:21.987,
8145,115,3,115,7,400000.0,,1,3322,2025-05-12 17:06:35.813,
8146,163,13,163,9,60000.0,,1,3322,2025-05-13 11:44:18.943,
8147,163,13,163,10,104000.0,,1,3322,2025-05-13 11:47:09.603,
8148,234,7,234,13,1000000.0,,1,9172,2025-05-13 12:27:40.937,
8149,234,7,234,10,80000.0,,1,9172,2025-05-13 12:40:26.923,
8150,112,8,112,10,100000.0,,1,3322,2025-05-13 13:03:44.227,
8151,49,7,49,9,300000.0,,1,3322,2025-05-13 14:47:40.277,
8152,163,13,163,10,100000.0,,1,3322,2025-05-14 12:53:32.037,
8153,115,3,115,13,300000.0,,1,3322,2025-05-14 13:10:20.697,
8154,115,3,115,13,500000.0,,1,3322,2025-05-14 15:28:45.223,
8155,49,7,49,13,350000.0,,1,3322,2025-05-14 15:57:03.623,
8156,234,7,234,9,65000.0,,1,9172,2025-05-14 17:40:45.213,
8157,49,7,49,13,500000.0,,1,3322,2025-05-15 12:07:12.737,
8158,156,9,156,1,100000.0,,1,8617,2025-05-15 16:58:27.223,
8159,156,13,156,1,75000.0,,1,8617,2025-05-15 16:59:16.323,
8160,115,3,115,7,250000.0,,1,3322,2025-05-15 17:09:02.227,
8161,94,4,94,6,15500.0,,1,9275,2025-05-15 17:39:35.100,
8162,148,4,148,3,40000.0,,1,5356,2025-05-15 18:13:17.843,
8163,94,1,94,7,29500.0,,1,5356,2025-05-15 18:14:17.277,
8164,94,2,94,7,20000.0,,1,5356,2025-05-15 18:14:43.577,
8165,94,14,94,7,30806.0,,1,5356,2025-05-15 18:15:43.183,
8166,94,3,94,7,14714.0,,1,5356,2025-05-15 18:16:09.750,
8167,148,3,94,7,79886.0,,1,5356,2025-05-15 18:17:46.097,
8168,148,3,94,7,79886.0,Traszeptin budget transfer into Rituxim,1,5356,2025-05-15 18:23:27.910,
8169,115,3,115,10,145000.0,,1,7130,2025-05-16 12:26:56.877,
8170,163,13,163,9,50000.0,,1,3322,2025-05-16 12:54:40.947,
8171,49,7,49,13,250000.0,,1,3322,2025-05-16 16:18:08.657,
8172,163,13,163,10,580000.0,,1,3322,2025-05-19 10:43:01.950,
8173,115,3,94,7,500000.0,,1,7130,2025-05-19 12:20:22.363,
8174,115,3,94,7,500000.0,,1,2091,2025-05-19 12:22:14.117,
8175,115,3,115,7,100000.0,,1,7130,2025-05-19 18:04:35.240,
8176,119,7,119,3,400000.0,,1,8859,2025-05-20 10:26:09.480,
8177,49,7,49,9,700000.0,,1,3322,2025-05-20 15:44:19.700,
8178,115,3,115,7,590000.0,,1,3322,2025-05-21 10:30:50.610,
8179,115,3,115,9,100000.0,,1,3322,2025-05-21 11:22:24.523,
8180,115,7,115,13,200000.0,,1,3322,2025-05-21 11:26:04.220,
8181,49,7,49,13,300000.0,,1,3322,2025-05-23 10:24:40.687,
8182,49,7,49,13,200000.0,,1,3322,2025-05-26 15:25:12.580,
8183,119,7,119,8,100000.0,,1,3322,2025-05-27 12:18:39.723,
8184,156,7,156,10,300000.0,,1,3322,2025-05-27 12:27:05.140,
8185,156,7,156,10,200000.0,,1,3322,2025-05-27 12:27:48.123,
8186,115,7,115,13,250000.0,,1,3322,2025-05-27 14:25:22.623,
8187,49,7,49,13,250000.0,,1,3322,2025-05-29 15:59:20.020,
8188,156,7,156,9,300000.0,,1,3322,2025-05-30 17:18:18.927,
8189,49,7,49,9,250000.0,,1,3322,2025-05-30 17:20:09.760,
8190,49,7,49,9,300000.0,,1,3322,2025-05-30 17:21:10.847,
8191,49,7,49,10,300000.0,,1,3322,2025-05-30 17:35:07.990,
8192,14,7,14,5,100000.0,,1,9172,2025-06-02 11:26:58.747,
8193,42,3,42,5,18000.0,,1,9172,2025-06-02 12:57:00.417,
8194,49,7,49,13,500000.0,,1,3322,2025-06-02 16:02:44.750,
8195,14,7,14,13,300000.0,,1,9172,2025-06-03 17:10:20.467,
8196,14,7,14,13,500000.0,,1,9172,2025-06-04 16:39:18.660,
8197,49,7,49,4,100000.0,,1,3322,2025-06-05 16:28:42.767,
8198,49,7,49,13,300000.0,,1,3322,2025-06-10 18:35:50.280,
8199,49,7,49,9,100000.0,,1,3322,2025-06-12 10:35:38.403,
8200,49,7,49,10,100000.0,,1,3322,2025-06-12 11:44:28.623,
8201,49,10,49,1,150000.0,,1,9225,2025-06-12 16:19:19.727,
8202,123,14,123,13,400000.0,,1,2052,2025-06-13 13:07:30.773,
8203,49,8,49,7,150000.0,,1,9225,2025-06-13 18:30:35.227,
8204,49,14,49,9,100000.0,,1,3322,2025-06-16 11:43:28.177,
8205,123,14,119,7,350000.0,For AFIC activity,1,2052,2025-06-17 15:36:37.547,
8206,14,7,14,5,50000.0,,1,9172,2025-06-17 18:05:49.800,
8207,119,7,119,13,10000.0,,1,3043,2025-06-17 18:24:50.647,
8208,49,7,49,2,400000.0,,1,9225,2025-06-24 12:08:40.827,
8209,240,7,240,3,1000000.0,,1,5611,2025-06-26 15:31:15.993,
8210,123,14,123,7,170000.0,NORI Activity,1,2052,2025-06-27 15:04:29.383,
8211,-1,248,-1,213,600000.0,Budget trasfer,1,1,2025-06-30 14:49:37.743,
8212,189,1,189,9,100000.0,,1,3322,2025-07-01 11:34:54.877,
8213,131,1,131,9,200000.0,,1,3322,2025-07-01 11:35:33.090,
8214,183,7,183,13,200000.0,,1,3322,2025-07-01 11:55:32.130,
8215,16,10,16,1,350000.0,,1,5611,2025-07-01 12:19:47.470,
8216,16,3,16,1,140000.0,,1,5611,2025-07-01 12:20:37.700,
8217,183,2,183,13,200000.0,,1,3322,2025-07-01 15:24:05.943,
8218,180,14,180,13,400000.0,,1,3322,2025-07-01 15:25:49.307,
8219,14,7,14,5,80000.0,,1,9172,2025-07-01 17:25:25.193,
8220,180,14,180,7,400000.0,,1,3322,2025-07-02 14:59:57.253,
8221,28,7,207,126,1000000.0,For PDA,1,8803,2025-07-02 18:08:51.627,
8222,49,2,49,13,300000.0,,1,3322,2025-07-03 10:27:52.043,
8223,111,3,111,13,500000.0,,1,3322,2025-07-03 17:00:36.640,
8224,111,3,111,9,400000.0,,1,3322,2025-07-03 17:01:51.640,
8225,156,8,156,9,500000.0,,1,3322,2025-07-03 17:03:11.207,
8226,104,3,104,9,400000.0,,1,3322,2025-07-03 17:07:07.427,
8227,119,3,119,9,200000.0,,1,3322,2025-07-03 17:07:45.697,
8228,104,14,104,10,100000.0,,1,3322,2025-07-03 17:09:43.487,
8229,181,9,181,10,300000.0,,1,9374,2025-07-03 18:14:50.497,
8230,131,4,131,2,500000.0,,1,8803,2025-07-03 20:05:06.287,
8231,60,1,60,10,300000.0,,1,3322,2025-07-04 10:12:21.637,
8232,9,14,9,5,171000.0,,1,7130,2025-07-05 10:25:34.430,
8233,53,14,53,5,9100.0,,1,7130,2025-07-05 10:25:48.087,
8234,114,7,114,3,55000.0,,1,2755,2025-07-07 12:50:08.907,
8235,104,14,104,1,100000.0,internal budget transfer,1,8859,2025-07-07 14:25:08.270,
8236,28,7,207,126,646656.0,,1,8803,2025-07-07 15:35:23.023,
8237,215,14,215,5,30000.0,,1,7308,2025-07-07 16:40:00.593,
8238,9,14,9,5,20394.0,,1,7130,2025-07-07 16:40:49.023,
8239,114,9,114,8,50000.0,,1,2755,2025-07-07 16:49:56.250,
8240,104,14,104,7,500000.0,internal budget transfer,1,8859,2025-07-07 18:40:48.887,
8241,242,10,242,7,500000.0,,1,8858,2025-07-08 11:07:07.977,
8242,242,10,242,4,70000.0,,1,8858,2025-07-08 11:13:37.847,
8243,62,14,62,4,70000.0,,1,8858,2025-07-08 11:14:34.887,
8244,22,8,22,7,700000.0,,1,3852,2025-07-09 13:50:38.330,
8245,14,1,14,7,196800.0,,1,9172,2025-07-09 14:37:39.400,
8246,14,5,14,7,80000.0,,1,9172,2025-07-09 14:38:07.363,
8247,115,4,115,7,200000.0,,1,7130,2025-07-09 14:51:47.883,
8248,41,14,41,7,2000000.0,internal budget transfer,1,8859,2025-07-09 14:54:02.897,
8249,115,4,115,7,1.0,,1,7130,2025-07-09 14:54:19.117,
8250,42,7,42,13,1000000.0,,1,9172,2025-07-09 18:32:47.173,
8251,234,7,234,13,1000000.0,,1,9172,2025-07-09 18:37:00.130,
8252,14,7,14,13,350000.0,,1,9172,2025-07-09 18:37:24.400,
8253,1,7,1,13,300000.0,,1,9172,2025-07-09 18:51:38.417,
8254,22,8,22,7,500000.0,,1,3852,2025-07-09 21:14:36.813,
8255,149,3,149,13,350000.0,,1,3322,2025-07-11 12:45:05.080,
8256,131,7,131,9,350000.0,,1,3322,2025-07-11 12:48:26.413,
8257,28,3,28,13,600000.0,,1,3322,2025-07-11 13:01:18.443,
8258,156,3,156,9,100000.0,,1,3322,2025-07-11 15:39:42.143,
8259,156,3,156,9,1000000.0,,1,3322,2025-07-11 15:46:39.997,
8260,114,10,114,1,600000.0,,1,2755,2025-07-12 13:05:26.553,
8261,191,2,191,1,600000.0,,1,2755,2025-07-12 13:08:06.057,
8262,3,2,3,1,200000.0,,1,2755,2025-07-12 13:09:07.307,
8263,114,7,114,3,200000.0,,1,2755,2025-07-12 13:11:29.857,
8264,114,7,114,1,2500000.0,,1,2755,2025-07-12 13:15:51.567,
8265,102,8,102,9,500000.0,,1,3322,2025-07-13 00:44:25.860,
8266,130,14,130,7,3000000.0,budget movement request due to negative balance,1,1196,2025-07-14 00:29:52.243,
8267,65,14,65,7,2000000.0,,1,3322,2025-07-14 10:14:36.270,
8268,234,2,234,10,350000.0,,1,3322,2025-07-14 11:42:33.423,
8269,52,9,52,8,300000.0,,1,3322,2025-07-14 12:16:29.517,
8270,215,4,215,8,300000.0,,1,3322,2025-07-14 12:17:22.780,
8271,41,13,41,7,5000000.0,internal budget transfer,1,8859,2025-07-14 12:30:57.690,
8272,41,14,41,7,3000000.0,internal budget transfer,1,8859,2025-07-14 12:32:29.443,
8273,49,7,49,13,500000.0,,1,1912,2025-07-14 12:35:20.073,
8274,49,7,49,13,500000.0,,1,1912,2025-07-14 12:37:37.213,
8275,51,2,51,8,200000.0,,1,3322,2025-07-14 14:51:34.010,
8276,242,13,242,8,120000.0,,1,8858,2025-07-14 15:56:29.813,
8277,191,7,191,3,65000.0,,1,9702,2025-07-14 16:20:00.827,
8278,242,7,242,3,60000.0,,1,8858,2025-07-14 16:20:34.320,
8279,22,13,22,7,400000.0,,1,3322,2025-07-14 18:37:37.433,
8280,130,8,130,7,350000.0,,1,3322,2025-07-15 10:29:15.223,
8281,104,13,104,7,3000000.0,internal budget transfer,1,8859,2025-07-15 13:28:05.290,
8282,181,9,181,7,1000000.0,,1,9374,2025-07-15 15:32:16.423,
8283,20,2,20,9,100000.0,,1,3358,2025-07-15 18:03:36.307,
8284,52,9,52,7,500000.0,,1,3358,2025-07-15 18:06:18.283,
8285,52,9,52,3,200000.0,,1,3358,2025-07-15 18:08:29.593,
8286,52,9,52,10,200000.0,,1,3358,2025-07-15 18:08:53.707,
8287,102,13,102,7,200000.0,,1,3322,2025-07-16 11:44:35.127,
8288,22,13,22,7,200000.0,,1,3322,2025-07-16 11:44:57.333,
8289,102,13,102,7,1500000.0,,1,3322,2025-07-16 12:08:15.467,
8290,218,14,218,8,110000.0,,1,3322,2025-07-16 12:14:52.050,
8291,218,1,218,7,150000.0,,1,3322,2025-07-16 12:23:05.347,
8292,130,1,130,7,700000.0,,1,3322,2025-07-16 18:44:33.123,
8293,123,7,123,2,300000.0,,1,2052,2025-07-16 19:20:55.507,
8294,130,3,130,7,700000.0,,1,3322,2025-07-17 11:27:35.210,
8295,241,7,241,1,500000.0,,1,9844,2025-07-17 11:44:13.230,
8296,22,13,22,7,500000.0,,1,3852,2025-07-17 12:28:26.470,
8297,14,13,14,5,75000.0,,1,9172,2025-07-17 12:42:57.043,
8298,4,8,4,7,5000000.0,,1,7362,2025-07-17 13:04:39.597,
8299,49,7,49,5,200000.0,,1,1912,2025-07-17 15:27:49.710,
8300,41,3,41,8,1500000.0,,1,3322,2025-07-17 16:42:54.660,
8301,156,3,156,9,700000.0,,1,3322,2025-07-18 09:45:37.823,
8302,28,4,28,13,100000.0,,1,3322,2025-07-18 10:09:57.383,
8303,181,13,181,8,70000.0,,1,9374,2025-07-18 11:23:10.223,
8304,104,14,104,1,100000.0,internal budget transfer,1,8859,2025-07-18 11:47:15.770,
8305,65,14,65,7,5000000.0,budget movement request due to negative balance,1,8802,2025-07-18 15:48:13.247,
8306,65,14,65,7,5000000.0,budget movement request due to negative balance,1,8802,2025-07-18 15:53:43.673,
8307,11,7,11,1,100000.0,,1,3358,2025-07-18 20:28:14.190,
8308,215,7,215,1,200000.0,,1,3358,2025-07-18 20:28:39.617,
8309,242,10,242,3,200000.0,,1,8858,2025-07-20 22:48:25.477,
8310,22,10,22,7,2500000.0,,1,3852,2025-07-21 10:29:47.753,
8311,4,8,4,7,5000000.0,,1,7362,2025-07-21 13:07:22.277,
8312,152,5,152,13,450000.0,,1,3322,2025-07-21 16:01:07.200,
8313,29,2,29,8,500000.0,,1,3322,2025-07-21 17:26:05.030,
8314,191,14,191,7,800000.0,,1,2755,2025-07-22 10:31:09.990,
8315,114,10,114,3,100000.0,,1,2755,2025-07-22 10:32:40.337,
8316,174,2,174,7,300000.0,,1,8858,2025-07-22 11:57:44.187,
8317,94,14,94,5,300000.0,,1,9275,2025-07-22 12:13:42.787,
8318,242,13,242,2,315000.0,,1,9703,2025-07-22 12:14:26.580,
8319,108,7,14,13,300000.0,,1,10050,2025-07-22 14:39:22.370,
8320,108,7,14,13,500000.0,,1,10050,2025-07-22 14:39:59.360,
8321,131,14,131,3,1000000.0,,1,8803,2025-07-22 14:42:42.500,
8322,65,10,65,7,2000000.0,,1,2060,2025-07-22 16:25:05.317,
8323,65,10,65,8,2000000.0,,1,2060,2025-07-22 16:25:29.967,
8324,39,8,130,8,2400000.0,,1,2060,2025-07-22 16:35:39.833,
8325,65,13,65,8,3000000.0,,1,2060,2025-07-22 16:34:58.577,
8326,65,14,65,8,2000000.0,,1,2060,2025-07-22 16:38:41.250,
8327,111,10,111,8,1500000.0,,1,3322,2025-07-22 17:17:43.463,
8328,111,10,111,13,350000.0,,1,3322,2025-07-22 17:32:01.917,
8329,41,13,41,7,6000000.0,internal budget transfer,1,8859,2025-07-22 18:07:58.650,
8330,242,13,242,7,400000.0,,1,9703,2025-07-22 18:11:33.860,
8331,242,13,242,7,400000.0,,1,9703,2025-07-23 10:22:18.377,
8332,174,2,174,13,70000.0,,1,8858,2025-07-23 10:26:07.763,
8333,102,10,102,9,700000.0,,1,3322,2025-07-23 10:44:09.187,
8334,164,3,164,13,100000.0,,1,3322,2025-07-23 10:57:54.560,
8335,164,6,164,13,800000.0,,1,3322,2025-07-23 10:59:35.607,
8336,28,14,28,13,600000.0,,1,3322,2025-07-23 11:24:48.410,
8337,28,4,28,9,400000.0,,1,3322,2025-07-23 11:29:50.943,
8338,131,14,131,9,700000.0,,1,3322,2025-07-23 11:38:35.367,
8339,131,14,131,13,1000000.0,,1,3322,2025-07-23 11:39:48.583,
8340,186,10,186,8,200000.0,,1,2887,2025-07-23 13:31:16.820,
8341,102,13,102,7,1200000.0,,1,3852,2025-07-24 04:16:58.737,
8342,102,13,102,7,500000.0,,1,3852,2025-07-24 04:19:22.263,
8343,22,13,22,9,320000.0,,1,3852,2025-07-24 05:10:08.223,
8344,150,2,150,7,200000.0,,1,3852,2025-07-24 05:10:38.433,
8345,156,14,156,9,800000.0,,1,3322,2025-07-25 00:30:53.610,
8346,112,1,112,9,500000.0,,1,3322,2025-07-25 09:45:06.093,
8347,15,3,15,13,800000.0,,1,3322,2025-07-25 10:10:37.667,
8348,2,14,2,7,50000.0,,1,9111,2025-07-25 11:31:20.570,
8349,153,2,153,13,300000.0,,1,9172,2025-07-25 11:43:07.267,
8350,108,7,108,13,300000.0,,1,9172,2025-07-25 11:43:38.510,
8351,131,14,131,13,1000000.0,,1,3322,2025-07-25 12:02:13.057,
8352,164,3,164,13,600000.0,,1,3322,2025-07-25 16:26:38.647,
8353,164,7,164,8,500000.0,,1,3322,2025-07-25 16:36:49.573,
8354,41,13,41,9,100000.0,internal budget transfer,1,8859,2025-07-25 17:01:59.580,
8355,4,1,4,13,400000.0,,1,2073,2025-07-26 00:13:12.597,
8356,65,1,65,13,500000.0,,1,2073,2025-07-26 00:14:16.940,
8357,22,2,22,13,500000.0,,1,2073,2025-07-26 00:17:02.087,
8358,22,10,22,7,1000000.0,,1,3852,2025-07-28 11:08:57.413,
8359,22,10,22,8,800000.0,,1,3852,2025-07-28 11:09:14.603,
8360,102,10,102,7,1500000.0,,1,3852,2025-07-28 11:09:39.560,
8361,102,10,102,13,800000.0,,1,3852,2025-07-28 11:09:53.673,
8362,102,10,102,13,600000.0,,1,3852,2025-07-28 11:10:15.070,
8363,102,10,102,9,600000.0,,1,3852,2025-07-28 11:10:33.497,
8364,112,2,112,13,500000.0,,1,9111,2025-07-28 11:33:14.730,
8365,27,14,27,13,300000.0,,1,3310,2025-07-28 11:41:08.613,
8366,27,14,27,7,500000.0,,1,3310,2025-07-28 11:43:16.007,
8367,215,14,215,8,200000.0,,1,3322,2025-07-28 11:54:44.093,
8368,39,10,39,7,1200000.0,budget movement request due to negative balance,1,1196,2025-07-28 14:49:05.203,
8369,156,8,156,7,1200000.0,,1,3322,2025-07-28 14:55:13.103,
8370,142,9,142,8,300000.0,,1,2887,2025-07-28 15:41:41.890,
8371,242,1,242,8,150000.0,,1,3322,2025-07-28 16:19:00.303,
8372,104,3,104,9,600000.0,,1,3322,2025-07-29 10:15:22.040,
8373,57,2,57,9,300000.0,,1,3322,2025-07-29 10:19:24.980,
8374,53,14,53,13,590900.0,,1,7130,2025-07-29 13:03:17.593,
8375,21,14,21,7,700000.0,,1,3322,2025-07-29 15:29:41.423,
8376,21,14,21,9,700000.0,,1,3322,2025-07-29 17:03:51.407,
8377,142,10,142,8,500000.0,,1,2887,2025-07-29 18:13:07.673,
8378,142,3,142,8,2000000.0,,1,3322,2025-07-30 00:32:14.280,
8379,1,7,1,13,200000.0,,1,9172,2025-07-30 00:41:39.287,
8380,153,7,153,13,75000.0,,1,9172,2025-07-30 00:42:22.500,
8381,153,1,153,13,50000.0,,1,9172,2025-07-30 00:43:06.477,
8382,153,2,153,13,35000.0,,1,9172,2025-07-30 00:43:28.530,
8383,108,2,108,13,150000.0,,1,9172,2025-07-30 00:44:19.353,
8384,108,7,108,13,700000.0,,1,9172,2025-07-30 00:44:56.523,
8385,234,7,234,13,200000.0,,1,9172,2025-07-30 00:45:46.313,
8386,42,7,42,13,1000000.0,,1,9172,2025-07-30 00:46:20.790,
8387,152,14,152,13,500000.0,,1,3322,2025-07-30 01:11:02.383,
8388,4,2,4,7,2000000.0,,1,3322,2025-07-30 01:21:53.603,
8389,41,14,41,7,5000000.0,internal budget transfer,1,8859,2025-07-30 10:21:03.587,
8390,50,6,50,7,280000.0,,1,5660,2025-07-30 12:19:07.620,
8391,2,6,2,3,300000.0,,1,5660,2025-07-30 12:21:42.787,
8392,50,2,50,7,500000.0,,1,5660,2025-07-30 12:23:40.613,
8393,4,3,4,7,2000000.0,,1,1567,2025-07-30 12:37:48.683,
8394,4,3,4,13,500000.0,,1,1567,2025-07-30 12:52:39.290,
8395,19,2,19,6,300000.0,JPISM & PSIM,1,2887,2025-07-30 12:55:45.633,
8396,19,4,19,6,100000.0,JPISM & PSIM,1,2887,2025-07-30 12:56:10.590,
8397,242,1,242,7,75000.0,,1,9703,2025-07-30 13:41:13.060,
8398,142,9,142,4,200000.0,,1,2887,2025-07-30 14:46:46.420,
8399,102,3,102,8,400000.0,,1,3322,2025-07-30 15:14:34.563,
8400,152,2,152,13,400000.0,,1,3322,2025-07-30 15:53:36.317,
8401,65,4,65,7,1100000.0,,1,8802,2025-07-30 15:58:50.827,
8402,65,1,65,7,1200000.0,,1,8802,2025-07-30 15:59:25.987,
8403,65,14,65,7,950000.0,,1,8802,2025-07-30 16:00:03.293,
8404,65,10,65,7,1350000.0,,1,8802,2025-07-30 16:00:35.693,
8405,65,3,65,7,990000.0,,1,8802,2025-07-30 16:01:07.950,
8406,2,14,2,7,135000.0,,1,9111,2025-07-30 17:57:17.240,
8407,51,14,51,13,700000.0,,1,3322,2025-07-30 18:52:34.753,
8408,28,5,28,13,1800000.0,,1,3322,2025-07-31 11:51:32.390,
8409,156,3,156,7,2500000.0,,1,3322,2025-07-31 12:41:43.623,
8410,156,1,156,7,400000.0,,1,3322,2025-07-31 12:44:30.120,
8411,156,1,156,7,500000.0,,1,3322,2025-07-31 12:46:18.817,
8412,156,6,156,7,400000.0,,1,3322,2025-07-31 12:47:11.140,
8413,242,9,242,7,150000.0,,1,5596,2025-07-31 14:24:35.033,
8414,2,10,2,7,200000.0,,1,5660,2025-07-31 14:26:33.150,
8415,9,10,9,13,500000.0,,1,3322,2025-07-31 14:30:49.137,
8416,102,10,102,8,1000000.0,,1,3852,2025-07-31 14:46:01.503,
8417,22,8,22,13,1200000.0,,1,3852,2025-07-31 14:50:55.657,
8418,114,10,114,8,500000.0,,1,2755,2025-07-31 15:48:02.977,
8419,242,10,242,8,700000.0,,1,3322,2025-07-31 18:02:12.753,
8420,12,2,12,8,500000.0,,1,3322,2025-07-31 18:13:46.393,
8421,22,3,22,8,1000000.0,,1,3322,2025-07-31 19:32:41.157,
8422,181,10,181,2,500000.0,,1,9374,2025-08-01 10:15:23.530,
8423,181,5,181,4,100000.0,,1,9374,2025-08-01 10:18:30.423,
8424,181,4,181,6,100000.0,,1,9374,2025-08-01 10:20:09.620,
8425,142,10,142,4,150000.0,,1,2887,2025-08-01 10:28:04.067,
8426,142,9,142,4,100000.0,,1,2887,2025-08-01 10:29:13.240,
8427,186,9,186,8,200000.0,,1,2887,2025-08-01 10:55:19.307,
8428,42,7,42,5,203000.0,,1,9172,2025-08-01 14:55:24.663,
8429,142,9,142,7,300000.0,,1,2887,2025-08-01 17:13:16.543,
8430,142,14,142,6,250000.0,,1,2887,2025-08-01 17:44:27.457,
8431,61,10,61,7,1500000.0,,1,3322,2025-08-01 20:32:43.083,
8432,65,7,65,13,500000.0,,1,3322,2025-08-01 20:44:27.703,
8433,102,10,102,8,1000000.0,,1,3852,2025-08-03 13:05:24.200,
8434,102,13,102,7,120000.0,,1,3852,2025-08-03 13:05:50.867,
8435,149,14,149,2,100000.0,,1,8803,2025-08-03 14:50:22.687,
8436,103,7,103,14,30000.0,,1,7308,2025-08-04 11:43:32.747,
8437,22,3,22,7,800000.0,,1,3322,2025-08-04 11:50:48.523,
8438,4,8,4,7,3000000.0,,1,7362,2025-08-04 13:10:42.143,
8439,4,10,4,13,1000000.0,,1,7362,2025-08-04 13:52:00.463,
8440,57,14,57,13,400000.0,,1,3322,2025-08-04 16:25:36.177,
8441,57,2,57,13,300000.0,,1,3322,2025-08-04 16:27:54.020,
8442,57,3,57,13,500000.0,,1,3322,2025-08-04 16:29:09.543,
8443,57,7,57,9,500000.0,,1,5660,2025-08-04 17:56:22.187,
8444,50,2,50,7,1000000.0,,1,5660,2025-08-05 12:41:04.730,
8445,61,3,61,7,100000.0,,1,6131,2025-08-05 17:05:46.230,
8446,61,3,61,7,40000.0,,1,6131,2025-08-05 17:07:55.733,
8447,41,14,41,7,5000000.0,Internal Budget Transfer,1,10104,2025-08-05 18:01:59.133,
8448,148,13,148,3,500000.0,,1,5356,2025-08-05 18:45:55.147,
8449,148,14,148,3,600000.0,,1,5356,2025-08-05 18:46:42.377,
8450,94,13,94,3,500000.0,,1,5356,2025-08-05 18:47:37.123,
8451,148,2,148,3,200000.0,,1,5356,2025-08-05 18:48:16.133,
8452,22,10,22,1,600000.0,,1,3852,2025-08-05 19:45:53.810,
8453,4,10,4,7,2500000.0,,1,7362,2025-08-05 23:42:24.937,
8454,104,14,104,7,1000000.0,internal budget transfer,1,8859,2025-08-06 09:22:14.047,
8455,41,14,41,9,500000.0,,1,3322,2025-08-06 09:58:19.090,
8456,53,5,53,13,500000.0,,1,3322,2025-08-06 10:53:47.817,
8457,102,14,102,8,600000.0,,1,3322,2025-08-06 11:44:31.913,
8458,111,1,111,8,450000.0,,1,3322,2025-08-06 12:22:35.573,
8459,156,10,156,7,700000.0,,1,8617,2025-08-06 13:19:50.233,
8460,156,8,156,7,500000.0,,1,8617,2025-08-06 13:20:07.737,
8461,156,8,156,7,1000000.0,,1,8617,2025-08-06 13:20:28.007,
8462,156,8,156,7,2500000.0,,1,8617,2025-08-06 13:23:19.643,
8463,35,10,35,13,50000.0,,1,9703,2025-08-06 13:25:05.877,
8464,242,10,242,7,600000.0,,1,3322,2025-08-06 16:30:30.007,
8465,13,2,13,9,300000.0,,1,3322,2025-08-06 16:42:57.680,
8466,50,4,50,7,300000.0,,1,5660,2025-08-06 16:56:17.397,
8467,2,1,2,9,400000.0,,1,3322,2025-08-06 16:57:54.263,
8468,103,1,103,7,150000.0,,1,3322,2025-08-06 17:30:16.570,
8469,39,13,39,7,1000000.0,budget movement request due to negative balance,1,1196,2025-08-07 00:51:11.340,
8470,39,13,39,7,1000000.0,budget movement request due to negative balance,1,1196,2025-08-07 00:51:12.217,
8471,174,14,174,7,250000.0,,1,9703,2025-08-07 11:18:01.953,
8472,174,14,174,7,250000.0,,1,9703,2025-08-07 11:20:03.793,
8473,53,2,53,13,350000.0,,1,3322,2025-08-07 11:59:05.680,
8474,53,4,53,13,400000.0,,1,3322,2025-08-07 11:59:38.983,
8475,61,10,61,7,500000.0,,1,9374,2025-08-07 12:00:42.447,
8476,24,7,24,13,500000.0,,1,1912,2025-08-07 15:58:26.040,
8477,170,4,170,7,200000.0,,1,9275,2025-08-07 16:17:15.177,
8478,170,14,170,7,200000.0,,1,9275,2025-08-07 16:19:29.910,
8479,102,6,102,13,500000.0,,1,3322,2025-08-07 18:25:24.320,
8480,102,2,102,13,200000.0,,1,3322,2025-08-07 18:26:52.437,
8481,142,14,142,8,1000000.0,,1,3322,2025-08-07 18:33:40.177,
8482,22,10,22,3,100000.0,,1,3852,2025-08-07 18:50:21.997,
8483,2,2,2,7,300000.0,,1,9111,2025-08-08 10:24:49.463,
8484,50,14,50,7,700000.0,,1,9111,2025-08-08 10:25:17.800,
8485,27,14,27,7,500000.0,,1,3310,2025-08-08 12:07:41.040,
8486,111,3,111,13,550000.0,,1,3322,2025-08-08 14:35:49.193,
8487,111,2,111,13,200000.0,,1,3322,2025-08-08 14:36:23.933,
8488,22,4,22,7,400000.0,,1,3322,2025-08-08 14:46:07.233,
8489,28,4,28,13,800000.0,,1,3322,2025-08-08 15:47:02.673,
8490,152,4,152,13,400000.0,,1,3322,2025-08-08 15:48:12.093,
8491,152,14,152,13,200000.0,,1,3322,2025-08-08 15:48:50.743,
8492,150,10,150,8,400000.0,,1,3852,2025-08-08 17:35:06.570,
8493,51,2,51,7,800000.0,,1,3322,2025-08-08 17:38:35.253,
8494,150,3,150,8,400000.0,,1,9844,2025-08-08 18:50:09.937,
8495,156,5,156,7,400000.0,,1,3322,2025-08-08 20:07:46.643,
8496,218,4,218,8,164000.0,,1,9844,2025-08-09 10:14:55.403,
8497,241,7,241,1,144000.0,,1,9844,2025-08-09 12:45:34.687,
8498,4,2,4,13,3800000.0,,1,1567,2025-08-10 01:18:27.357,
8499,4,14,4,13,2000000.0,,1,1567,2025-08-10 01:19:10.050,
8500,4,14,4,8,3500000.0,,1,1567,2025-08-10 01:20:17.440,
8501,4,14,4,7,5000000.0,,1,1567,2025-08-10 01:21:48.723,
8502,218,13,218,7,150000.0,,1,3852,2025-08-10 16:17:03.800,
8503,215,14,215,7,600000.0,,1,3358,2025-08-11 10:05:44.387,
8504,215,2,215,7,500000.0,,1,3358,2025-08-11 10:06:37.650,
8505,215,2,215,13,600000.0,,1,3358,2025-08-11 10:07:07.510,
8506,51,10,51,3,800000.0,,1,3310,2025-08-11 10:24:47.800,
8507,27,14,27,3,450000.0,,1,3310,2025-08-11 10:49:35.830,
8508,51,10,51,7,1000000.0,,1,3310,2025-08-11 10:51:52.017,
8509,12,2,12,7,300000.0,,1,3322,2025-08-11 11:10:45.083,
8510,102,2,102,10,200000.0,,1,3322,2025-08-11 11:19:36.467,
8511,24,7,24,5,200000.0,,1,1912,2025-08-11 11:45:24.503,
8512,24,7,24,5,500000.0,,1,1912,2025-08-11 11:46:02.983,
8513,241,7,241,13,750000.0,,1,9844,2025-08-11 11:48:04.807,
8514,150,1,150,13,200000.0,,1,3322,2025-08-11 12:06:07.000,
8515,241,7,241,13,1000000.0,,1,3852,2025-08-11 12:12:58.007,
8516,24,14,24,13,500000.0,,1,3322,2025-08-11 13:22:36.760,
8517,27,14,27,13,150000.0,,1,3322,2025-08-11 13:48:04.433,
8518,27,1,27,13,100000.0,,1,3322,2025-08-11 15:21:03.377,
8519,61,2,61,13,400000.0,,1,3322,2025-08-11 15:21:51.307,
8520,61,14,61,13,300000.0,,1,3322,2025-08-11 15:22:52.037,
8521,102,1,102,9,150000.0,,1,3322,2025-08-11 15:42:01.007,
8522,2,3,2,9,200000.0,,1,3322,2025-08-11 16:18:31.677,
8523,61,10,61,9,500000.0,,1,3322,2025-08-11 16:22:06.510,
8524,61,10,61,7,500000.0,,1,3322,2025-08-11 16:22:29.940,
8525,2,10,2,1,500000.0,,1,5660,2025-08-11 18:23:09.770,
8526,234,7,234,13,1000000.0,,1,9172,2025-08-12 08:49:24.783,
8527,42,7,42,13,300000.0,,1,9172,2025-08-12 09:03:09.003,
8528,1,1,1,13,100000.0,,1,9172,2025-08-12 09:07:58.897,
8529,128,2,128,13,350000.0,,1,3322,2025-08-12 10:37:20.590,
8530,38,3,38,9,300000.0,,1,3322,2025-08-12 10:40:07.427,
8531,149,14,149,2,250000.0,,1,8803,2025-08-12 11:30:40.330,
8532,61,9,61,56,400000.0,,1,9374,2025-08-13 13:02:18.910,
8533,51,9,27,13,600000.0,,1,3310,2025-08-13 14:18:33.410,
8534,38,7,38,9,250000.0,,1,3322,2025-08-13 14:46:41.527,
8535,114,9,114,8,500000.0,,1,3322,2025-08-13 14:49:23.037,
8536,156,8,156,7,1200000.0,,1,8617,2025-08-15 10:17:15.910,
8537,156,13,156,7,1000000.0,,1,8617,2025-08-15 10:17:32.087,
8538,156,9,156,7,200000.0,,1,8617,2025-08-15 10:17:53.540,
8539,191,14,191,8,100000.0,,1,9702,2025-08-15 12:16:17.743,
8540,191,14,191,8,10000.0,,1,9702,2025-08-15 12:17:28.037,
8541,104,14,104,7,500000.0,internal budget transfer,1,8859,2025-08-15 12:40:46.410,
8542,61,3,61,13,400000.0,,1,3322,2025-08-15 15:50:51.197,
8543,156,2,156,14,250000.0,,1,8620,2025-08-15 17:34:48.197,
8544,53,2,53,13,400000.0,,1,3322,2025-08-15 18:08:37.290,
8545,28,14,28,13,400000.0,,1,3322,2025-08-18 10:09:21.357,
8546,111,2,111,9,246000.0,,1,3322,2025-08-18 10:17:02.580,
8547,2,2,2,9,70000.0,,1,3322,2025-08-18 10:26:06.610,
8548,2,3,2,9,80000.0,,1,3322,2025-08-18 10:30:09.553,
8549,131,3,131,7,350000.0,,1,3322,2025-08-18 10:32:47.710,
8550,156,13,156,7,600000.0,,1,3322,2025-08-18 11:29:52.370,
8551,24,3,24,13,1000000.0,,1,3322,2025-08-18 12:27:04.797,
8552,114,10,114,3,600000.0,,1,2755,2025-08-18 12:38:31.187,
8553,49,8,49,9,600000.0,,1,3322,2025-08-18 15:08:14.587,
8554,49,7,49,13,500000.0,,1,1912,2025-08-18 15:36:52.423,
8555,49,7,49,13,100000.0,,1,1912,2025-08-18 15:37:58.607,
8556,49,7,49,13,500000.0,,1,1912,2025-08-18 15:38:23.297,
8557,49,7,49,13,1000000.0,,1,1912,2025-08-18 15:40:00.830,
8558,142,3,142,8,1400000.0,,1,3322,2025-08-18 17:22:25.283,
8559,50,3,50,9,450000.0,,1,3322,2025-08-18 17:49:09.657,
8560,19,13,19,7,300000.0,,1,2887,2025-08-19 00:57:19.053,
8561,19,13,19,8,500000.0,,1,2887,2025-08-19 00:57:34.960,
8562,186,14,186,8,300000.0,,1,2887,2025-08-19 01:09:03.850,
8563,16,10,16,13,520000.0,,1,3322,2025-08-19 16:10:02.737,
8564,41,14,41,7,1000000.0,Internal Budget Transfer,1,10104,2025-08-19 16:35:45.730,
8565,52,3,52,13,222000.0,,1,3358,2025-08-19 17:57:26.073,
8566,52,9,52,13,50000.0,,1,3358,2025-08-19 17:57:54.473,
8567,215,3,215,7,1600000.0,,1,3358,2025-08-19 18:33:00.623,
8568,52,9,52,13,170000.0,,1,3358,2025-08-19 18:35:00.463,
8569,52,2,52,13,120000.0,,1,3358,2025-08-19 18:35:20.907,
8570,4,10,4,7,100000.0,,1,7362,2025-08-20 00:03:57.557,
8571,4,3,4,7,100000.0,,1,7362,2025-08-20 00:06:05.240,
8572,42,7,42,13,500000.0,,1,9172,2025-08-20 00:08:34.460,
8573,234,7,234,13,1000000.0,,1,9172,2025-08-20 00:08:56.920,
8574,51,10,51,7,700000.0,,1,3310,2025-08-20 09:32:46.197,
8575,242,9,242,2,200000.0,,1,9703,2025-08-20 18:09:18.310,
8576,4,10,4,7,2500000.0,,1,7362,2025-08-21 10:11:07.853,
8577,104,3,104,7,1000000.0,internal budget transfer,1,8859,2025-08-21 10:55:12.093,
8578,21,3,21,9,600000.0,,1,3322,2025-08-21 11:55:07.993,
8579,21,3,21,9,600000.0,,1,3322,2025-08-21 11:56:08.320,
8580,178,2,178,13,400000.0,,1,3322,2025-08-21 13:04:14.903,
8581,152,3,152,13,400000.0,,1,3322,2025-08-21 15:14:44.507,
8582,149,3,149,9,400000.0,,1,3322,2025-08-21 15:15:56.350,
8583,131,3,131,9,400000.0,,1,3322,2025-08-21 15:17:27.137,
8584,152,5,152,13,300000.0,,1,3322,2025-08-21 15:25:14.367,
8585,16,1,16,13,150000.0,,1,3322,2025-08-21 16:01:23.130,
8586,16,3,16,13,200000.0,,1,3322,2025-08-21 16:01:56.933,
8587,9,3,9,9,500000.0,,1,3322,2025-08-21 16:15:57.483,
8588,152,1,152,13,150000.0,,1,3322,2025-08-21 16:20:58.043,
8589,234,7,234,9,350000.0,,1,3322,2025-08-21 16:33:27.060,
8590,142,3,142,8,600000.0,,1,3322,2025-08-21 16:39:30.987,
8591,215,2,215,8,600000.0,,1,3322,2025-08-21 16:51:09.967,
8592,186,14,186,13,500000.0,,1,2887,2025-08-21 17:34:08.717,
8593,111,8,111,5,100000.0,,1,8617,2025-08-22 00:05:02.247,
8594,111,8,111,5,99000.0,,1,8617,2025-08-22 00:06:22.040,
8595,111,13,111,5,100000.0,,1,8617,2025-08-22 00:06:36.480,
8596,156,13,156,7,500000.0,,1,8617,2025-08-22 09:19:00.913,
8597,156,13,156,7,300000.0,,1,8617,2025-08-22 09:19:25.727,
8598,156,4,156,7,400000.0,,1,8617,2025-08-22 09:21:55.010,
8599,156,2,156,7,75000.0,,1,8617,2025-08-22 09:22:10.013,
8600,156,3,156,7,100000.0,,1,8617,2025-08-22 09:22:31.390,
8601,156,3,156,7,10000.0,,1,8617,2025-08-22 09:23:09.723,
8602,111,10,156,7,2500000.0,,1,8617,2025-08-22 09:50:00.870,
8603,111,10,111,8,700000.0,,1,3322,2025-08-22 11:16:01.113,
8604,156,15,156,7,300000.0,,1,3322,2025-08-22 12:01:13.747,
8605,156,14,156,7,90000.0,,1,3322,2025-08-22 12:13:38.977,
8606,156,5,156,7,66000.0,,1,3322,2025-08-22 12:14:14.060,
8607,156,1,156,7,33000.0,,1,3322,2025-08-22 12:14:39.737,
8608,24,14,24,13,700000.0,,1,3322,2025-08-22 13:02:26.497,
8609,218,1,218,8,123000.0,,1,3852,2025-08-22 15:27:09.190,
8610,218,6,218,8,69972.0,,1,3852,2025-08-22 15:27:57.483,
8611,218,14,218,8,90793.0,,1,3852,2025-08-22 15:28:29.273,
8612,123,7,123,14,200000.0,IEESI -  IT activity,1,2052,2025-08-22 16:07:16.990,
8613,215,4,215,7,1000000.0,,1,3358,2025-08-22 16:08:13.900,
8614,41,4,41,7,1000000.0,,1,3322,2025-08-22 16:19:13.730,
8615,61,5,61,7,200000.0,,1,9374,2025-08-22 16:51:49.300,
8616,115,10,115,13,350000.0,,1,3322,2025-08-22 17:09:23.087,
8617,51,10,51,7,200000.0,,1,3310,2025-08-25 09:57:09.883,
8618,39,6,39,13,200000.0,budget movement request due to negative balance,1,1196,2025-08-25 10:56:08.113,
8619,62,14,62,13,350000.0,,1,8858,2025-08-25 11:56:31.677,
8620,41,14,41,7,500000.0,Internal Budget Transfer,1,10104,2025-08-25 12:12:00.603,
8621,241,7,241,10,60000.0,,1,3852,2025-08-25 12:31:47.873,
8622,241,7,241,13,160000.0,,1,3852,2025-08-25 12:52:22.910,
8623,241,7,241,13,100000.0,,1,3852,2025-08-25 13:04:44.367,
8624,128,2,128,13,250000.0,,1,3322,2025-08-25 17:17:41.993,
8625,128,7,128,13,150000.0,,1,3322,2025-08-25 17:18:06.610,
8626,9,7,9,13,1500000.0,,1,3322,2025-08-25 17:19:04.237,
8627,142,2,142,8,800000.0,,1,3322,2025-08-25 18:04:10.177,
8628,186,14,186,4,300000.0,,1,2887,2025-08-25 18:04:57.723,
8629,4,14,4,7,500000.0,,1,3322,2025-08-25 19:11:48.107,
8630,24,14,24,13,700000.0,,1,3322,2025-08-26 10:01:21.133,
8631,96,7,96,13,700000.0,,1,3322,2025-08-26 10:02:06.003,
8632,51,1,51,9,350000.0,,1,3322,2025-08-26 10:09:28.127,
8633,51,2,51,9,100000.0,,1,3322,2025-08-26 10:09:53.030,
8634,111,10,111,13,800000.0,,1,3322,2025-08-26 10:20:30.160,
8635,112,3,112,13,600000.0,,1,3322,2025-08-26 10:34:08.837,
8636,112,2,112,13,300000.0,,1,3322,2025-08-26 10:34:33.967,
8637,50,3,50,9,400000.0,,1,3322,2025-08-26 10:40:05.740,
8638,149,14,149,7,100000.0,,1,8803,2025-08-26 11:52:59.673,
8639,241,13,241,10,65000.0,,1,5191,2025-08-26 11:55:07.613,
8640,9,7,9,9,650000.0,,1,3322,2025-08-26 12:04:38.433,
8641,152,1,152,13,40000.0,,1,3322,2025-08-26 12:39:40.107,
8642,52,14,52,13,80000.0,,1,3322,2025-08-26 13:04:54.140,
8643,52,4,52,10,66000.0,,1,3322,2025-08-26 13:07:13.703,
8644,52,1,52,10,37000.0,,1,3322,2025-08-26 13:09:19.990,
8645,35,14,35,1,200000.0,,1,9703,2025-08-26 15:30:14.873,
8646,35,14,35,1,50000.0,,1,9703,2025-08-26 15:31:26.847,
8647,62,1,62,13,250000.0,,1,3322,2025-08-26 16:08:03.503,
8648,35,14,35,7,200000.0,,1,3322,2025-08-26 16:12:20.043,
8649,34,14,34,13,300000.0,,1,3322,2025-08-26 16:14:28.200,
8650,174,2,174,7,180000.0,,1,3322,2025-08-26 16:26:36.817,
8651,241,13,150,8,298000.0,,1,3852,2025-08-26 16:41:54.823,
8652,34,1,34,13,196000.0,,1,3322,2025-08-26 16:52:43.433,
8653,9,14,9,1,22000.0,,1,7130,2025-08-26 16:55:03.203,
8654,181,9,181,4,50000.0,,1,9374,2025-08-27 09:52:03.933,
8655,182,10,182,13,600000.0,,1,9374,2025-08-27 09:54:22.153,
8656,149,14,149,7,13721.0,,1,8803,2025-08-27 10:40:41.043,
8657,28,3,149,9,1000000.0,,1,8803,2025-08-27 10:58:44.510,
8658,28,10,152,13,497770.0,,1,8803,2025-08-27 10:50:49.450,
8659,28,2,152,13,1373938.0,,1,8803,2025-08-27 10:57:31.530,
8660,28,4,189,7,886601.0,,1,8803,2025-08-27 10:52:59.113,
8661,241,10,241,7,125000.0,,1,3852,2025-08-27 11:37:47.603,
8662,94,1,94,2,100000.0,,1,9275,2025-08-27 12:27:58.127,
8663,4,3,4,7,1000000.0,,1,3322,2025-08-27 12:31:24.237,
8664,51,3,51,8,300000.0,,1,3322,2025-08-27 16:12:50.857,
8665,28,1,28,10,400000.0,,1,3322,2025-08-27 17:01:50.893,
8666,41,10,41,7,3500000.0,internal budget transfer,1,8859,2025-08-27 17:13:09.550,
8667,114,9,114,8,500000.0,,1,2755,2025-08-28 12:04:41.953,
8668,242,8,242,13,200000.0,,1,9703,2025-08-28 12:08:13.037,
8669,242,8,242,2,65000.0,,1,9703,2025-08-28 12:12:03.290,
8670,242,13,242,2,40000.0,,1,9703,2025-08-28 12:12:35.377,
8671,49,1,49,13,600000.0,,1,3322,2025-08-28 18:01:19.173,
8672,234,2,234,13,310000.0,,1,3322,2025-08-28 18:11:45.820,
8673,234,7,234,13,400000.0,,1,3322,2025-08-28 18:15:27.707,
8674,62,14,62,13,600000.0,,1,3322,2025-08-28 18:19:01.553,
8675,35,10,35,9,150000.0,,1,3322,2025-08-28 18:40:54.367,
8676,61,9,61,7,500000.0,,1,3322,2025-08-28 18:59:26.627,
8677,61,2,61,13,137000.0,,1,3322,2025-08-28 19:02:32.023,
8678,61,3,61,13,150000.0,,1,3322,2025-08-28 19:03:07.310,
8679,35,10,35,8,300000.0,,1,3322,2025-08-28 19:49:23.957,
8680,234,7,234,2,30000.0,,1,9172,2025-08-29 11:01:41.350,
8681,1,7,1,13,84000.0,,1,9172,2025-08-29 11:15:27.183,
8682,1,1,1,13,12000.0,,1,9172,2025-08-29 11:19:58.710,
8683,42,7,42,13,100000.0,,1,9172,2025-08-29 11:21:40.733,
8684,42,14,42,13,200000.0,,1,9172,2025-08-29 11:22:46.933,
8685,62,13,62,7,150000.0,,1,9703,2025-08-29 12:59:32.873,
8686,108,7,108,13,200000.0,,1,3322,2025-08-29 16:16:33.223,
8687,4,14,4,9,1200000.0,,1,1567,2025-08-29 17:09:34.403,
8688,4,14,4,13,1000000.0,,1,1567,2025-08-29 17:10:46.763,
8689,4,14,4,10,500000.0,,1,1567,2025-08-29 17:11:15.143,
8690,4,14,4,8,800000.0,,1,1567,2025-08-29 17:11:34.197,
8691,4,14,4,7,1000000.0,,1,1567,2025-08-29 17:11:55.290,
8692,4,14,4,7,1500000.0,,1,1567,2025-08-29 17:15:24.720,
8693,4,14,4,8,500000.0,,1,1567,2025-08-29 17:15:42.113,
8694,114,10,114,7,70000.0,,1,2755,2025-09-01 11:06:20.343,
8695,108,1,108,9,112000.0,,1,3322,2025-09-01 12:45:19.380,
8696,234,7,234,13,400000.0,,1,3322,2025-09-01 12:48:12.520,
8697,19,13,19,7,300000.0,,1,2887,2025-09-01 17:50:38.027,
8698,19,9,19,7,300000.0,,1,2887,2025-09-01 17:51:24.820,
8699,234,1,234,13,200000.0,,1,3322,2025-09-02 09:58:00.657,
8700,114,10,114,3,200000.0,,1,2755,2025-09-02 13:50:36.280,
8701,24,7,24,4,100000.0,,1,1912,2025-09-02 16:24:11.460,
8702,234,7,234,13,400000.0,,1,3322,2025-09-03 11:48:42.947,
8703,234,7,234,13,100000.0,,1,3322,2025-09-03 11:50:56.747,
8704,170,10,170,7,150000.0,,1,9275,2025-09-03 11:56:56.423,
8705,114,10,114,3,200000.0,,1,2755,2025-09-03 12:19:22.763,
8706,4,10,4,7,4000000.0,,1,7362,2025-09-03 16:30:52.050,
8707,186,3,186,8,700000.0,,1,3322,2025-09-03 16:59:34.433,
8708,148,14,148,7,250000.0,,1,9275,2025-09-03 17:41:03.853,
8709,178,7,178,13,367000.0,,1,9111,2025-09-03 17:54:54.223,
8710,148,13,148,7,250000.0,,1,9275,2025-09-04 09:40:48.157,
8711,242,2,242,13,100000.0,,1,9703,2025-09-04 10:09:54.557,
8712,62,14,62,13,120000.0,,1,9703,2025-09-04 10:51:46.583,
8713,62,14,62,13,250000.0,,1,3322,2025-09-04 12:50:56.320,
8714,24,7,24,13,2000000.0,,1,10214,2025-09-04 13:09:19.380,
8715,4,3,150,13,3900000.0,,1,1567,2025-09-04 13:22:08.797,
8716,178,14,178,7,300000.0,,1,5660,2025-09-05 09:47:43.453,
8717,112,1,112,7,300000.0,,1,9111,2025-09-05 11:45:01.007,
8718,112,4,112,7,400000.0,,1,9111,2025-09-05 11:49:47.650,
8719,49,3,49,13,800000.0,,1,3322,2025-09-05 12:04:03.347,
8720,215,14,103,13,600000.0,,1,7308,2025-09-05 12:14:04.940,
8721,215,7,103,13,300000.0,,1,7308,2025-09-05 12:16:22.790,
8722,215,9,103,9,600000.0,,1,7308,2025-09-05 12:17:38.060,
8723,114,10,114,7,1000000.0,,1,2755,2025-09-05 12:24:42.297,
8724,4,10,4,1,100000.0,,1,7362,2025-09-05 16:12:44.760,
8725,4,10,4,1,250000.0,,1,7362,2025-09-05 16:13:14.207,
8726,115,5,115,13,300000.0,,1,3322,2025-09-05 16:21:02.637,
8727,186,3,186,8,800000.0,,1,3322,2025-09-05 16:40:32.013,
8728,178,3,178,13,150000.0,,1,3322,2025-09-05 17:03:27.697,
8729,178,1,178,13,150000.0,,1,3322,2025-09-05 17:03:57.013,
8730,4,3,4,13,1000000.0,,1,1567,2025-09-06 21:10:00.520,
8731,111,10,111,8,1600000.0,,1,3322,2025-09-08 11:04:03.830,
8732,41,3,41,7,2000000.0,internal budget transfer,1,8859,2025-09-08 11:32:20.753,
8733,35,1,35,9,267000.0,,1,3322,2025-09-08 14:31:37.727,
8734,215,8,215,7,560000.0,,1,3358,2025-09-08 15:38:06.467,
8735,215,4,215,7,78000.0,,1,3358,2025-09-08 15:40:15.017,
8736,111,10,156,7,1800000.0,,1,8617,2025-09-08 15:53:15.017,
8737,112,14,112,2,200000.0,,1,9111,2025-09-08 17:09:19.630,
8738,123,7,123,2,500000.0,,1,2052,2025-09-08 18:36:31.843,
8739,19,2,19,3,200000.0,,1,2887,2025-09-08 22:44:10.743,
8740,19,9,19,7,500000.0,,1,2887,2025-09-08 23:04:03.077,
8741,61,234,61,1,130240.0,,1,9374,2025-09-09 09:10:33.950,
8742,61,9,61,13,761150.0,,1,9374,2025-09-09 09:16:12.893,
8743,103,9,103,10,110000.0,,1,3322,2025-09-09 11:54:28.447,
8744,9,2,9,13,835000.0,,1,3322,2025-09-09 12:00:09.157,
8745,9,7,9,13,700000.0,,1,3322,2025-09-09 12:00:27.820,
8746,61,13,61,10,400000.0,,1,3322,2025-09-09 12:17:27.457,
8747,35,14,35,13,77625.0,,1,3322,2025-09-09 14:34:38.780,
8748,62,10,62,7,400000.0,,1,3322,2025-09-09 14:38:38.420,
8749,234,7,234,13,80000.0,,1,9172,2025-09-09 14:54:28.937,
8750,42,14,42,13,300000.0,,1,9172,2025-09-09 15:47:25.707,
8751,42,1,42,13,196000.0,,1,9172,2025-09-09 15:50:29.547,
8752,42,2,42,13,400000.0,,1,9172,2025-09-09 15:51:08.370,
8753,19,13,19,8,300000.0,,1,2887,2025-09-09 16:31:02.947,
8754,27,3,27,7,800000.0,,1,3322,2025-09-10 10:42:27.057,
8755,27,14,27,9,153630.0,,1,3322,2025-09-10 10:58:00.670,
8756,27,3,27,13,1000000.0,,1,3322,2025-09-10 11:16:41.513,
8757,186,2,186,7,800000.0,,1,3322,2025-09-10 14:32:49.010,
8758,62,10,62,13,250000.0,,1,3322,2025-09-10 17:57:56.213,
8759,103,9,103,7,300000.0,,1,7308,2025-09-11 00:16:16.610,
8760,57,10,57,7,700000.0,,1,5660,2025-09-11 10:10:59.083,
8761,191,10,191,13,800000.0,,1,3322,2025-09-11 10:22:51.187,
8762,191,1,191,7,508212.0,,1,3322,2025-09-11 10:23:42.013,
8763,112,5,112,13,100000.0,,1,3322,2025-09-11 12:36:49.637,
8764,112,3,112,13,100000.0,,1,3322,2025-09-11 12:37:12.880,
8765,234,9,14,3,8000.0,,1,10050,2025-09-11 13:15:03.133,
8766,4,10,4,13,1000000.0,,1,3322,2025-09-11 14:46:31.300,
8767,242,13,242,7,70000.0,,1,9703,2025-09-11 17:05:11.960,
8768,242,13,242,7,10000.0,,1,9703,2025-09-11 17:06:00.427,
8769,33,1,33,13,500000.0,,1,812,2025-09-11 18:12:35.253,
8770,164,4,33,13,900000.0,,1,812,2025-09-11 18:13:19.207,
8771,164,10,33,13,730000.0,,1,812,2025-09-11 18:14:03.337,
8772,164,234,33,13,197000.0,,1,812,2025-09-11 18:18:17.297,
8773,164,1,33,13,143000.0,,1,812,2025-09-11 18:19:01.010,
8774,49,8,49,7,1000000.0,,1,1912,2025-09-11 18:54:46.450,
8775,104,3,151,7,4000000.0,Internal Division Transfer,1,3043,2025-09-12 09:46:06.713,
8776,29,2,151,7,500000.0,,1,3043,2025-09-12 09:47:48.960,
8777,29,7,151,7,500000.0,,1,3043,2025-09-12 09:48:43.423,
8778,234,9,234,3,50000.0,,1,10050,2025-09-12 10:24:40.767,
8779,4,14,4,13,983291.0,,1,3322,2025-09-12 12:23:18.900,
8780,53,6,53,7,150000.0,,1,7363,2025-09-12 12:23:23.153,
8781,4,13,4,7,996000.0,,1,1567,2025-09-12 14:20:20.103,
8782,4,10,4,7,1500000.0,,1,1567,2025-09-12 14:21:54.620,
8783,42,14,42,7,400000.0,,1,9172,2025-09-12 15:08:43.027,
8784,111,4,111,13,187000.0,,1,3322,2025-09-12 17:20:42.347,
8785,156,7,156,13,200000.0,,1,3322,2025-09-12 17:21:17.337,
8786,156,6,156,9,66000.0,,1,3322,2025-09-12 17:27:56.193,
8787,65,4,65,7,99000.0,,1,3322,2025-09-12 17:30:08.130,
8788,191,13,191,4,200000.0,,1,3322,2025-09-12 17:34:25.673,
8789,112,7,112,13,200000.0,,1,3322,2025-09-12 17:44:58.100,
8790,9,10,9,13,450000.0,,1,3322,2025-09-12 17:47:11.620,
8791,19,6,19,8,300000.0,,1,2887,2025-09-12 17:50:53.407,
8792,114,10,114,7,100000.0,,1,2755,2025-09-12 18:13:33.563,
8793,111,8,111,10,200000.0,,1,3322,2025-09-12 18:28:11.680,
8794,19,13,19,3,400000.0,,1,2887,2025-09-12 18:32:20.490,
8795,149,9,149,7,200000.0,,1,8803,2025-09-15 10:35:59.733,
8796,149,9,149,2,500000.0,,1,8803,2025-09-15 13:50:07.883,
8797,39,14,39,1,245000.0,budget movement request due to negative balance,1,1196,2025-09-15 15:59:27.397,
8798,11,2,11,10,320393.0,,1,3322,2025-09-15 18:03:04.640,
8799,11,1,11,10,62313.0,,1,3322,2025-09-15 18:03:36.663,
8800,11,9,11,10,216104.0,,1,3322,2025-09-15 18:04:10.673,
8801,142,6,142,8,48530.0,Screening amount deficit,1,2887,2025-09-15 18:43:14.257,
8802,142,4,142,8,273000.0,Deficit in screening amount,1,2887,2025-09-15 18:43:50.703,
8803,142,1,142,8,259920.0,Deficit in screening amount,1,2887,2025-09-15 18:44:27.870,
8804,142,2,142,8,20000.0,Deficit in screening amount,1,2887,2025-09-15 18:45:13.307,
8805,142,10,142,8,3000000.0,Deficit in screening amount,1,2887,2025-09-15 18:46:38.967,
8806,24,7,24,3,500000.0,,1,1912,2025-09-16 03:03:55.240,
8807,149,2,149,13,400500.0,,1,3322,2025-09-16 10:18:31.547,
8808,182,13,182,9,60000.0,,1,3322,2025-09-16 11:12:10.500,
8809,112,6,112,13,150000.0,,1,9111,2025-09-16 12:34:58.607,
8810,39,2,39,13,200000.0,,1,3322,2025-09-16 15:31:29.750,
8811,150,13,150,8,1000000.0,,1,3322,2025-09-16 16:04:03.343,
8812,150,13,150,10,500000.0,,1,3322,2025-09-16 17:45:43.310,
8813,19,2,19,7,100000.0,PSIMRA,1,2887,2025-09-16 17:49:54.313,
8814,114,10,114,7,200000.0,,1,2755,2025-09-16 17:50:39.180,
8815,156,13,156,7,119000.0,,1,8617,2025-09-16 17:52:11.187,
8816,19,2,19,7,100000.0,PSIMRA,1,2887,2025-09-16 17:52:25.270,
8817,156,9,156,7,13000.0,,1,8617,2025-09-16 17:52:27.193,
8818,19,2,19,7,100000.0,PSIMRA,1,2887,2025-09-16 17:52:53.637,
8819,142,14,142,7,4860603.0,PSIMRA,1,2887,2025-09-16 17:55:36.897,
8820,142,9,142,7,100000.0,PSIMRA,1,2887,2025-09-16 17:57:00.663,
8821,9,14,9,13,302524.0,,1,3322,2025-09-16 18:38:35.567,
8822,191,10,191,7,500000.0,,1,3322,2025-09-16 18:56:13.407,
8823,104,3,104,7,2000000.0,internal budget transfer,1,8859,2025-09-16 19:09:09.407,
8824,115,10,115,3,150000.0,,1,7363,2025-09-17 09:35:19.243,
8825,27,3,27,7,200000.0,,1,3322,2025-09-17 10:03:56.500,
8826,27,3,27,8,300000.0,,1,3322,2025-09-17 10:30:33.170,
8827,16,1,16,13,23330.0,,1,3322,2025-09-17 10:58:56.660,
8828,148,10,148,7,225000.0,,1,9275,2025-09-17 10:59:17.537,
8829,16,8,16,13,32000.0,,1,3322,2025-09-17 11:00:49.603,
8830,19,10,19,3,400000.0,,1,2887,2025-09-17 17:03:37.387,
8831,19,10,19,7,300000.0,,1,2887,2025-09-17 17:04:04.437,
8832,151,7,151,9,500000.0,,1,3322,2025-09-17 17:32:36.213,
8833,182,3,182,9,150000.0,,1,6131,2025-09-17 17:54:31.093,
8834,4,10,4,9,350000.0,,1,3322,2025-09-17 18:00:54.093,
8835,4,10,4,9,350000.0,,1,3322,2025-09-17 18:01:59.143,
8836,172,1,172,9,60000.0,,1,3322,2025-09-17 18:04:00.690,
8837,61,1,61,7,90853.0,,1,3322,2025-09-17 18:13:18.270,
8838,49,8,49,13,500000.0,,1,1912,2025-09-18 11:33:14.553,
8839,114,10,114,7,150000.0,,1,2755,2025-09-18 13:41:51.560,
8840,9,4,9,13,498000.0,,1,3322,2025-09-18 14:59:10.690,
8841,151,7,151,13,300000.0,,1,8617,2025-09-18 19:21:56.463,
8842,182,9,182,13,175908.0,,1,3322,2025-09-19 10:21:32.270,
8843,182,234,182,13,47134.0,,1,3322,2025-09-19 10:21:55.710,
8844,182,13,182,7,212228.0,,1,3322,2025-09-19 10:45:11.843,
8845,49,2,49,13,331137.0,,1,3322,2025-09-19 15:05:02.263,
8846,152,2,152,3,50000.0,,1,8803,2025-09-19 17:42:42.583,
8847,178,10,178,3,100000.0,,1,5660,2025-09-19 17:43:55.437,
8848,178,10,178,3,50000.0,,1,5660,2025-09-19 17:46:16.357,
8849,189,10,189,3,80000.0,,1,8803,2025-09-19 17:48:27.500,
8850,183,14,183,13,240151.0,,1,3322,2025-09-19 18:19:57.557,
8851,183,10,183,13,132722.0,,1,3322,2025-09-19 18:20:34.750,
8852,183,3,183,13,176358.0,,1,3322,2025-09-19 18:21:04.633,
8853,183,1,183,13,115134.0,,1,3322,2025-09-19 18:22:00.380,
8854,19,14,19,7,900000.0,,1,3322,2025-09-22 10:01:37.557,
8855,114,1,114,13,900000.0,,1,3322,2025-09-22 10:25:27.963,
8856,114,1,114,13,700000.0,,1,3322,2025-09-22 10:31:18.200,
8857,191,10,191,8,500000.0,,1,3322,2025-09-22 10:43:42.967,
8858,151,7,151,10,300000.0,,1,3322,2025-09-22 10:47:25.917,
8859,151,1,151,13,191643.0,,1,3322,2025-09-22 10:48:59.883,
8860,49,14,49,10,467756.0,,1,3322,2025-09-22 11:19:13.807,
8861,4,4,4,9,393389.0,,1,3322,2025-09-22 11:22:32.697,
8862,4,6,4,9,466664.0,,1,3322,2025-09-22 11:24:08.567,
8863,9,6,9,9,125539.0,,1,3322,2025-09-22 11:28:12.193,
8864,9,3,9,9,138830.0,,1,3322,2025-09-22 11:34:40.273,
8865,9,7,9,9,100000.0,,1,3322,2025-09-22 11:36:16.513,
8866,131,14,131,9,700000.0,,1,3322,2025-09-22 11:41:48.390,
8867,149,1,149,13,470000.0,,1,3322,2025-09-22 11:43:03.563,
8868,104,14,104,7,500000.0,Internal Budget Transfer,1,10104,2025-09-22 11:53:13.867,
8869,104,14,104,7,500000.0,Internal Budget Transfer,1,10104,2025-09-22 11:53:14.600,
8870,41,14,41,3,400000.0,Internal Budget Transfer,1,10104,2025-09-22 12:07:29.297,
8871,240,7,240,9,350000.0,,1,3322,2025-09-22 12:13:27.733,
8872,114,10,114,7,300000.0,,1,2755,2025-09-22 12:37:08.350,
8873,50,10,50,3,300000.0,,1,5660,2025-09-22 16:32:42.670,
8874,114,1,114,7,600000.0,,1,3322,2025-09-22 17:00:04.177,
8875,9,10,9,3,147000.0,,1,7130,2025-09-22 17:03:29.523,
8876,21,14,21,13,1000000.0,,1,3322,2025-09-22 17:30:17.517,
8877,39,14,39,13,180174.0,,1,3322,2025-09-22 17:31:00.180,
8878,39,2,39,13,103525.0,,1,3322,2025-09-22 17:31:45.003,
8879,151,7,151,13,300000.0,,1,3322,2025-09-22 17:32:45.707,
8880,178,9,178,13,328952.0,,1,3322,2025-09-22 17:57:00.767,
8881,178,10,178,13,150000.0,,1,3322,2025-09-22 17:57:28.323,
8882,182,7,182,1,15000.0,,1,9374,2025-09-23 00:35:12.560,
8883,21,10,21,7,2000000.0,,1,7362,2025-09-23 11:22:42.013,
8884,41,3,41,7,500000.0,Internal Budget Transfer,1,10104,2025-09-23 14:40:44.427,
8885,41,4,41,7,500000.0,Internal Budget Transfer,1,10104,2025-09-23 15:25:50.877,
8886,41,10,41,7,300000.0,Internal Budget Transfer,1,10104,2025-09-23 15:27:28.863,
8887,41,13,41,7,500000.0,,1,10104,2025-09-23 15:27:53.557,
8888,240,7,240,13,400000.0,,1,3322,2025-09-23 16:05:26.240,
8889,240,7,240,4,400000.0,,1,3322,2025-09-23 16:10:26.063,
8890,142,13,142,3,300000.0,,1,2887,2025-09-24 04:53:32.517,
8891,172,5,172,3,100000.0,,1,3310,2025-09-24 09:56:36.987,
8892,114,10,114,13,800000.0,,1,3322,2025-09-24 11:26:36.117,
8893,39,6,39,7,345000.0,budget movement request due to negative balance,1,1196,2025-09-24 11:37:14.000,
8894,39,8,39,7,500000.0,budget movement request due to negative balance,1,1196,2025-09-24 11:38:53.767,
8895,21,2,21,13,599996.0,,1,3322,2025-09-24 11:54:50.050,
8896,49,3,49,13,171258.0,,1,3322,2025-09-24 18:10:08.617,
8897,49,5,49,13,121937.0,,1,3322,2025-09-24 18:10:47.393,
8898,49,1,49,13,185967.0,,1,3322,2025-09-24 18:12:14.513,
8899,38,10,38,13,282352.0,,1,3322,2025-09-24 18:16:47.917,
8900,38,7,38,13,314847.0,,1,3322,2025-09-24 18:17:19.933,
8901,38,14,38,13,270146.0,,1,3322,2025-09-24 18:17:52.487,
8902,61,56,61,7,12000.0,,1,6131,2025-09-25 09:47:11.187,
8903,114,10,114,7,200000.0,,1,2755,2025-09-25 17:16:58.287,
8904,24,7,24,3,2500000.0,,1,1912,2025-09-26 10:05:00.593,
8905,131,9,131,2,200000.0,,1,8803,2025-09-26 10:37:30.997,
8906,234,1,234,2,25000.0,,1,10050,2025-09-26 10:46:27.623,
8907,131,14,152,14,1200000.0,,1,9845,2025-09-26 11:46:43.237,
8908,131,1,131,7,200000.0,,1,3322,2025-09-26 11:55:38.883,
8909,9,10,9,3,75000.0,,1,7130,2025-09-26 13:53:13.260,
8910,191,4,191,9,185631.0,,1,3322,2025-09-26 14:42:02.460,
8911,21,4,21,13,500000.0,,1,3322,2025-09-26 15:05:26.543,
8912,152,14,152,13,700000.0,,1,3322,2025-09-26 15:33:34.157,
8913,33,13,33,9,150000.0,,1,3322,2025-09-26 15:41:03.100,
8914,50,5,50,14,210000.0,,1,9111,2025-09-26 16:30:08.370,
8915,186,14,186,13,898702.0,,1,3322,2025-09-26 16:53:41.527,
8916,53,1,53,9,345125.0,,1,3322,2025-09-26 17:07:26.100,
8917,152,14,152,13,300000.0,,1,3322,2025-09-26 17:26:15.390,
8918,4,5,4,1,166000.0,,1,1567,2025-09-26 17:27:28.597,
8919,131,14,131,2,400000.0,,1,8803,2025-09-26 23:26:26.023,
8920,148,6,148,2,250000.0,,1,9275,2025-09-27 17:40:53.863,
8921,9,10,9,3,54000.0,,1,7130,2025-09-27 19:21:57.750,
8922,114,13,114,7,200000.0,,1,2755,2025-09-28 16:54:03.253,
8923,242,13,242,7,48000.0,,1,9703,2025-09-29 09:56:17.437,
8924,94,14,94,3,200000.0,,1,5356,2025-09-29 10:24:15.510,
8925,3,2,3,7,310000.0,,1,9702,2025-09-29 13:31:48.827,
8926,3,10,3,7,400000.0,,1,9702,2025-09-29 13:32:41.400,
8927,114,2,114,13,916810.0,,1,3322,2025-09-29 14:02:09.917,
8928,42,9,42,7,63000.0,,1,9172,2025-09-29 18:46:02.610,
8929,123,7,123,5,25000.0,,1,2052,2025-09-30 12:43:55.777,
8930,114,9,114,13,400000.0,,1,3322,2025-09-30 15:02:35.313,
8931,42,14,42,13,226001.0,,1,3322,2025-09-30 15:26:45.957,
8932,42,2,42,13,270000.0,,1,3322,2025-09-30 15:27:17.730,
8933,42,9,42,13,217058.0,,1,3322,2025-09-30 15:51:43.043,
8934,50,2,50,13,600000.0,,1,3322,2025-09-30 17:35:23.143,
8935,112,6,112,7,100000.0,,1,5660,2025-09-30 18:11:55.350,
8936,114,14,114,7,350000.0,,1,3322,2025-09-30 18:18:55.557,
8937,21,14,21,5,200000.0,,1,1567,2025-10-01 08:00:03.093,
8938,21,14,21,7,1000000.0,,1,1567,2025-10-01 08:03:05.960,
8939,16,10,16,7,350000.0,,1,5611,2025-10-01 10:46:00.517,
8940,51,10,51,7,500000.0,,1,3310,2025-10-01 11:34:21.943,
8941,242,10,242,7,200000.0,,1,8858,2025-10-01 11:37:21.373,
8942,2,14,2,13,215000.0,,1,3322,2025-10-01 12:03:11.357,
8943,51,14,51,13,538793.0,,1,3322,2025-10-01 12:12:31.367,
8944,215,2,215,10,200000.0,,1,3358,2025-10-01 14:54:36.797,
8945,215,2,215,10,200000.0,,1,3358,2025-10-01 14:55:15.427,
8946,39,10,39,7,800000.0,,1,3322,2025-10-01 15:21:27.630,
8947,65,14,65,1,1300000.0,budget movement request due to negative balance,1,1196,2025-10-01 17:33:09.707,
8948,39,6,39,7,153000.0,budget movement request due to negative balance,1,1196,2025-10-01 17:40:11.680,
8949,39,2,39,7,117000.0,budget movement request due to negative balance,1,1196,2025-10-01 17:40:57.580,
8950,39,3,39,7,219000.0,budget movement request due to negative balance,1,1196,2025-10-01 17:41:36.960,
8951,39,13,39,7,300000.0,budget movement request due to negative balance,1,1196,2025-10-01 18:05:39.080,
8952,39,9,39,7,300000.0,budget movement request due to negative balance,1,1196,2025-10-01 18:07:26.240,
8953,39,4,39,7,193000.0,budget movement request due to negative balance,1,1196,2025-10-01 18:08:51.787,
8954,102,4,102,2,110000.0,,1,9844,2025-10-01 22:39:42.017,
8955,102,4,102,1,40000.0,,1,9844,2025-10-01 22:42:34.240,
8956,102,5,102,1,40000.0,,1,9844,2025-10-01 22:44:58.797,
8957,181,10,181,7,1000000.0,,1,9374,2025-10-02 10:50:06.863,
8958,242,13,242,7,80000.0,,1,9703,2025-10-02 15:35:13.670,
8959,33,13,33,7,120000.0,,1,10215,2025-10-02 16:42:53.317,
8960,108,7,108,13,300000.0,,1,3322,2025-10-03 14:30:06.070,
8961,108,2,108,13,185000.0,,1,3322,2025-10-03 14:31:27.517,
8962,108,7,108,13,100000.0,,1,3322,2025-10-03 14:41:59.047,
8963,108,1,108,13,38080.0,,1,3322,2025-10-03 14:42:25.070,
8964,242,13,242,7,800000.0,,1,3322,2025-10-03 16:19:45.613,
8965,52,9,52,7,500000.0,,1,3322,2025-10-03 17:08:56.230,
8966,53,5,53,13,352031.0,,1,3322,2025-10-03 17:37:12.513,
8967,151,7,151,13,400000.0,,1,8617,2025-10-03 17:40:17.080,
8968,234,7,234,13,300000.0,,1,10050,2025-10-06 12:04:00.397,
8969,51,1,51,9,206648.0,,1,3322,2025-10-06 13:39:04.627,
8970,16,8,16,9,350000.0,,1,3322,2025-10-06 13:41:33.613,
8971,15,8,15,13,210000.0,,1,3322,2025-10-06 13:43:54.433,
8972,16,3,16,13,147710.0,,1,3322,2025-10-06 13:46:36.197,
8973,16,8,16,13,150000.0,,1,3322,2025-10-06 13:47:03.623,
8974,16,7,16,10,100000.0,,1,3322,2025-10-06 13:48:42.357,
8975,102,13,102,7,700000.0,,1,3322,2025-10-06 15:17:49.807,
8976,102,1,102,7,145146.0,,1,3322,2025-10-06 15:18:20.830,
8977,102,6,102,7,198330.0,,1,3322,2025-10-06 15:18:56.803,
8978,11,13,11,10,500000.0,,1,3322,2025-10-06 17:13:08.680,
8979,57,1,57,7,400000.0,,1,5660,2025-10-06 17:31:38.833,
8980,234,7,234,13,1000000.0,,1,9172,2025-10-06 18:20:40.300,
8981,42,7,42,13,500000.0,,1,9172,2025-10-06 18:21:12.553,
8982,42,7,42,13,500000.0,,1,9172,2025-10-06 18:22:07.963,
8983,42,9,42,13,100000.0,,1,9172,2025-10-06 18:22:28.060,
8984,234,7,234,13,1000000.0,,1,9172,2025-10-06 18:23:08.050,
8985,108,9,108,13,43310.0,,1,9172,2025-10-06 18:23:42.167,
8986,186,9,186,8,300000.0,,1,2887,2025-10-07 03:12:20.007,
8987,19,9,19,8,400000.0,,1,2887,2025-10-07 03:12:38.943,
8988,186,13,186,8,500000.0,,1,2887,2025-10-07 03:17:13.977,
8989,142,14,142,8,500000.0,,1,2887,2025-10-07 10:10:46.120,
8990,142,14,142,8,500000.0,,1,2887,2025-10-07 10:11:12.517,
8991,2,6,2,9,100000.0,,1,3322,2025-10-07 10:24:59.333,
8992,50,5,50,9,300000.0,,1,3322,2025-10-07 10:27:39.303,
8993,16,8,16,9,40000.0,,1,3322,2025-10-07 10:35:39.330,
8994,11,10,11,13,300000.0,,1,3322,2025-10-07 11:49:59.170,
8995,11,1,11,13,162638.0,,1,3322,2025-10-07 11:51:18.537,
8996,65,10,65,8,900000.0,,1,3322,2025-10-07 15:27:47.863,
8997,111,3,111,7,600000.0,,1,8620,2025-10-07 15:53:06.850,
8998,191,10,191,7,500000.0,,1,2755,2025-10-07 16:32:50.660,
8999,242,10,242,5,150000.0,,1,9703,2025-10-07 17:12:35.967,
9000,39,8,39,14,200000.0,budget movement request due to negative balance,1,1196,2025-10-07 17:16:38.110,
9001,51,10,51,7,250000.0,,1,3310,2025-10-07 17:39:36.100,
9002,61,14,61,9,322072.0,,1,3322,2025-10-08 11:11:18.703,
9003,61,3,61,7,283847.0,,1,3322,2025-10-08 11:16:28.913,
9004,61,10,61,7,300000.0,,1,3322,2025-10-08 11:19:55.877,
9005,60,10,60,7,212920.0,,1,8803,2025-10-08 13:08:42.433,
9006,102,14,102,8,263769.0,,1,3322,2025-10-08 15:50:24.323,
9007,242,13,242,234,10000.0,,1,9703,2025-10-08 15:50:51.780,
9008,242,13,242,234,100000.0,,1,9703,2025-10-08 15:51:46.770,
9009,102,7,102,8,200000.0,,1,3322,2025-10-08 16:13:58.467,
9010,102,9,102,13,100000.0,,1,3322,2025-10-08 16:27:20.047,
9011,42,2,42,7,150000.0,,1,9172,2025-10-09 15:08:40.957,
9012,51,10,51,3,150000.0,,1,3310,2025-10-09 17:26:52.040,
9013,102,13,102,7,400000.0,,1,3322,2025-10-09 19:30:06.267,
9014,102,9,102,7,150000.0,,1,3322,2025-10-10 10:26:30.267,
9015,183,3,183,13,90001.0,,1,3322,2025-10-10 11:23:44.270,
9016,39,9,39,14,300000.0,budget movement request due to negative balance,1,1196,2025-10-10 11:29:20.617,
9017,39,8,39,14,300000.0,budget movement request due to negative balance,1,1196,2025-10-10 11:30:08.827,
9018,152,14,152,13,400000.0,,1,3322,2025-10-10 12:04:17.813,
9019,152,4,152,13,200000.0,,1,3322,2025-10-10 15:46:50.687,
9020,152,5,152,13,200000.0,,1,3322,2025-10-10 15:47:16.300,
9021,65,4,65,7,300996.0,,1,3322,2025-10-10 17:11:57.830,
9022,65,14,65,7,1069860.0,,1,3322,2025-10-10 17:12:29.853,
9023,65,1,65,7,284851.0,,1,3322,2025-10-10 17:13:01.317,
9024,65,10,65,7,450000.0,,1,3322,2025-10-10 17:13:43.773,
9025,102,4,102,7,13883.0,,1,2073,2025-10-11 03:08:28.827,
9026,102,2,102,7,23146.0,,1,2073,2025-10-11 03:09:10.010,
9027,102,5,102,7,49229.0,,1,2073,2025-10-11 03:09:44.940,
9028,102,10,102,7,143062.0,,1,2073,2025-10-11 03:10:18.740,
9029,102,3,102,7,77787.0,,1,2073,2025-10-11 03:11:06.897,
9030,234,2,234,13,470000.0,,1,10050,2025-10-13 14:38:06.243,
9031,4,2,4,7,1000000.0,,1,3322,2025-10-13 15:42:28.787,
9032,240,7,240,13,350000.0,,1,3322,2025-10-13 16:04:32.007,
9033,148,3,148,7,200000.0,,1,9275,2025-10-13 22:17:28.420,
9034,39,10,39,8,273226.0,,1,3322,2025-10-14 16:39:35.767,
9035,49,7,49,5,500000.0,,1,1912,2025-10-15 14:58:13.940,
9036,181,9,181,7,500000.0,,1,6131,2025-10-15 17:08:45.083,
9037,15,2,15,13,1410495.0,,1,3322,2025-10-15 18:07:03.940,
9038,33,1,33,7,350000.0,,1,3322,2025-10-15 18:38:51.723,
9039,164,3,164,9,350081.0,,1,3322,2025-10-15 19:06:45.590,
9040,15,10,15,9,600000.0,,1,3322,2025-10-15 19:26:04.480,
9041,102,10,102,9,1500000.0,,1,3322,2025-10-15 20:27:28.783,
9042,102,6,102,1,261950.0,,1,9844,2025-10-15 21:55:24.827,
9043,102,4,102,1,70000.0,,1,9844,2025-10-15 21:57:00.870,
9044,22,4,22,1,50000.0,,1,9844,2025-10-15 21:59:12.100,
9045,39,6,39,8,262285.0,,1,3322,2025-10-16 10:09:25.627,
9046,39,1,39,8,170658.0,,1,3322,2025-10-16 10:10:06.963,
9047,39,14,39,7,281355.0,,1,3322,2025-10-16 10:10:52.067,
9048,39,10,39,7,600000.0,,1,3322,2025-10-16 10:11:15.243,
9049,39,3,39,7,204447.0,,1,3322,2025-10-16 10:13:06.453,
9050,181,9,181,8,1142000.0,,1,9374,2025-10-16 11:37:35.367,
9051,15,1,15,13,867500.0,,1,3322,2025-10-16 11:53:57.863,
9052,24,7,24,2,500000.0,,1,10214,2025-10-16 13:30:09.950,
9053,24,7,24,2,100000.0,,1,10214,2025-10-16 13:31:22.330,
9054,142,9,142,7,2000000.0,Budget defeicit,1,2887,2025-10-16 14:51:41.913,
9055,102,13,102,7,1000000.0,,1,3322,2025-10-16 15:15:52.920,
9056,102,3,102,7,203742.0,,1,3322,2025-10-16 15:16:33.820,
9057,102,10,102,7,500000.0,,1,3322,2025-10-16 15:17:08.010,
9058,49,2,49,9,249081.0,,1,3322,2025-10-16 16:48:05.460,
9059,49,8,49,9,400000.0,,1,3322,2025-10-16 16:48:26.767,
9060,24,14,24,13,1225505.0,,1,3322,2025-10-16 16:50:03.043,
9061,215,3,215,8,508489.0,,1,3322,2025-10-17 09:38:26.393,
9062,181,5,182,13,500000.0,,1,6131,2025-10-17 10:13:59.513,
9063,181,10,182,13,98000.0,,1,6131,2025-10-17 10:14:27.677,
9064,52,2,52,13,160035.0,,1,3322,2025-10-17 10:29:28.070,
9065,52,9,52,13,252079.0,,1,3322,2025-10-17 10:29:52.963,
9066,52,3,52,13,113475.0,,1,3322,2025-10-17 10:30:19.780,
9067,11,2,11,13,225393.0,,1,3322,2025-10-17 11:10:26.650,
9068,11,1,11,13,325276.0,,1,3322,2025-10-17 11:10:55.920,
9069,52,9,52,13,750000.0,,1,3322,2025-10-17 11:11:43.637,
9070,20,2,20,9,395068.0,,1,3322,2025-10-17 11:13:30.270,
9071,39,13,39,7,750000.0,,1,3322,2025-10-17 12:22:31.263,
9072,130,14,130,8,3350010.0,,1,3322,2025-10-17 12:32:56.463,
9073,52,9,52,7,500000.0,,1,3358,2025-10-17 16:12:21.563,
9074,52,14,52,10,100000.0,,1,3358,2025-10-17 16:12:55.027,
9075,215,1,215,7,1000000.0,,1,3358,2025-10-17 16:13:22.927,
9076,215,7,215,3,600000.0,,1,3358,2025-10-17 16:17:11.993,
9077,52,1,52,8,598372.0,,1,3322,2025-10-17 17:01:50.400,
9078,111,10,111,7,3000000.0,,1,3322,2025-10-17 17:44:17.037,
9079,22,13,22,7,1200000.0,,1,2073,2025-10-20 08:41:17.407,
9080,65,13,65,7,500000.0,,1,2073,2025-10-20 08:42:25.347,
9081,65,13,65,7,1000000.0,,1,2073,2025-10-20 08:49:35.450,
9082,240,7,240,13,400000.0,,1,3322,2025-10-20 10:34:06.637,
9083,62,14,62,13,983465.0,,1,3322,2025-10-20 10:36:00.337,
9084,111,3,111,13,700000.0,,1,3322,2025-10-20 10:46:53.377,
9085,242,13,242,7,200000.0,,1,9703,2025-10-20 11:09:21.440,
9086,65,14,65,7,6219556.0,,1,3322,2025-10-20 11:55:05.073,
9087,181,7,181,9,500000.0,,1,3322,2025-10-20 15:41:23.593,
9088,181,7,181,10,100000.0,,1,3322,2025-10-20 16:00:11.300,
9089,234,7,234,13,800000.0,,1,3322,2025-10-21 10:49:46.900,
9090,51,10,51,7,230000.0,,1,3310,2025-10-21 13:05:57.170,
9091,24,9,24,3,2500000.0,,1,10214,2025-10-21 13:14:18.660,
9092,94,3,94,7,98360.0,,1,9275,2025-10-22 10:03:14.417,
9093,102,9,102,7,600000.0,,1,3322,2025-10-22 12:42:09.217,
9094,102,10,102,7,600000.0,,1,3322,2025-10-22 12:42:36.440,
9095,3,10,3,7,71000.0,,1,2755,2025-10-22 16:08:25.053,
9096,15,5,15,7,700000.0,,1,3322,2025-10-23 10:08:37.010,
9097,164,4,164,7,700000.0,,1,3322,2025-10-23 10:09:28.167,
9098,22,3,22,8,2340254.0,,1,3322,2025-10-23 11:00:30.597,
9099,215,2,215,13,616259.0,,1,3322,2025-10-23 12:23:20.563,
9100,61,3,61,9,294227.0,,1,3322,2025-10-23 14:47:55.627,
9101,123,7,123,3,500000.0,,1,2052,2025-10-23 19:08:50.580,
9102,234,7,234,13,1000000.0,,1,9172,2025-10-24 10:53:34.467,
9103,189,10,189,7,257518.0,,1,8803,2025-10-24 14:56:59.383,
9104,102,10,102,7,610224.0,,1,3322,2025-10-24 16:06:40.893,
9105,102,14,102,7,340542.0,,1,3322,2025-10-24 16:07:10.777,
9106,102,2,102,7,203743.0,,1,3322,2025-10-24 16:07:39.817,
9107,61,14,61,7,868088.0,,1,3322,2025-10-24 18:12:30.377,
9108,61,10,61,7,400000.0,,1,3322,2025-10-24 18:12:59.913,
9109,15,6,15,13,600000.0,,1,3322,2025-10-24 18:33:27.587,
9110,28,4,28,8,1089487.0,,1,3322,2025-10-24 19:17:34.733,
9111,152,3,152,13,508910.0,,1,3322,2025-10-27 11:34:13.487,
9112,149,3,149,13,537274.0,,1,3322,2025-10-27 11:34:50.707,
9113,28,3,28,9,934171.0,,1,3322,2025-10-27 11:40:03.403,
9114,22,4,22,8,704393.0,,1,3322,2025-10-28 15:17:19.530,
9115,22,2,22,8,622493.0,,1,3322,2025-10-28 15:17:46.130,
9116,4,13,4,7,1500000.0,,1,1567,2025-10-28 15:23:04.273,
9117,15,5,15,13,743010.0,,1,3322,2025-10-28 16:50:51.440,
9118,15,14,15,13,316149.0,,1,3322,2025-10-28 16:51:29.260,
9119,4,3,4,7,10075573.0,,1,3322,2025-10-29 12:08:28.763,
9120,51,10,51,7,1000000.0,,1,3310,2025-10-29 14:37:24.620,
9121,104,3,104,7,1000000.0,internal budget transfer,1,8859,2025-10-29 16:31:01.390,
9122,9,14,128,2,100000.0,,1,7130,2025-10-29 17:55:39.420,
9123,60,1,60,7,100000.0,,1,8803,2025-10-30 00:46:24.543,
9124,60,1,60,7,28000.0,,1,8803,2025-10-30 00:48:16.670,
9125,181,3,181,7,120000.0,,1,9374,2025-10-30 05:28:13.903,
9126,22,5,22,3,333329.0,,1,3322,2025-10-30 10:48:02.583,
9127,20,1,11,7,500000.0,,1,7308,2025-10-30 14:54:31.837,
9128,181,5,181,7,800000.0,,1,3322,2025-10-30 16:28:33.850,
9129,22,8,22,3,50000.0,,1,3852,2025-10-31 15:26:51.553,
9130,22,8,22,3,120000.0,,1,3852,2025-10-31 15:27:11.777,
9131,22,8,22,3,50000.0,,1,3852,2025-10-31 15:32:37.513,
9132,128,2,128,7,300000.0,,1,3322,2025-10-31 16:14:39.560,
9133,128,1,128,7,257526.0,,1,3322,2025-10-31 16:15:02.253,
9134,149,1,149,13,340000.0,,1,3322,2025-10-31 20:28:41.643,
9135,49,3,49,13,959640.0,,1,3322,2025-10-31 20:40:12.200,
9136,104,14,104,7,150000.0,,1,3322,2025-11-03 10:13:34.277,
9137,104,14,104,7,3200000.0,,1,3322,2025-11-03 10:14:34.760,
9138,128,7,128,2,100.0,,1,7130,2025-11-03 11:31:44.080,
9139,11,3,11,13,357685.0,,1,3322,2025-11-03 13:06:55.583,
9140,11,9,11,13,300000.0,,1,3322,2025-11-03 13:07:27.730,
9141,20,3,20,13,296750.0,,1,3322,2025-11-03 13:08:28.790,
9142,20,9,20,13,200000.0,,1,3322,2025-11-03 13:08:53.517,
9143,164,5,164,8,394200.0,,1,3322,2025-11-03 13:17:12.990,
9144,128,7,128,2,300000.0,,1,7130,2025-11-03 15:34:46.223,
9145,128,7,128,2,33834.0,,1,7130,2025-11-03 15:43:00.413,
9146,9,14,128,7,33834.0,,1,7130,2025-11-03 15:56:13.517,
9147,164,6,164,8,1100000.0,,1,812,2025-11-03 16:45:17.807,
9148,15,10,15,8,1300000.0,,1,812,2025-11-03 16:47:39.920,
9149,15,4,15,7,600000.0,,1,812,2025-11-03 16:51:09.990,
9150,16,10,16,7,420000.0,,1,5611,2025-11-03 17:00:53.503,
9151,16,2,16,7,290000.0,,1,5611,2025-11-03 17:01:16.277,
9152,16,8,16,7,135000.0,,1,5611,2025-11-03 17:01:55.943,
9153,16,3,16,7,140000.0,,1,5611,2025-11-03 17:02:18.027,
9154,16,9,16,7,27000.0,,1,5611,2025-11-03 17:02:39.110,
9155,234,7,234,13,1000000.0,,1,10050,2025-11-04 10:25:34.873,
9156,181,2,181,1,94000.0,,1,9374,2025-11-04 23:53:27.770,
9157,20,9,20,14,100000.0,,1,7308,2025-11-05 11:18:49.463,
9158,9,10,9,3,656090.0,,1,7130,2025-11-05 11:22:27.730,
9159,20,1,20,7,521563.0,,1,3322,2025-11-05 11:22:45.217,
9160,186,2,186,8,700000.0,,1,3322,2025-11-05 13:14:08.207,
9161,182,4,182,9,100000.0,,1,3322,2025-11-05 17:46:45.793,
9162,182,2,182,9,65078.0,,1,3322,2025-11-05 17:47:31.087,
9163,156,3,156,9,500000.0,,1,3322,2025-11-05 18:19:40.740,
9164,115,10,115,1,200000.0,,1,7363,2025-11-05 18:35:05.523,
9165,27,14,27,13,450000.0,,1,3322,2025-11-06 10:07:37.057,
9166,142,14,242,14,2000000.0,Supporting team navigator,1,2135,2025-11-06 15:41:15.453,
9167,27,3,27,7,488421.0,,1,3322,2025-11-06 17:34:41.013,
9168,-1,-1,-1,-1,355000.0,ETP maintenance amount is exceeded from budgeted amount.,1,-1,2025-11-07 09:58:06.283,
9169,-1,322,-1,318,355000.0,ETP pumps amount is exceeded from budgeted amount.,1,9429,2025-11-07 10:02:51.343,
9170,-1,320,-1,319,440000.0,ETP maintenance amount is exceeded from budgeted amount.,1,9429,2025-11-07 10:05:29.647,
9171,27,14,27,10,800000.0,,1,3310,2025-11-07 12:08:54.547,
9172,27,14,27,7,600000.0,,1,3310,2025-11-07 12:10:29.357,
9173,27,10,27,9,300000.0,,1,3310,2025-11-07 12:13:48.360,
9174,11,194,11,7,127960.0,DM Marketing Budget Transfer as per email and approval from DM.,1,7308,2025-11-08 20:51:09.920,
9175,163,194,11,7,22445.0,DM Marketing Budget Transfer as per email and approval from DM.,1,7308,2025-11-08 20:51:09.920,
9176,52,194,11,7,276787.0,DM Marketing Budget Transfer as per email and approval from DM.,1,7308,2025-11-08 20:51:09.920,
9177,215,194,11,7,515389.0,DM Marketing Budget Transfer as per email and approval from DM.,1,7308,2025-11-08 20:51:09.920,
9178,11,194,11,7,1112153.0,DM Marketing Budget Transfer as per email and approval from DM.,1,7308,2025-11-08 20:51:09.920,
9179,20,194,11,7,518981.0,DM Marketing Budget Transfer as per email and approval from DM.,1,7308,2025-11-08 20:51:09.920,
9180,242,14,242,7,500000.0,,1,3322,2025-11-10 15:27:36.837,
9181,11,7,11,13,600000.0,,1,3322,2025-11-10 17:34:30.487,
9182,182,3,182,13,300000.0,,1,3322,2025-11-10 17:42:55.447,
9183,65,10,65,14,3796161.0,Budget movement due to negative balance,1,8802,2025-11-11 11:05:32.863,
9184,24,9,24,3,500000.0,,1,9225,2025-11-11 15:12:38.803,
9185,19,14,19,7,1644263.0,,1,3322,2025-11-11 15:55:22.390,
9186,114,10,114,7,500000.0,,1,2755,2025-11-11 15:55:35.130,
9187,19,1,19,8,479959.0,,1,3322,2025-11-11 17:18:36.047,
9188,19,2,19,8,500000.0,,1,3322,2025-11-11 17:19:02.210,
9189,15,3,15,13,501980.0,,1,3322,2025-11-11 17:43:32.760,
9190,15,234,15,13,338495.0,,1,3322,2025-11-11 17:43:58.420,
9191,33,13,33,7,1000000.0,,1,812,2025-11-11 17:44:16.067,
9192,15,4,15,13,389191.0,,1,3322,2025-11-11 17:44:32.680,
9193,19,10,19,3,1000000.0,,1,2887,2025-11-11 19:07:21.283,
9194,114,10,114,7,150000.0,,1,2755,2025-11-12 11:30:27.017,
9195,114,10,114,7,50000.0,,1,2755,2025-11-12 11:31:37.347,
9196,49,5,49,13,394655.0,,1,3322,2025-11-12 11:43:02.440,
9197,183,3,183,13,150000.0,,1,3322,2025-11-12 12:12:36.830,
9198,183,14,183,13,92804.0,,1,3322,2025-11-12 12:13:09.930,
9199,183,234,183,13,170084.0,,1,3322,2025-11-12 12:14:02.803,
9200,9,14,9,3,75000.0,,1,7130,2025-11-12 13:06:38.437,
9201,9,10,9,3,41000.0,,1,7130,2025-11-12 13:09:03.013,
9202,191,2,191,8,600000.0,,1,3322,2025-11-12 15:20:28.257,
9203,114,2,114,13,640124.0,,1,3322,2025-11-12 15:27:15.110,
9204,191,9,191,13,700000.0,,1,3322,2025-11-12 15:33:26.297,
9205,35,14,35,8,527332.0,,1,3322,2025-11-12 18:12:18.840,
9206,181,9,181,3,250000.0,,1,6131,2025-11-13 10:06:13.997,
9207,49,7,49,3,100000.0,,1,1912,2025-11-13 11:28:42.327,
9208,49,14,49,7,250000.0,,1,1912,2025-11-13 11:49:43.533,
9209,49,2,49,7,100000.0,,1,1912,2025-11-13 11:50:07.417,
9210,49,8,49,7,1300000.0,,1,1912,2025-11-13 11:51:13.307,
9211,11,7,11,10,150000.0,,1,3358,2025-11-13 12:04:25.630,
9212,11,7,11,13,300000.0,,1,3358,2025-11-13 12:05:50.143,
9213,181,9,181,13,1000000.0,,1,6131,2025-11-13 12:11:02.560,
9214,41,14,41,10,500000.0,,1,3322,2025-11-13 12:55:45.663,
9215,28,2,28,9,891544.0,,1,3322,2025-11-13 13:03:39.000,
9216,156,3,156,9,700000.0,,1,3322,2025-11-13 14:59:31.797,
9217,24,14,24,13,800000.0,,1,3322,2025-11-13 15:09:57.777,
9218,181,9,181,13,800000.0,,1,3322,2025-11-13 15:16:17.457,
9219,178,2,178,7,300000.0,,1,5660,2025-11-13 15:29:43.737,
9220,181,10,181,8,250000.0,,1,3322,2025-11-13 15:36:15.903,
9221,152,2,152,13,450000.0,,1,3322,2025-11-13 16:27:42.977,
9222,152,14,152,13,325218.0,,1,3322,2025-11-13 16:28:21.233,
9223,149,5,149,13,343033.0,,1,3322,2025-11-13 16:29:21.517,
9224,114,10,114,7,200000.0,,1,2755,2025-11-13 17:01:36.153,
9225,15,13,15,7,200000.0,,1,3322,2025-11-13 17:40:12.423,
9226,11,7,11,9,350000.0,,1,3322,2025-11-13 17:47:20.773,
9227,181,9,181,7,806077.0,,1,3322,2025-11-14 16:11:00.833,
9228,181,234,181,7,331320.0,,1,3322,2025-11-14 16:11:28.617,
9229,181,1,181,7,58338.0,,1,3322,2025-11-14 16:12:06.620,
9230,181,3,181,7,156986.0,,1,3322,2025-11-14 16:12:55.443,
9231,181,13,181,7,200000.0,,1,3322,2025-11-14 16:14:36.933,
9232,37,14,37,7,700000.0,,1,2887,2025-11-14 16:16:39.760,
9233,11,7,11,8,250000.0,,1,3322,2025-11-14 17:22:31.050,
9234,37,9,37,7,1000000.0,,1,2887,2025-11-17 11:57:45.197,
9235,11,7,11,3,100000.0,,1,3358,2025-11-17 11:59:54.677,
9236,42,7,108,13,300000.0,,1,9172,2025-12-22 14:24:06.397,
9237,234,7,234,13,60000.0,,1,9172,2025-11-17 12:04:25.133,
9238,11,7,11,2,50000.0,,1,3358,2025-11-17 12:05:45.293,
9239,9,10,9,3,88000.0,,1,7130,2025-11-17 12:08:00.640,
9240,9,10,9,3,37500.0,,1,7130,2025-11-17 12:17:56.420,
9241,11,7,11,3,20000.0,,1,3358,2025-11-17 12:29:48.673,
9242,114,10,114,7,700000.0,,1,3322,2025-11-17 15:30:12.873,
9243,191,10,191,13,700000.0,,1,3322,2025-11-17 15:37:25.990,
9244,164,8,164,13,600000.0,,1,3322,2025-11-17 15:39:32.133,
9245,142,14,142,7,500000.0,Budget deficit in head,1,2135,2025-11-18 02:29:19.313,
9246,142,14,142,7,4500000.0,,1,2135,2025-11-18 02:30:55.103,
9247,152,4,189,7,80000.0,,1,9845,2025-11-18 10:41:51.267,
9248,11,7,11,13,265000.0,,1,3358,2025-11-18 11:02:21.350,
9249,24,7,24,3,600000.0,,1,10214,2025-11-18 15:20:27.643,
9250,182,10,182,7,350000.0,,1,3322,2025-11-18 17:14:49.757,
9251,180,3,180,13,900000.0,,1,3322,2025-11-18 17:17:08.727,
9252,183,2,183,7,370486.0,,1,3322,2025-11-18 17:26:46.057,
9253,183,9,183,7,253841.0,,1,3322,2025-11-18 17:27:14.047,
9254,183,10,183,7,270001.0,,1,3322,2025-11-18 17:27:37.163,
9255,242,14,242,7,300000.0,,1,9703,2025-11-19 10:33:05.483,
9256,242,13,242,7,300000.0,,1,9703,2025-11-19 10:35:52.557,
9257,9,10,9,3,80000.0,,1,7130,2025-11-19 11:15:11.687,
9258,9,10,9,3,615000.0,,1,7130,2025-11-19 13:09:33.810,
9259,53,14,53,3,310000.0,,1,7130,2025-11-19 13:11:14.553,
9260,9,1,9,13,1000000.0,,1,7130,2025-11-19 13:27:42.380,
9261,11,8,11,3,100000.0,,1,3358,2025-11-19 15:05:14.747,
9262,164,3,164,13,232000.0,,1,3322,2025-11-19 16:41:21.243,
9263,164,1,164,13,295750.0,,1,3322,2025-11-19 16:41:48.013,
9264,156,1,156,13,934413.0,,1,3322,2025-11-19 17:24:50.737,
9265,182,10,182,9,200000.0,,1,3322,2025-11-19 17:33:56.237,
9266,234,2,234,13,80000.0,,1,10050,2025-11-19 17:53:19.500,
9267,234,7,234,13,50000.0,,1,10050,2025-11-19 17:53:38.503,
9268,234,2,234,13,789867.0,,1,3322,2025-11-19 18:24:09.917,
9269,244,15,244,5,150000.0,,1,10375,2025-11-19 20:57:12.490,
9270,4,14,4,7,3000000.0,,1,7362,2025-11-20 00:23:59.970,
9271,183,13,183,7,50000.0,,1,6131,2025-11-20 10:27:05.443,
9272,11,2,11,3,30000.0,,1,3358,2025-11-20 11:48:31.490,
9273,114,10,114,7,100000.0,,1,2755,2025-11-20 12:27:16.767,
9274,114,10,114,7,100000.0,,1,2755,2025-11-20 12:27:19.287,
9275,12,2,12,7,978472.0,,1,3322,2025-11-20 12:38:44.600,
9276,114,9,114,1,200000.0,,1,9702,2025-11-20 13:11:20.483,
9277,180,9,180,7,25000.0,,1,6131,2025-11-20 15:24:30.420,
9278,65,9,65,7,800000.0,budget movement request due to negative balance,1,1196,2025-11-20 15:24:35.483,
9279,180,9,180,7,20000.0,,1,6131,2025-11-20 15:26:10.523,
9280,182,234,182,13,47135.0,,1,3322,2025-11-20 16:23:30.060,
9281,182,10,182,13,186364.0,,1,3322,2025-11-20 16:24:05.973,
9282,28,1,28,3,100000.0,,1,9845,2025-11-20 16:41:05.150,
9283,16,7,16,3,500000.0,,1,3310,2025-11-21 07:50:39.600,
9284,183,13,183,7,149400.0,,1,3322,2025-11-21 10:29:23.250,
9285,234,7,234,13,350000.0,,1,3322,2025-11-21 11:40:42.613,
9286,182,9,182,13,100000.0,,1,6131,2025-11-21 12:02:17.830,
9287,182,9,182,13,50000.0,,1,6131,2025-11-21 12:06:26.953,
9288,61,7,61,13,1500000.0,,1,6131,2025-11-21 12:12:21.013,
9289,182,13,182,9,150000.0,,1,3322,2025-11-21 15:31:57.580,
9290,4,7,4,13,200000.0,,1,7362,2025-11-21 15:37:45.033,
9291,114,9,114,7,200000.0,,1,2755,2025-11-21 16:38:37.967,
9292,215,7,11,7,3000000.0,,1,3358,2025-11-21 16:47:14.327,
9293,114,234,114,13,300000.0,,1,3322,2025-11-24 10:40:22.647,
9294,16,7,16,10,1200000.0,,1,3310,2025-11-24 10:44:31.613,
9295,16,3,16,9,528855.0,,1,3322,2025-11-24 11:30:12.043,
9296,16,10,16,13,750000.0,,1,3322,2025-11-24 11:32:04.587,
9297,16,7,16,8,300000.0,,1,3322,2025-11-24 12:02:02.150,
9298,16,7,16,2,450000.0,,1,3310,2025-11-24 13:12:29.913,
9299,28,5,28,2,500000.0,,1,8803,2025-11-24 13:15:14.123,
9300,94,6,94,3,400000.0,,1,9275,2025-11-24 15:14:37.453,
9301,94,13,94,3,750000.0,,1,9275,2025-11-24 15:15:26.230,
9302,94,2,94,3,614000.0,,1,9275,2025-11-24 15:16:48.097,
9303,94,5,94,3,401000.0,,1,9275,2025-11-24 15:17:09.300,
9304,94,10,94,3,375000.0,,1,9275,2025-11-24 15:17:37.777,
9305,94,14,94,3,153540.0,,1,9275,2025-11-24 15:19:38.160,
9306,234,7,234,13,400000.0,,1,3322,2025-11-24 15:24:02.293,
9307,234,1,234,13,225239.0,,1,3322,2025-11-24 15:24:23.770,
9308,234,7,234,13,153834.0,,1,3322,2025-11-24 16:15:32.540,
9309,24,1,24,13,970698.0,,1,3322,2025-11-24 17:34:39.153,
9310,28,5,28,2,500000.0,,1,8803,2025-11-24 17:35:20.237,
9311,170,14,170,3,550000.0,,1,9275,2025-11-24 18:48:38.000,
9312,149,14,149,13,209842.0,,1,3322,2025-11-25 11:44:10.470,
9313,149,2,149,13,108600.0,,1,3322,2025-11-25 11:46:26.580,
9314,114,10,114,7,300000.0,,1,2755,2025-11-25 13:34:49.450,
9315,53,6,53,3,300000.0,,1,7363,2025-11-25 17:38:58.787,
9316,142,9,142,7,1500000.0,,1,2887,2025-11-26 03:16:57.333,
9317,4,14,4,7,5000000.0,,1,7362,2025-11-26 10:55:58.117,
9318,42,7,108,13,600000.0,,1,9169,2025-12-02 11:23:53.990,
9319,108,7,108,13,1034880.0,,1,3322,2025-11-26 11:30:40.930,
9320,108,1,108,13,75040.0,,1,3322,2025-11-26 11:37:09.923,
9321,42,14,108,13,1075551.0,As per instruction for PM Bilal,1,3322,2025-11-26 11:39:28.180,
9322,42,14,108,13,1075551.0,,1,10050,2025-11-26 11:44:51.523,
9323,16,7,16,13,1000000.0,,1,3322,2025-11-26 14:58:24.300,
9324,114,9,114,7,1500000.0,,1,3322,2025-11-26 15:29:03.907,
9325,51,3,51,9,1379885.0,,1,3322,2025-11-26 16:11:56.623,
9326,114,10,114,4,400000.0,,1,2755,2025-11-26 17:56:30.103,
9327,114,7,114,4,1328000.0,,1,2755,2025-11-26 18:18:57.880,
9328,12,7,12,4,427000.0,,1,2755,2025-11-26 18:20:10.740,
9329,24,8,24,3,2000000.0,,1,10214,2025-11-27 09:49:43.193,
9330,142,3,142,7,1000000.0,,1,2887,2025-11-27 09:54:11.900,
9331,142,3,142,8,2500000.0,,1,3322,2025-11-27 09:55:01.727,
9332,24,8,24,7,2000000.0,,1,10214,2025-11-27 10:13:24.570,
9333,104,13,104,1,1000000.0,internal budget transfer,1,8859,2025-11-27 10:26:37.943,
9334,148,2,148,7,603000.0,,1,9275,2025-11-27 11:49:30.247,
9335,148,14,148,7,500000.0,,1,9275,2025-11-27 11:49:57.610,
9336,148,13,148,7,500000.0,,1,9275,2025-11-27 11:50:25.737,
9337,148,10,148,7,150000.0,,1,9275,2025-11-27 11:50:48.840,
9338,148,4,148,7,47500.0,,1,9275,2025-11-27 11:51:45.633,
9339,164,10,164,13,300000.0,,1,3322,2025-11-27 17:19:43.320,
9340,114,9,114,13,800000.0,,1,3322,2025-11-27 17:22:13.560,
9341,152,1,152,13,450000.0,,1,3322,2025-11-27 17:34:10.353,
9342,104,1,104,7,500000.0,Internal Budget Transfer,1,10104,2025-11-28 11:42:40.507,
9343,104,3,104,7,500000.0,Internal Budget Transfer,1,10104,2025-11-28 11:44:03.467,
9344,9,10,9,3,60000.0,,1,7363,2025-11-28 15:24:23.050,
9345,242,9,242,7,200000.0,,1,9703,2025-11-28 18:19:18.467,
9346,242,9,242,7,200000.0,,1,9703,2025-11-28 18:19:59.490,
9347,65,14,65,9,500000.0,,1,3322,2025-12-01 11:46:35.687,
9348,152,5,152,13,400000.0,,1,3322,2025-12-01 11:48:32.103,
9349,4,2,4,13,1200000.0,,1,3322,2025-12-01 11:56:18.113,
9350,114,10,114,7,700000.0,,1,3322,2025-12-01 12:06:09.803,
9351,4,2,4,7,1000000.0,,1,7362,2025-12-01 14:19:17.260,
9352,11,7,11,3,100000.0,,1,3358,2025-12-01 15:01:26.233,
9353,9,9,9,3,150000.0,,1,7363,2025-12-01 15:05:39.100,
9354,62,13,62,5,200000.0,,1,9703,2025-12-01 16:03:17.147,
9355,114,7,114,4,205000.0,,1,2755,2025-12-01 17:30:04.727,
9356,41,13,41,7,1000000.0,Internal Budget Transfer,1,10104,2025-12-02 10:23:30.580,
9357,41,4,41,7,500000.0,Internal Budget Transfer,1,10104,2025-12-02 10:25:04.783,
9358,41,3,41,7,1000000.0,Internal Budget Transfer,1,10104,2025-12-02 10:26:05.607,
9359,41,3,41,7,1000000.0,Internal Budget Transfer,1,10104,2025-12-02 10:26:29.957,
9360,42,7,108,13,300000.0,,1,9172,2025-12-02 11:18:45.803,
9361,65,14,65,7,2860965.0,,1,3322,2025-12-02 12:31:28.647,
9362,164,13,164,8,148000.0,,1,812,2025-12-02 12:39:27.870,
9363,164,4,164,8,228000.0,,1,812,2025-12-02 12:39:54.143,
9364,164,10,164,8,151000.0,,1,812,2025-12-02 12:40:18.037,
9365,164,8,33,8,705000.0,,1,812,2025-12-02 12:40:53.847,
9366,13,9,13,7,100000.0,,1,9702,2025-12-03 12:17:04.957,
9367,178,1,178,126,150000.0,,1,9111,2025-12-03 12:39:58.970,
9368,2,14,2,126,198335.0,,1,9111,2025-12-03 12:40:52.360,
9369,57,1,57,126,100000.0,,1,9111,2025-12-03 12:41:38.547,
9370,112,14,112,126,100000.0,,1,9111,2025-12-03 12:43:56.797,
9371,50,14,50,126,100000.0,,1,9111,2025-12-03 12:44:24.990,
9372,156,3,156,9,800000.0,,1,3322,2025-12-03 16:27:08.583,
9373,152,8,152,13,777863.0,,1,3322,2025-12-03 16:34:11.853,
9374,9,2,9,13,748000.0,,1,3322,2025-12-04 10:47:06.943,
9375,11,7,11,3,50000.0,,1,3358,2025-12-04 11:16:52.143,
9376,53,6,53,13,200000.0,,1,7363,2025-12-04 14:17:31.667,
9377,11,7,11,14,116000.0,,1,7308,2025-12-04 14:31:56.607,
9378,11,7,11,1,62000.0,,1,3358,2025-12-04 15:18:12.687,
9379,112,1,112,13,1377701.0,,1,3322,2025-12-04 15:50:27.130,
9380,142,9,142,7,1000000.0,,1,2887,2025-12-04 15:53:29.170,
9381,19,9,33,8,150000.0,,1,2887,2025-12-05 11:39:38.493,
9382,51,7,51,10,700000.0,,1,3310,2025-12-05 12:43:15.283,
9383,4,2,4,7,1500000.0,,1,3322,2025-12-05 15:18:11.747,
9384,65,4,65,7,599998.0,,1,3322,2025-12-05 18:26:03.353,
9385,2,1,2,9,500000.0,,1,3322,2025-12-08 10:18:53.593,
9386,148,5,148,7,300000.0,,1,9275,2025-12-08 11:33:31.667,
9387,114,9,114,3,400000.0,,1,2755,2025-12-08 15:49:54.787,
9388,49,7,49,9,1500000.0,,1,3322,2025-12-08 18:11:44.580,
9389,96,7,96,9,500000.0,,1,3322,2025-12-08 18:12:44.810,
9390,24,2,24,13,521150.0,,1,3322,2025-12-08 18:17:35.077,
9391,142,10,142,7,500000.0,,1,2887,2025-12-09 09:40:30.083,
9392,11,7,11,3,100000.0,,1,3358,2025-12-09 11:29:08.127,
9393,11,7,11,10,600000.0,,1,3322,2025-12-09 12:02:42.757,
9394,9,7,9,3,30000.0,,1,7363,2025-12-09 12:42:18.667,
9395,112,3,112,7,200000.0,,1,9111,2025-12-10 10:01:51.980,
9396,62,13,62,7,200000.0,,1,9703,2025-12-10 12:46:01.163,
9397,53,2,53,9,336288.0,,1,3322,2025-12-10 15:49:41.910,
9398,53,1,53,13,203315.0,,1,3322,2025-12-10 15:56:34.737,
9399,9,4,9,13,754350.0,,1,3322,2025-12-10 15:57:12.657,
9400,24,9,24,13,1200000.0,,1,3322,2025-12-10 16:11:29.153,
9401,2,7,2,13,1400000.0,,1,3322,2025-12-10 16:19:22.663,
9402,50,14,50,13,900000.0,,1,3322,2025-12-10 16:22:14.210,
9403,9,14,9,8,352880.0,,1,3322,2025-12-10 17:38:19.087,
9404,13,2,13,7,120000.0,,1,2755,2025-12-10 23:14:24.327,
9405,13,10,13,7,1880000.0,,1,2755,2025-12-10 23:35:04.773,
9406,13,2,13,7,300000.0,,1,2755,2025-12-10 23:36:13.743,
9407,114,1,114,2,70000.0,,1,2755,2025-12-10 23:41:22.080,
9408,19,9,19,5,80000.0,,1,2887,2025-12-11 01:26:50.070,
9409,37,9,37,5,80000.0,,1,2887,2025-12-11 01:27:07.747,
9410,142,9,142,5,200000.0,,1,2887,2025-12-11 01:27:26.213,
9411,186,10,186,5,200000.0,,1,2887,2025-12-11 01:27:44.500,
9412,65,13,65,10,80000.0,,1,3322,2025-12-11 10:29:45.417,
9413,114,10,114,3,250000.0,,1,9702,2025-12-11 11:05:18.780,
9414,13,2,13,7,803340.0,,1,3322,2025-12-11 12:12:22.507,
9415,156,4,156,7,458643.0,,1,3322,2025-12-11 14:40:47.483,
9416,156,6,156,7,467706.0,,1,3322,2025-12-11 14:41:14.863,
9417,142,10,142,7,400000.0,,1,2887,2025-12-11 17:17:58.137,
9418,142,9,142,7,300000.0,,1,2887,2025-12-11 17:19:13.580,
9419,65,9,65,8,329540.0,,1,3322,2025-12-11 17:40:56.890,
9420,152,9,152,8,55000.0,,1,3322,2025-12-12 14:55:04.033,
9421,9,7,9,3,300000.0,,1,7363,2025-12-12 15:15:40.270,
9422,156,3,156,7,1000000.0,,1,8617,2025-12-12 16:37:25.673,
9423,156,3,156,7,1000000.0,,1,8617,2025-12-12 16:37:42.287,
9424,156,3,156,7,600000.0,,1,8617,2025-12-12 16:38:10.340,
9425,156,9,156,13,170000.0,,1,8617,2025-12-12 16:39:53.017,
9426,156,8,156,13,500000.0,,1,8617,2025-12-12 16:40:09.867,
9427,11,7,11,3,100000.0,,1,3358,2025-12-12 18:42:24.507,
9428,41,14,41,7,2000000.0,internal budget transfer,1,8859,2025-12-15 10:12:16.680,
9429,3,4,3,7,200000.0,,1,2755,2025-12-15 13:04:08.557,
9430,4,8,4,7,5000000.0,,1,7362,2025-12-15 15:05:01.083,
9431,3,4,3,7,100000.0,,1,2755,2025-12-15 15:46:49.673,
9432,12,10,12,7,300000.0,,1,2755,2025-12-15 15:54:01.907,
9433,12,10,12,7,30000.0,,1,2755,2025-12-15 15:54:47.497,
9434,24,9,24,7,1700000.0,,1,10214,2025-12-15 18:44:07.600,
9435,24,8,24,7,800000.0,,1,10214,2025-12-15 18:44:54.733,
9436,156,13,156,7,500000.0,,1,8617,2025-12-16 10:45:43.867,
9437,12,13,12,2,80000.0,,1,2755,2025-12-16 11:20:36.227,
9438,50,10,50,9,1200000.0,,1,3322,2025-12-16 12:39:40.130,
9439,114,4,114,7,1753105.0,,1,3322,2025-12-16 12:46:22.173,
9440,156,14,156,7,908516.0,,1,3322,2025-12-16 15:22:49.270,
9441,49,7,49,10,900000.0,,1,3322,2025-12-16 15:30:43.217,
9442,4,14,4,13,1500000.0,,1,3322,2025-12-16 17:57:37.413,
9443,178,14,178,7,200000.0,,1,5660,2025-12-17 03:03:15.223,
9444,178,9,178,7,100000.0,,1,5660,2025-12-17 03:04:07.343,
9445,57,2,57,7,300000.0,,1,5660,2025-12-17 03:06:19.283,
9446,37,9,37,7,200000.0,,1,2887,2025-12-17 10:21:05.547,
9447,13,8,13,7,5000.0,,1,2755,2025-12-17 16:23:38.847,
9448,96,7,96,13,1500000.0,,1,3322,2025-12-17 17:28:40.190,
9449,152,10,152,13,250000.0,,1,3322,2025-12-17 17:58:12.300,
9450,152,4,152,13,90000.0,,1,3322,2025-12-17 17:58:31.620,
9451,104,14,104,7,500000.0,internal budget transfer,1,8859,2025-12-18 09:10:57.200,
9452,156,8,156,13,800000.0,,1,3322,2025-12-18 10:20:45.330,
9453,11,7,11,13,800000.0,,1,3322,2025-12-18 10:31:09.863,
9454,2,7,2,10,150000.0,,1,3322,2025-12-18 10:42:01.353,
9455,112,14,112,7,300000.0,,1,3322,2025-12-18 10:45:31.890,
9456,11,1,11,9,62000.0,,1,3322,2025-12-18 10:46:29.903,
9457,11,14,11,9,13361.0,,1,3322,2025-12-18 10:47:06.460,
9458,11,3,11,9,24511.0,,1,3322,2025-12-18 10:47:36.293,
9459,11,7,11,9,200000.0,,1,3322,2025-12-18 10:48:00.160,
9460,11,7,11,9,200000.0,,1,3322,2025-12-18 10:49:45.760,
9461,11,13,11,7,100000.0,,1,3322,2025-12-18 11:23:20.347,
9462,11,9,11,7,299650.0,,1,3322,2025-12-18 11:24:44.127,
9463,11,13,11,7,115110.0,,1,3322,2025-12-18 11:26:30.230,
9464,11,7,11,13,350000.0,,1,3322,2025-12-18 11:29:36.300,
9465,11,13,11,7,350000.0,,1,3322,2025-12-18 11:31:33.237,
9466,11,7,11,10,100000.0,,1,3322,2025-12-18 11:33:39.720,
9467,11,7,11,7,250000.0,,1,3322,2025-12-18 11:36:00.540,
9468,11,7,11,13,300000.0,,1,3322,2025-12-18 11:38:14.960,
9469,11,10,11,13,133620.0,,1,3322,2025-12-18 11:42:37.577,
9470,142,3,142,7,600000.0,,1,2887,2025-12-18 12:08:04.087,
9471,142,3,142,7,500000.0,,1,2887,2025-12-18 12:09:51.037,
9472,142,3,142,7,200000.0,,1,2887,2025-12-18 12:10:39.267,
9473,142,9,142,7,800000.0,,1,2887,2025-12-18 12:12:21.513,
9474,142,3,142,7,100000.0,,1,2887,2025-12-18 12:22:47.953,
9475,142,3,142,7,100000.0,,1,2887,2025-12-18 12:22:55.643,
9476,13,9,13,7,64000.0,,1,2755,2025-12-18 12:40:44.777,
9477,4,8,4,7,2000000.0,,1,1567,2025-12-18 13:46:00.147,
9478,11,13,11,9,166000.0,,1,3322,2025-12-18 15:12:49.643,
9479,11,8,11,13,32352.0,,1,3322,2025-12-18 15:28:17.903,
9480,11,7,11,9,57579.0,,1,3322,2025-12-18 15:30:26.737,
9481,13,1,13,7,200000.0,,1,2755,2025-12-18 19:10:58.810,
9482,142,3,142,7,100000.0,,1,2887,2025-12-18 20:08:16.420,
9483,13,13,13,7,100000.0,,1,2755,2025-12-18 20:52:16.633,
9484,13,13,13,1,200000.0,,1,2755,2025-12-18 20:56:52.120,
9485,13,13,13,1,25000.0,,1,2755,2025-12-18 20:57:35.940,
9486,142,14,142,8,2000000.0,,1,3322,2025-12-19 10:08:21.333,
9487,37,8,37,7,2100000.0,,1,2887,2025-12-19 10:32:09.417,
9488,9,6,9,13,200000.0,,1,3322,2025-12-19 11:55:23.833,
9489,12,1,12,7,380891.0,,1,3322,2025-12-19 12:11:42.087,
9490,53,3,53,10,237413.0,,1,3322,2025-12-19 12:13:55.240,
9491,156,13,156,7,300000.0,,1,8617,2025-12-19 14:37:27.443,
9492,156,13,156,7,160000.0,,1,8617,2025-12-19 14:37:50.527,
9493,156,8,156,10,500000.0,,1,3322,2025-12-19 14:42:22.507,
9494,156,5,156,7,450000.0,,1,8617,2025-12-19 14:43:18.830,
9495,42,7,108,13,20000.0,,1,10050,2025-12-19 14:50:53.890,
9496,41,13,41,10,1000000.0,,1,3043,2025-12-19 14:52:06.393,
9497,-1,334,-1,338,420000.0,budget transfer as per email.,1,263,2025-12-19 15:08:01.007,2025-12-19 15:19:06.563
9498,142,9,142,7,100000.0,,1,2887,2025-12-19 17:50:05.610,
9499,12,7,12,1,381380.0,,1,2755,2025-12-21 15:46:56.127,
9500,152,9,152,10,100000.0,,1,9845,2025-12-22 10:04:59.720,
9501,152,9,152,10,60000.0,,1,9845,2025-12-22 10:14:51.300,
9502,4,14,4,13,2000000.0,,1,3322,2025-12-22 10:33:36.357,
9503,142,2,142,7,700000.0,,1,3322,2025-12-22 11:50:06.927,
9504,42,7,108,13,400000.0,,1,9172,2025-12-22 14:21:18.653,
9505,4,2,4,7,1271041.0,,1,3322,2025-12-22 14:45:51.277,
9506,219,5,219,2,200000.0,,1,9702,2025-12-22 14:49:26.803,
9507,12,10,12,2,190000.0,,1,9702,2025-12-22 14:51:28.417,
9508,112,3,112,7,200000.0,,1,9111,2025-12-22 15:07:12.233,
9509,156,10,156,3,240000.0,,1,8620,2025-12-22 15:07:55.990,
9510,4,14,4,7,4000000.0,,1,1567,2025-12-23 14:46:15.477,
9511,96,7,96,10,600000.0,,1,3322,2025-12-24 10:26:23.357,
9512,240,7,240,10,450000.0,,1,3322,2025-12-24 10:38:34.860,
9513,4,8,218,7,6800000.0,,1,1985,2025-12-24 12:25:29.090,
9514,242,14,242,7,400000.0,,1,8858,2025-12-24 11:19:23.877,
9515,96,13,96,5,200000.0,,1,10214,2025-12-24 11:19:44.427,
9516,50,10,50,3,200000.0,,1,9111,2025-12-24 16:55:53.467,
9517,218,7,218,9,100000.0,,1,3852,2025-12-24 17:43:52.813,
9518,24,5,24,13,114939.0,,1,3322,2025-12-24 18:35:31.117,
9519,24,14,24,13,195048.0,,1,3322,2025-12-24 18:36:59.023,
9520,2,5,2,2,50000.0,,1,9111,2025-12-24 20:48:35.973,
9521,96,7,96,3,100000.0,,1,1912,2025-12-26 12:05:45.603,
9522,218,7,218,9,500000.0,,1,3322,2025-12-26 12:10:01.977,
9523,96,7,96,13,700000.0,,1,3322,2025-12-26 15:28:03.013,
9524,104,14,104,9,750000.0,,1,3322,2025-12-26 15:52:54.123,
9525,104,14,104,10,650000.0,,1,3322,2025-12-26 15:55:11.247,
9526,41,14,41,7,950000.0,,1,3322,2025-12-26 15:58:26.837,
9527,108,13,108,9,50000.0,,1,3322,2025-12-26 16:30:24.920,
9528,244,2,244,15,300000.0,,1,10375,2025-12-26 16:30:54.140,
9529,108,13,108,10,101000.0,,1,3322,2025-12-26 16:41:46.443,
9530,104,13,104,7,1000000.0,internal budget transfer,1,8859,2025-12-26 18:21:08.033,
9531,9,7,9,2,150000.0,,1,7363,2025-12-29 10:08:03.857,
9532,53,4,53,3,300000.0,,1,7363,2025-12-29 10:59:24.043,
9533,53,6,53,13,300000.0,,1,7363,2025-12-29 11:24:05.073,
9534,142,9,142,7,400000.0,,1,2887,2025-12-29 11:54:31.270,
9535,142,3,142,7,200000.0,,1,2887,2025-12-29 11:55:50.470,
9536,151,3,151,7,198000.0,,1,8617,2025-12-29 14:04:30.177,
9537,151,2,151,7,187000.0,,1,8617,2025-12-29 14:04:57.403,
9538,151,1,151,7,191000.0,,1,8617,2025-12-29 14:05:13.313,
9539,151,9,151,7,175000.0,,1,8617,2025-12-29 14:05:38.020,
9540,151,7,151,9,200000.0,,1,3322,2025-12-29 14:55:34.643,
9541,151,7,151,9,100000.0,,1,3322,2025-12-29 14:56:21.703,
9542,151,10,151,13,73000.0,,1,3322,2025-12-29 14:57:44.483,
9543,151,7,151,13,150000.0,,1,3322,2025-12-29 14:58:59.733,
9544,151,7,151,13,100000.0,,1,3322,2025-12-29 15:01:56.573,
9545,4,8,4,9,500000.0,,1,3322,2025-12-29 15:06:50.650,
9546,151,13,151,7,300000.0,,1,8617,2025-12-29 15:09:14.340,
9547,4,10,4,2,200000.0,,1,1567,2025-12-29 16:57:56.413,
9548,4,10,4,4,500000.0,,1,1567,2025-12-30 11:24:51.933,
9549,9,1,9,13,750000.0,,1,3322,2025-12-30 12:47:56.617,
9550,104,13,104,2,1500000.0,internal budget transfer,1,8859,2025-12-30 14:57:40.297,
9551,2,7,2,3,50000.0,,1,9111,2025-12-30 15:14:36.303,
9552,4,10,4,7,2500000.0,,1,1567,2025-12-30 18:26:17.100,
9553,4,1,4,13,357393.0,,1,3322,2025-12-31 10:09:39.207,
9554,9,7,9,2,600000.0,,1,7363,2025-12-31 13:04:49.587,
9555,96,7,96,3,500000.0,,1,10214,2025-12-31 15:06:30.193,
9556,2,126,2,10,25000.0,,1,5660,2025-12-31 15:28:27.227,
9557,102,10,102,2,500000.0,,1,3852,2026-01-01 11:23:47.937,
9558,65,1,65,7,600000.0,,1,3322,2026-01-01 14:30:45.640,
9559,65,14,65,7,823060.0,,1,3322,2026-01-01 14:31:54.237,
9560,102,9,102,8,550000.0,,1,9844,2026-01-01 15:36:16.107,
9561,111,3,111,8,653345.0,,1,3322,2026-01-02 11:13:37.653,
9562,111,1,111,8,708994.0,,1,3322,2026-01-02 11:14:16.130,
9563,111,2,111,8,408320.0,,1,3322,2026-01-02 11:14:47.823,
9564,149,14,149,13,222000.0,,1,3322,2026-01-02 15:43:03.347,
9565,149,5,149,9,189873.0,,1,3322,2026-01-02 15:48:32.287,
9566,131,14,131,9,2728196.0,,1,3322,2026-01-02 15:51:00.890,
9567,4,2,4,7,1645305.0,,1,3322,2026-01-02 16:02:43.370,
9568,149,3,149,13,280001.0,,1,3322,2026-01-02 16:59:03.923,
9569,114,9,114,7,400000.0,,1,9702,2026-01-02 17:06:13.567,
9570,114,10,114,7,200000.0,,1,2755,2026-01-02 23:30:07.143,
9571,102,8,102,14,40000.0,,1,2073,2026-01-04 12:37:51.987,
9572,51,7,51,3,400000.0,,1,3310,2026-01-05 14:46:45.300,
9573,51,7,51,3,400000.0,,1,3310,2026-01-05 14:46:46.063,
9574,61,10,61,2,700000.0,,1,9374,2026-01-06 12:38:53.997,
9575,180,14,180,2,750000.0,,1,9374,2026-01-06 12:44:20.950,
9576,156,1,156,9,311236.0,,1,3322,2026-01-06 16:27:21.907,
9577,152,4,152,13,150000.0,,1,3322,2026-01-06 17:44:32.397,
9578,152,1,152,13,150000.0,,1,3322,2026-01-06 17:44:56.650,
9579,152,2,152,13,150000.0,,1,3322,2026-01-06 17:45:24.983,
9580,152,3,152,13,150001.0,,1,3322,2026-01-06 17:51:57.730,
9581,152,14,152,13,150000.0,,1,3322,2026-01-06 17:52:38.300,
9582,96,7,96,3,1000000.0,,1,1912,2026-01-07 08:21:43.307,
9583,156,15,156,13,633706.0,,1,3322,2026-01-07 14:45:27.737,
9584,39,2,39,1,200000.0,budget movement request due to negative balance,1,1196,2026-01-07 17:49:19.180,
9585,12,1,12,7,200000.0,,1,9702,2026-01-07 19:18:08.797,
9586,12,1,12,7,100000.0,,1,9702,2026-01-07 19:21:11.863,
9587,112,2,112,7,700000.0,,1,9111,2026-01-07 22:51:20.257,
9588,61,2,61,1,225000.0,,1,9374,2026-01-08 10:06:47.307,
9589,245,14,245,1,210000.0,,1,9374,2026-01-08 10:08:10.523,
9590,142,3,142,8,900000.0,,1,3322,2026-01-08 10:35:38.953,
9591,156,3,156,7,1800000.0,,1,8617,2026-01-08 13:06:11.707,
9592,156,10,156,7,700000.0,,1,8617,2026-01-08 13:06:32.903,
9593,156,8,156,7,500000.0,,1,8617,2026-01-08 13:06:48.797,
9594,111,10,156,7,1800000.0,convert in social culture,1,8617,2026-01-08 13:09:21.120,
9595,111,8,156,7,900000.0,in social culture,1,8617,2026-01-08 13:09:58.987,
9596,236,10,236,13,750000.0,,1,3322,2026-01-08 14:32:02.960,
9597,41,14,41,7,1500000.0,,1,3322,2026-01-08 14:39:00.697,
9598,65,10,65,3,150000.0,,1,3322,2026-01-08 15:15:28.260,
9599,102,10,102,3,250000.0,,1,3322,2026-01-08 15:16:30.870,
9600,242,14,242,7,600000.0,,1,3322,2026-01-08 15:22:16.660,
9601,177,3,177,7,900000.0,,1,3322,2026-01-09 11:32:16.673,
9602,61,2,61,13,775952.0,,1,3322,2026-01-09 11:57:43.813,
9603,53,6,53,13,200000.0,,1,7363,2026-01-09 13:33:13.317,
9604,96,2,96,4,38500.0,,1,10214,2026-01-09 14:47:22.587,
9605,96,2,96,4,10000.0,,1,10214,2026-01-09 14:48:19.213,
9606,191,14,191,3,100000.0,,1,2755,2026-01-10 19:30:44.297,
9607,156,2,156,8,433443.0,,1,3322,2026-01-12 10:52:14.690,
9608,65,3,65,8,155330.0,,1,3322,2026-01-12 11:02:56.737,
9609,102,10,102,8,200000.0,,1,9844,2026-01-12 18:05:49.633,
9610,191,14,191,3,500000.0,,1,9702,2026-01-12 19:01:18.873,
9611,112,2,112,7,500000.0,,1,9111,2026-01-13 12:33:31.243,
9612,42,9,42,7,200000.0,,1,9172,2026-01-13 13:17:35.543,
9613,42,2,42,7,800000.0,,1,9172,2026-01-13 13:20:02.400,
9614,4,14,4,7,2500000.0,,1,7362,2026-01-13 14:39:26.207,
9615,4,14,4,7,5000000.0,,1,7362,2026-01-13 14:40:13.720,
9616,39,10,39,8,700000.0,,1,3322,2026-01-13 15:31:50.327,
9617,37,8,127,14,4000000.0,,1,2887,2026-01-13 15:50:16.290,
9618,156,14,156,7,414588.0,,1,3322,2026-01-13 17:39:28.730,
9619,156,6,156,7,155618.0,,1,3322,2026-01-13 17:39:57.410,
9620,156,4,156,7,148476.0,,1,3322,2026-01-13 17:40:19.367,
9621,156,5,156,7,173324.0,,1,3322,2026-01-13 17:40:57.867,
9622,156,13,156,7,200000.0,,1,3322,2026-01-13 17:41:28.673,
9623,142,3,142,7,605410.0,,1,3322,2026-01-13 18:06:25.610,
9624,244,13,244,15,500000.0,,1,10375,2026-01-13 18:07:08.720,
9625,170,3,170,7,920455.0,,1,9275,2026-01-13 18:53:01.170,
9626,4,10,4,2,500000.0,,1,1567,2026-01-14 08:56:45.130,
9627,4,14,4,2,1000000.0,,1,1567,2026-01-14 16:07:24.527,
9628,39,13,39,8,780708.0,,1,3322,2026-01-14 17:29:01.547,
9629,127,14,127,13,500000.0,,1,3322,2026-01-15 13:59:08.897,
9630,127,14,127,7,200000.0,,1,3322,2026-01-15 14:04:36.977,
9631,127,14,127,8,200000.0,,1,3322,2026-01-15 14:10:35.020,
9632,127,14,127,10,250000.0,,1,3322,2026-01-15 14:16:50.213,
9633,127,14,127,9,100000.0,,1,3322,2026-01-15 14:20:13.880,
9634,51,10,51,7,700000.0,,1,3310,2026-01-15 16:05:49.267,
9635,127,14,127,2,2750000.0,,1,8858,2026-01-15 16:53:51.147,
9636,28,2,28,13,880681.0,,1,3322,2026-01-15 17:04:13.213,
9637,39,5,39,8,137212.0,,1,3322,2026-01-15 17:16:29.827,
9638,51,2,51,10,500000.0,,1,3322,2026-01-15 17:47:14.900,
9639,16,10,16,9,500000.0,,1,3322,2026-01-15 17:54:12.867,
9640,235,14,235,10,50000.0,,1,8803,2026-01-16 10:24:56.130,
9641,191,14,191,3,70000.0,,1,2755,2026-01-16 14:29:49.347,
9642,42,2,42,5,39000.0,,1,9172,2026-01-16 15:16:00.520,
9643,42,7,42,5,150000.0,,1,9172,2026-01-16 15:17:21.447,
9644,42,2,42,5,350000.0,,1,9172,2026-01-16 15:19:55.460,
9645,186,1,186,5,255000.0,,1,9172,2026-01-16 15:23:31.300,
9646,142,9,142,7,300000.0,,1,2887,2026-01-19 10:21:30.990,
9647,39,9,39,8,449865.0,,1,3322,2026-01-19 10:52:58.460,
9648,39,6,39,8,113573.0,,1,3322,2026-01-19 10:53:51.587,
9649,39,2,39,8,92299.0,,1,3322,2026-01-19 10:54:23.797,
9650,39,10,39,8,103781.0,,1,3322,2026-01-19 10:54:54.727,
9651,39,1,39,8,79654.0,,1,3322,2026-01-19 10:55:46.117,
9652,39,4,39,13,105292.0,,1,3322,2026-01-19 11:04:44.180,
9653,39,13,39,10,95000.0,,1,3322,2026-01-19 16:31:46.600,
9654,111,4,111,13,290771.0,,1,3322,2026-01-20 10:20:37.447,
9655,111,5,111,13,335601.0,,1,3322,2026-01-20 10:24:50.407,
9656,111,8,111,9,70000.0,,1,3322,2026-01-20 10:27:39.420,
9657,111,8,111,9,70000.0,,1,3322,2026-01-20 10:28:38.837,
9658,4,7,4,13,1000000.0,,1,3322,2026-01-20 10:30:15.293,
9659,164,234,164,13,176123.0,,1,3322,2026-01-20 10:35:34.710,
9660,104,3,104,7,2000000.0,,1,3322,2026-01-20 16:04:26.197,
9661,170,7,170,3,400000.0,,1,9275,2026-01-20 18:59:09.727,
9662,142,14,142,7,2000000.0,,1,3322,2026-01-21 10:37:07.943,
9663,152,5,152,13,150000.0,,1,3322,2026-01-21 13:22:44.967,
9664,152,10,152,13,200000.0,,1,3322,2026-01-21 13:29:43.297,
9665,51,9,51,7,800000.0,,1,3310,2026-01-21 14:02:30.813,
9666,142,14,142,8,2000000.0,,1,3322,2026-01-22 11:30:41.403,
9667,29,2,156,7,1500000.0,Internal Budget Transfer,1,10104,2026-01-22 13:28:19.807,
9668,29,14,156,7,2000000.0,Internal Budget Transfer,1,10104,2026-01-22 13:28:52.207,
9669,29,10,156,7,1500000.0,Internal Budget Transfer,1,10104,2026-01-22 13:29:22.803,
9670,236,10,236,13,400000.0,,1,9374,2026-01-22 15:01:38.060,
9671,61,3,61,13,254452.0,,1,3322,2026-01-22 15:27:12.660,
9672,61,14,61,7,221941.0,,1,3322,2026-01-22 15:37:21.890,
9673,61,234,61,7,173654.0,,1,3322,2026-01-22 15:42:27.100,
9674,41,14,41,7,4113312.0,,1,3322,2026-01-22 18:31:16.267,
9675,4,1,4,13,260000.0,,1,3322,2026-01-22 19:06:11.263,
9676,131,7,131,13,2000000.0,,1,3322,2026-01-22 19:08:30.760,
9677,131,1,131,10,216450.0,,1,3322,2026-01-22 19:12:32.863,
9678,2,7,2,9,200000.0,,1,5660,2026-01-23 09:42:53.400,
9679,102,13,102,8,600000.0,,1,3322,2026-01-23 09:47:25.267,
9680,41,3,41,7,1500000.0,Internal Budget Transfer,1,10104,2026-01-23 10:45:29.243,
9681,114,10,114,7,705214.0,,1,3322,2026-01-23 11:39:07.523,
9682,114,2,114,7,300000.0,,1,2755,2026-01-23 12:32:21.097,
9683,245,7,248,126,652000.0,,1,6131,2026-01-23 16:31:01.473,
9684,245,7,248,126,652000.0,,1,6131,2026-01-23 16:34:09.750,
9685,180,10,180,9,90000.0,,1,6131,2026-01-23 17:52:39.157,
9686,180,4,180,9,169000.0,,1,3322,2026-01-23 17:54:36.090,
9687,53,5,53,3,250000.0,,1,7363,2026-01-25 18:28:38.617,
9688,102,13,102,7,2000000.0,,1,3852,2026-01-26 13:20:41.123,
9689,127,2,127,7,350000.0,,1,8858,2026-01-27 13:12:43.030,
9690,236,9,236,126,873470.0,,1,9374,2026-01-27 15:07:35.387,
9691,236,10,236,126,220000.0,,1,9374,2026-01-27 15:08:03.923,
9692,236,126,236,15,1093000.0,,1,9374,2026-01-27 15:10:28.180,
9693,51,3,51,7,800001.0,,1,3322,2026-01-28 11:34:51.757,
9694,244,13,244,5,100000.0,,1,10375,2026-01-28 12:25:50.113,
9695,244,2,244,1,500000.0,,1,10375,2026-01-28 12:27:40.567,
9696,244,13,244,5,500000.0,,1,10375,2026-01-28 12:27:48.673,
9697,41,1,41,7,1000000.0,Internal Budget Transfer,1,10104,2026-01-28 12:33:32.283,
9698,41,3,41,7,1500000.0,Internal Budget Transfer,1,10104,2026-01-28 12:34:11.950,
9699,41,10,41,7,1000000.0,Internal Budget Transfer,1,10104,2026-01-28 12:43:26.413,
9700,244,13,244,5,2000000.0,,1,10375,2026-01-28 13:16:59.683,
9701,149,1,149,14,33725.0,,1,5618,2026-01-28 13:55:38.153,
9702,149,2,149,14,5000.0,,1,5618,2026-01-28 13:55:59.550,
9703,149,5,149,14,141220.0,,1,5618,2026-01-28 13:56:20.440,
9704,149,9,149,14,71353.0,,1,5618,2026-01-28 13:56:59.653,
9705,149,10,149,14,87154.0,,1,5618,2026-01-28 13:57:28.457,
9706,149,7,149,14,17190.0,,1,5618,2026-01-28 13:57:50.160,
9707,149,14,149,9,240000.0,,1,5618,2026-01-28 14:11:51.023,
9708,235,14,235,13,796472.0,,1,3322,2026-01-28 14:15:33.160,
9709,149,14,149,7,75000.0,,1,5618,2026-01-28 14:43:12.763,
9710,102,10,102,7,1500000.0,,1,3322,2026-01-28 15:26:46.673,
9711,2,7,2,13,1000000.0,,1,3322,2026-01-28 15:50:48.130,
9712,108,7,220,13,400000.0,,1,9172,2026-01-28 18:03:27.827,
9713,108,7,220,13,180000.0,,1,9172,2026-01-28 18:04:24.447,
9714,108,1,220,13,112560.0,,1,9172,2026-01-28 18:05:05.073,
9715,108,2,220,13,167500.0,,1,9172,2026-01-28 18:05:38.643,
9716,186,14,186,13,1500000.0,,1,9172,2026-01-28 18:08:26.950,
9717,186,9,186,13,1500000.0,,1,9172,2026-01-28 18:09:30.897,
9718,186,9,186,13,1500000.0,,1,9172,2026-01-28 18:10:42.027,
9719,127,2,127,7,300000.0,,1,3322,2026-01-29 15:36:20.643,
9720,186,14,186,7,1213414.0,,1,3322,2026-01-29 15:41:09.307,
9721,178,14,178,13,100000.0,,1,5660,2026-01-29 23:08:39.237,
9722,178,9,178,13,200000.0,,1,5660,2026-01-29 23:08:58.180,
9723,178,7,178,13,100000.0,,1,5660,2026-01-29 23:13:17.393,
9724,57,2,57,13,500000.0,,1,5660,2026-01-29 23:14:38.303,
9725,-1,250,-1,245,1000000.0,Budget trasfer,1,1,2026-01-30 11:10:46.340,
9726,12,13,12,7,598000.0,,1,2755,2026-01-30 11:45:14.733,
9727,102,10,102,7,900000.0,,1,3322,2026-01-30 14:33:38.437,
9728,2,2,2,13,400000.0,,1,5660,2026-01-30 16:04:02.747,
9729,2,1,2,13,221000.0,,1,5660,2026-01-30 16:04:56.947,
9730,51,13,51,3,600000.0,,1,3310,2026-01-30 17:48:45.767,
9731,4,2,4,7,2000000.0,,1,1567,2026-01-31 08:05:25.270,
9732,102,2,102,8,362681.0,,1,3322,2026-02-02 12:54:40.383,
9733,102,1,102,7,147870.0,,1,3322,2026-02-02 12:58:57.347,
9734,102,3,102,7,269269.0,,1,3322,2026-02-02 12:59:31.417,
9735,102,6,102,8,310980.0,,1,3322,2026-02-02 14:06:37.217,
9736,114,9,114,10,300000.0,,1,3322,2026-02-02 14:45:36.663,
9737,114,13,114,7,900000.0,,1,3322,2026-02-02 15:53:40.457,
9738,51,3,51,7,600000.0,,1,3322,2026-02-02 16:32:27.890,
9739,224,10,224,13,2500000.0,,1,3322,2026-02-03 10:21:15.183,
9740,65,14,65,7,1365311.0,,1,3322,2026-02-03 10:33:53.310,
9741,2,14,2,9,299877.0,,1,3322,2026-02-03 10:35:10.867,
9742,127,2,127,13,1200000.0,,1,3322,2026-02-03 11:59:31.407,
9743,156,6,156,9,311236.0,,1,3322,2026-02-03 12:00:16.727,
9744,2,6,2,3,300000.0,,1,5660,2026-02-03 13:11:57.960,
9745,2,5,2,9,193011.0,,1,3322,2026-02-03 15:30:35.207,
9746,164,4,164,13,706431.0,,1,3322,2026-02-03 15:56:13.803,
9747,15,3,15,9,469179.0,,1,3322,2026-02-03 16:33:43.127,
9748,127,2,127,9,500000.0,,1,3322,2026-02-03 16:45:24.007,
9749,65,1,65,7,1199998.0,,1,3322,2026-02-03 17:17:14.897,
9750,102,10,102,7,517067.0,,1,3322,2026-02-03 17:45:56.043,
9751,102,14,102,7,147869.0,,1,3322,2026-02-03 17:46:28.667,
9752,102,5,102,7,73206.0,,1,3322,2026-02-03 17:46:59.240,
9753,102,4,102,7,89147.0,,1,3322,2026-02-03 17:47:31.857,
9754,102,9,102,13,58887.0,,1,3322,2026-02-03 17:50:06.150,
9755,102,1,102,13,37713.0,,1,3322,2026-02-03 17:50:43.323,
9756,16,9,51,7,300000.0,,1,3310,2026-02-03 21:26:03.567,
9757,4,14,4,7,1000000.0,,1,1567,2026-02-04 09:23:18.657,
9758,164,3,164,8,600645.0,,1,3322,2026-02-04 09:56:53.693,
9759,4,6,4,7,649598.0,,1,3322,2026-02-04 10:52:55.610,
9760,102,13,102,3,10000.0,,1,3852,2026-02-04 12:03:33.960,
9761,4,4,4,13,264446.0,,1,3322,2026-02-04 13:10:25.713,
9762,4,14,4,13,14940590.0,,1,3322,2026-02-04 13:16:12.757,
9763,24,7,16,13,5000000.0,,1,10214,2026-02-04 15:57:31.643,
9764,104,13,104,7,1500000.0,,1,3322,2026-02-04 17:17:19.070,
9765,142,6,142,8,440493.0,,1,3322,2026-02-04 17:19:22.980,
9766,4,13,4,7,500000.0,,1,1567,2026-02-05 12:42:38.183,
9767,4,13,4,13,500000.0,,1,1567,2026-02-05 12:43:11.817,
9768,39,14,39,4,100000.0,,1,3322,2026-02-06 10:03:45.817,
9769,41,4,41,9,1500000.0,,1,3322,2026-02-06 10:38:40.813,
9770,2,3,2,13,244590.0,,1,3322,2026-02-06 14:48:15.887,
9771,50,14,50,13,900000.0,,1,3322,2026-02-06 14:49:53.630,
9772,104,14,104,2,500000.0,internal budget transfer,1,8859,2026-02-06 15:03:04.603,
9773,4,3,4,7,3317671.0,,1,3322,2026-02-06 15:07:49.863,
9774,16,2,16,9,453855.0,,1,3322,2026-02-06 15:26:22.193,
9775,16,13,16,3,1000000.0,,1,3310,2026-02-06 15:45:25.563,
9776,41,3,41,7,2654986.0,,1,3322,2026-02-06 17:39:21.693,
9777,2,1,2,7,100000.0,,1,5660,2026-02-06 18:47:08.710,
9778,4,13,4,14,200000.0,,1,7362,2026-02-08 12:17:25.967,
9779,170,5,170,7,200000.0,,1,9275,2026-02-09 06:00:52.707,
9780,16,13,51,3,800000.0,,1,3310,2026-02-09 09:33:01.460,
9781,41,7,41,3,300000.0,Internal Budget Transfer,1,10104,2026-02-09 11:34:34.187,
9782,65,9,65,3,255000.0,budget movement request due to negative balance,1,1196,2026-02-09 11:38:43.973,
9783,16,13,16,10,100000.0,,1,3322,2026-02-09 12:46:39.947,
9784,16,3,16,10,1123399.0,,1,3322,2026-02-09 12:48:40.340,
9785,65,10,65,8,700000.0,,1,3322,2026-02-09 14:49:01.377,
9786,180,14,180,9,449847.0,,1,3322,2026-02-09 15:18:09.663,
9787,180,10,180,13,350000.0,,1,3322,2026-02-09 15:23:19.143,
9788,245,14,245,10,350000.0,,1,3322,2026-02-09 15:32:22.487,
9789,183,3,183,7,90000.0,,1,3322,2026-02-09 16:45:59.700,
9790,114,13,114,7,80000.0,,1,2755,2026-02-09 16:52:41.780,
9791,186,7,186,2,700000.0,,1,9172,2026-02-09 18:01:14.160,
9792,4,10,150,13,4000000.0,,1,7362,2026-02-10 12:03:28.463,
9793,142,1,142,8,1000000.0,,1,3322,2026-02-10 15:36:23.783,
9794,9,9,143,7,2000000.0,,1,7363,2026-02-11 09:05:03.367,
9795,150,13,218,10,500000.0,,1,9844,2026-02-11 10:29:12.397,
9796,53,7,53,3,30000.0,,1,7363,2026-02-11 10:38:27.923,
9797,150,2,150,7,598069.0,,1,3322,2026-02-11 12:12:32.567,
9798,150,4,150,7,235144.0,,1,3322,2026-02-11 12:12:59.950,
9799,150,6,150,7,162435.0,,1,3322,2026-02-11 12:13:21.533,
9800,150,3,150,7,683845.0,,1,3322,2026-02-11 12:14:00.520,
9801,150,13,150,9,2000000.0,,1,3322,2026-02-11 13:07:47.620,
9802,150,1,150,9,435627.0,,1,3322,2026-02-11 15:34:18.360,
9803,114,1,114,7,224620.0,,1,3322,2026-02-11 15:50:08.980,
9804,114,234,114,7,150000.0,,1,3322,2026-02-11 15:50:48.437,
9805,65,10,65,8,622000.0,Budget movement due to negative balance,1,8802,2026-02-11 18:00:12.440,
9806,16,13,16,3,1000000.0,,1,3310,2026-02-12 09:36:50.560,
9807,41,4,41,3,300000.0,Internal Budget Transfer,1,10104,2026-02-12 10:49:41.860,
9808,41,4,41,3,300000.0,Internal Budget Transfer,1,10104,2026-02-12 10:52:24.247,
9809,41,4,41,3,200000.0,Internal Budget Transfer,1,10104,2026-02-12 10:52:39.730,
9810,41,14,41,3,300000.0,Internal Budget Transfer,1,10104,2026-02-12 13:22:04.960,
9811,142,3,142,8,500000.0,,1,2887,2026-02-12 15:48:20.517,
9812,127,2,127,10,200000.0,,1,3322,2026-02-13 10:10:30.653,
9813,12,2,12,8,509112.0,,1,3322,2026-02-13 16:16:08.953,
9814,53,9,53,5,50000.0,,1,7363,2026-02-13 21:15:35.080,
9815,13,2,13,1,50000.0,,1,2755,2026-02-15 17:31:16.863,
9816,13,8,13,7,200000.0,,1,2755,2026-02-16 09:52:58.457,
9817,13,13,13,7,200000.0,,1,2755,2026-02-16 09:54:36.250,
9818,16,3,16,7,500000.0,,1,3322,2026-02-16 11:22:23.817,
9819,16,3,16,9,340000.0,,1,3322,2026-02-16 11:23:13.267,
9820,16,13,16,3,600000.0,,1,3310,2026-02-16 15:19:31.987,
9821,-1,245,-1,220,500000.0,Budget trasfer,1,1,2026-02-16 15:42:21.833,
9822,41,3,41,7,1310000.0,,1,3322,2026-02-16 15:50:58.937,
9823,53,4,53,13,938632.0,,1,3322,2026-02-16 16:27:39.717,
9824,104,14,104,3,1000000.0,internal budget transfer,1,8859,2026-02-17 10:47:28.567,
9825,142,3,142,4,300000.0,,1,2887,2026-02-17 14:38:56.647,
9826,104,3,104,7,2000000.0,,1,3322,2026-02-17 15:45:06.797,
9827,65,9,65,7,700000.0,budget movement request due to negative balance,1,1196,2026-02-17 22:09:28.677,
9828,65,13,65,7,600000.0,budget movement request due to negative balance,1,1196,2026-02-17 22:11:14.950,
9829,65,9,65,7,100000.0,budget movement request due to negative balance,1,1196,2026-02-17 22:12:04.413,
9830,65,3,65,7,200000.0,,1,1196,2026-02-17 22:12:35.327,
9831,12,10,12,3,200000.0,,1,2755,2026-02-18 10:24:01.717,
9832,244,13,244,7,400000.0,,1,9703,2026-02-18 10:27:46.470,
9833,12,10,12,13,250000.0,,1,2755,2026-02-18 10:33:37.920,
9834,12,10,12,3,200000.0,,1,2755,2026-02-18 10:58:56.683,
9835,156,3,156,13,850000.0,,1,3322,2026-02-18 11:08:15.940,
9836,4,5,4,9,232662.0,,1,3322,2026-02-18 11:50:14.983,
9837,156,14,156,9,894079.0,,1,3322,2026-02-18 11:51:54.377,
9838,142,13,142,7,100000.0,,1,2887,2026-02-18 12:55:15.913,
9839,142,13,142,7,100000.0,,1,2887,2026-02-18 12:57:29.430,
9840,9,14,9,10,200000.0,,1,7363,2026-02-18 15:25:33.787,
9841,170,14,170,7,100000.0,,1,9275,2026-02-18 15:41:57.270,
9842,142,2,142,7,1841970.0,,1,3322,2026-02-18 15:53:42.910,
9843,16,13,16,7,1000000.0,,1,3310,2026-02-18 16:38:59.417,
9844,53,5,53,9,845056.0,,1,3322,2026-02-18 17:07:00.527,
9845,2,9,2,7,112000.0,,1,9111,2026-02-19 12:05:07.303,
9846,2,126,2,7,73000.0,,1,9111,2026-02-19 12:05:24.417,
9847,4,8,4,7,1500000.0,,1,3322,2026-02-20 10:03:20.980,
9848,2,6,2,13,200000.0,,1,3322,2026-02-20 12:17:40.197,
9849,24,8,24,7,1000000.0,,1,10214,2026-02-20 12:18:01.123,
9850,41,14,41,7,2700000.0,,1,3322,2026-02-20 12:33:39.437,
9851,142,14,142,8,900000.0,,1,3322,2026-02-20 15:02:16.743,
9852,49,2,49,13,896321.0,,1,3322,2026-02-20 15:47:22.610,
9853,9,2,9,13,1098700.0,,1,3322,2026-02-23 12:16:35.543,
9854,240,7,240,3,500000.0,,1,3310,2026-02-23 12:48:35.763,
9855,183,2,183,13,103621.0,,1,3322,2026-02-23 13:04:12.777,
9856,57,3,57,7,900000.0,,1,5660,2026-02-23 13:27:47.963,
9857,24,7,24,4,20000.0,,1,10214,2026-02-23 14:25:54.780,
9858,65,13,65,8,150000.0,,1,3322,2026-02-23 15:02:33.930,
9859,4,10,4,7,4000000.0,,1,7362,2026-02-23 15:10:15.160,
9860,65,8,65,13,110000.0,,1,3322,2026-02-23 15:14:59.503,
9861,65,13,65,10,118885.0,,1,3322,2026-02-23 15:23:54.723,
9862,65,7,65,10,61070.0,,1,3322,2026-02-23 15:24:28.983,
9863,65,10,65,7,180147.0,,1,3322,2026-02-23 15:28:13.067,
9864,65,3,65,7,4849.0,,1,3322,2026-02-23 15:28:52.343,
9865,65,7,65,9,100000.0,,1,3322,2026-02-23 15:30:55.270,
9866,65,9,65,13,107314.0,,1,3322,2026-02-23 15:37:57.463,
9867,65,8,65,13,100000.0,,1,3322,2026-02-23 15:38:42.770,
9868,65,7,65,13,50000.0,,1,3322,2026-02-23 15:45:34.307,
9869,65,13,65,8,257315.0,,1,3322,2026-02-23 15:50:20.743,
9870,65,8,65,13,125000.0,,1,3322,2026-02-24 12:21:00.923,
9871,41,7,41,3,300000.0,Internal Budget Transfer,1,10104,2026-02-24 13:12:40.117,
9872,142,14,142,8,1500000.0,,1,3322,2026-02-24 15:51:31.557,
9873,240,7,240,13,2000000.0,,1,3310,2026-02-24 16:21:50.337,
9874,156,3,156,13,1500000.0,,1,3322,2026-02-25 10:21:32.257,
9875,49,5,49,4,86636.0,,1,3322,2026-02-25 10:33:21.457,
9876,0,329,0,325,1000000.0,required budget for DT apparatus,1,284,2026-02-25 11:28:45.087,
9877,41,3,41,7,300000.0,,1,3322,2026-02-25 12:35:48.240,
9878,142,14,142,8,2500000.0,,1,3322,2026-02-25 13:39:23.397,
9879,245,14,245,7,610000.0,,1,6131,2026-02-25 15:40:34.530,
9880,245,3,245,7,910000.0,,1,6131,2026-02-25 15:41:24.040,
9881,224,10,224,13,600000.0,,1,6131,2026-02-25 15:51:57.770,
9882,224,3,224,13,339999.0,,1,6131,2026-02-25 15:53:08.037,
9883,224,9,224,13,2080000.0,,1,6131,2026-02-25 15:53:49.220,
9884,245,14,245,10,1230000.0,,1,3322,2026-02-25 15:57:46.483,
9885,245,3,245,10,500000.0,,1,3322,2026-02-25 15:59:31.500,
9886,53,6,53,13,631384.0,,1,3322,2026-02-26 12:51:12.507,
9887,9,1,9,13,915210.0,,1,3322,2026-02-26 12:58:40.457,
9888,41,7,41,3,300000.0,Internal Budget Transfer,1,10104,2026-02-26 13:04:16.960,
9889,244,13,244,7,400000.0,,1,9703,2026-02-26 17:38:38.057,
9890,-1,366,-1,213,4000000.0,budget transfer as per email.,12,8804,2026-02-26 23:26:36.527,
9891,4,10,4,7,2500000.0,,1,7362,2026-02-27 11:09:33.570,
9892,24,14,24,7,1200000.0,,1,10214,2026-02-27 12:04:27.273,
9893,244,9,244,3,700000.0,,1,9703,2026-02-27 12:08:36.693,
9894,41,10,41,7,1000000.0,Internal Budget Transfer,1,10104,2026-02-27 12:21:19.587,
9895,4,2,4,9,210986.0,,1,3322,2026-02-27 14:29:24.327,
9896,41,13,41,3,1000000.0,internal budget transfer,1,8859,2026-03-02 10:37:43.997,
9897,41,13,41,7,1000000.0,internal budget transfer,1,8859,2026-03-02 10:39:54.763,
9898,0,329,0,325,1000000.0,required budget for DT apparatus,1,284,2026-03-02 11:19:13.840,
9899,0,329,0,325,1200000.0,required budget for DT apparatus,1,284,2026-03-02 11:48:44.237,
9900,240,7,240,8,200000.0,,1,3322,2026-03-03 11:48:00.660,
9901,9,7,9,2,400000.0,,1,7363,2026-03-03 13:12:55.210,
9902,4,1,4,9,115199.0,,1,3322,2026-03-03 13:33:44.607,
9903,24,1,24,13,942358.0,,1,3322,2026-03-04 15:07:02.203,
9904,57,1,57,13,200000.0,,1,5660,2026-03-04 15:16:06.277,
9905,142,14,142,2,850000.0,,1,2887,2026-03-05 10:40:09.950,
9906,186,3,186,7,350000.0,,1,3322,2026-03-05 12:37:47.630,
9907,142,14,142,2,200000.0,,1,2887,2026-03-05 16:04:07.190,
9908,177,14,177,7,1500000.0,,1,3322,2026-03-06 10:58:19.570,
9909,41,3,41,7,1222948.0,,1,3322,2026-03-06 11:40:25.170,
9910,104,3,104,7,5000000.0,internal budget transfer,1,8859,2026-03-06 11:47:53.307,
9911,224,234,224,7,2500000.0,,1,3322,2026-03-06 12:26:36.890,
9912,148,14,148,3,400000.0,,1,9275,2026-03-06 14:04:52.257,
9913,142,13,142,2,450000.0,,1,2887,2026-03-07 17:59:11.190,
9914,4,13,4,7,5000000.0,,1,7362,2026-03-08 01:01:08.770,
9915,142,14,142,8,1500000.0,,1,3322,2026-03-09 12:28:13.783,
9916,252,7,252,13,2000000.0,,1,10574,2026-03-09 12:51:23.683,
9917,252,7,252,9,1000000.0,,1,10574,2026-03-09 12:51:47.363,
9918,4,10,4,9,1100000.0,,1,3322,2026-03-09 14:45:19.300,
9919,24,9,24,7,1500000.0,,1,10214,2026-03-09 14:48:30.620,
9920,49,1,49,13,700000.0,,1,3322,2026-03-09 15:47:14.463,
9921,53,1,53,10,266248.0,,1,3322,2026-03-09 15:53:07.557,
9922,9,2,9,13,400000.0,,1,3322,2026-03-09 16:39:57.287,
9923,53,14,53,13,880791.0,,1,3322,2026-03-09 16:41:36.823,
9924,41,13,41,7,2500000.0,,1,3322,2026-03-10 11:11:36.767,
9925,104,14,104,7,600000.0,,1,3322,2026-03-10 11:15:42.813,
9926,186,3,186,7,400000.0,,1,3322,2026-03-10 11:26:17.130,
9927,156,4,156,13,287235.0,,1,3322,2026-03-10 12:50:46.007,
9928,24,3,24,13,1123224.0,,1,3322,2026-03-10 15:46:10.587,
9929,24,8,24,7,600000.0,,1,3322,2026-03-10 15:54:04.063,
9930,24,14,24,7,395340.0,,1,3322,2026-03-10 15:58:57.900,
9931,57,5,57,13,324186.0,,1,3322,2026-03-10 16:31:17.277,
9932,156,1,156,13,622481.0,,1,3322,2026-03-11 15:17:24.590,
9933,49,14,49,10,302433.0,,1,3322,2026-03-11 15:24:00.930,
9934,24,2,24,10,882469.0,,1,3322,2026-03-11 15:26:28.733,
9935,156,3,156,10,494360.0,,1,3322,2026-03-11 17:32:46.280,
9936,41,13,41,7,1200000.0,,1,3322,2026-03-12 13:07:47.790,
9937,29,13,151,7,1900000.0,,1,3043,2026-03-12 14:12:37.023,
9938,29,10,151,7,1100000.0,,1,3043,2026-03-12 14:13:44.057,
9939,29,7,151,7,1000000.0,,1,3043,2026-03-12 14:14:51.803,
9940,186,13,186,7,25000.0,,1,9172,2026-03-13 10:22:21.917,
9941,41,13,41,7,500000.0,internal budget transfer,1,8859,2026-03-13 12:24:36.587,
9942,57,10,57,13,730000.0,,1,5660,2026-03-13 12:29:34.027,
9943,104,14,104,7,2000000.0,internal budget transfer,1,8859,2026-03-13 12:30:36.143,
9944,57,2,57,10,300000.0,,1,5660,2026-03-13 12:30:49.990,
9945,57,7,57,9,369000.0,,1,5660,2026-03-13 12:47:50.810,
9946,4,13,4,9,500000.0,,1,3322,2026-03-13 15:29:45.133,
9947,41,7,41,1,300000.0,Internal Budget Transfer,1,10104,2026-03-13 15:43:03.243,
9948,186,3,186,7,1311688.0,,1,9172,2026-03-16 11:35:29.523,
9949,152,7,152,9,500000.0,,1,3322,2026-03-16 12:11:15.610,
9950,41,6,41,3,150000.0,Internal Budget Transfer,1,10104,2026-03-16 12:31:05.547,
9951,186,7,186,5,23000.0,,1,9172,2026-03-16 14:36:14.897,
9952,41,9,41,7,600000.0,,1,3322,2026-03-17 11:07:52.613,
9953,148,5,148,7,259000.0,,1,9275,2026-03-17 16:11:29.670,
9954,49,7,49,13,1500000.0,,1,3322,2026-03-18 12:55:08.927,
9955,96,7,96,13,1200000.0,,1,3322,2026-03-18 12:56:37.213,
9956,104,3,104,8,900000.0,,1,3322,2026-03-18 13:47:09.757,
9957,152,7,152,13,700000.0,,1,3322,2026-03-18 14:03:33.373,
9958,152,7,152,9,500000.0,,1,3322,2026-03-18 15:41:57.550,
9959,142,14,142,8,2900878.0,,1,3322,2026-03-18 15:52:05.350,
9960,142,9,142,14,150000.0,,1,3322,2026-03-18 16:17:20.590,
9961,151,7,151,3,500000.0,,1,8617,2026-03-18 16:25:37.347,
9962,142,9,142,7,300000.0,,1,2887,2026-03-19 04:36:07.777,
9963,96,3,96,9,192328.0,,1,3322,2026-03-24 09:51:05.527,
9964,151,7,151,13,700000.0,,1,3322,2026-03-24 10:03:39.973,
9965,104,3,104,10,900000.0,,1,3322,2026-03-24 10:08:14.290,
9966,104,3,104,10,900000.0,,1,3322,2026-03-24 10:11:23.273,
9967,104,3,104,10,900000.0,,1,3322,2026-03-24 10:30:16.183,
9968,151,7,151,10,300000.0,,1,3322,2026-03-24 11:20:46.367,
9969,151,7,151,9,300000.0,,1,3322,2026-03-24 11:22:03.823,
9970,104,3,104,9,90000.0,,1,3322,2026-03-24 11:25:14.993,
9971,4,13,4,7,1500000.0,,1,7362,2026-03-24 11:30:30.697,
9972,57,1,57,3,100000.0,,1,5660,2026-03-24 13:37:13.970,
9973,152,7,152,13,1500000.0,,1,3322,2026-03-24 14:20:03.040,
9974,152,7,152,10,700000.0,,1,3322,2026-03-24 14:24:12.067,
9975,24,10,96,7,700000.0,,1,10214,2026-03-25 12:43:17.467,
9976,24,14,24,9,200000.0,,1,10214,2026-03-25 12:43:46.300,
9977,24,9,24,8,480000.0,,1,10214,2026-03-25 12:44:24.763,
9978,24,8,96,7,900000.0,,1,10214,2026-03-25 12:45:16.700,
9979,142,9,142,8,300000.0,,1,3322,2026-03-25 16:54:01.107,
9980,0,329,0,235,3000000.0,"The transfer of a budget amount of PKR 3,000,000 from the Product Development (PD) Department to the Engineering Department for the planned expansion of the PD area. The amount will be utilized for PD; however, execution will be carried out through Engineering for construction and related activities.",1,9650,2026-03-26 08:21:22.037,
9981,96,7,96,9,900000.0,,1,3322,2026-03-26 10:15:58.227,
9982,177,8,177,7,3000000.0,,1,7362,2026-03-27 10:49:46.917,
9983,142,9,142,8,1000000.0,,1,3322,2026-03-27 14:33:30.740,
9984,224,2,224,7,892699.0,,1,3322,2026-03-30 11:41:03.233,
9985,96,5,96,10,300000.0,,1,3322,2026-03-30 13:09:15.350,
9986,127,13,127,1,89000.0,,1,8858,2026-03-31 13:39:14.773,
9987,177,14,177,9,900000.0,,1,3322,2026-03-31 16:37:58.233,
9988,96,2,96,4,30000.0,,1,10214,2026-04-01 11:18:38.603,
9989,177,14,177,7,2000000.0,,1,7362,2026-04-01 11:36:32.317,
9990,104,3,104,7,250000.0,internal budget transfer,1,8859,2026-04-01 14:08:27.197,
9991,142,13,142,8,2000000.0,,1,3322,2026-04-01 15:22:20.943,
9992,252,7,252,13,300000.0,,1,3322,2026-04-02 12:15:41.107,
9993,152,7,152,13,800000.0,,1,3322,2026-04-02 15:43:57.630,
9994,152,7,152,9,700000.0,,1,3322,2026-04-02 16:27:45.677,
9995,177,1,177,7,1199993.0,,1,3322,2026-04-03 11:48:08.890,
9996,96,7,96,13,800000.0,,1,3322,2026-04-03 11:58:53.393,
9997,177,4,177,3,500000.0,,1,7362,2026-04-06 17:05:23.867,
9998,177,5,177,7,1099995.0,,1,3322,2026-04-06 17:38:35.527,
9999,29,3,29,9,600000.0,,1,3322,2026-04-07 12:44:26.607,
10000,29,3,29,13,600000.0,,1,3322,2026-04-07 12:50:33.737,
10001,253,3,253,13,78470.0,,1,3322,2026-04-08 11:10:19.813,
10002,253,3,253,13,706236.0,,1,3322,2026-04-08 11:11:46.610,
10003,253,1,253,10,195000.0,,1,3322,2026-04-08 11:18:00.157,
10004,253,7,253,10,300000.0,,1,3322,2026-04-08 11:19:05.040,
10005,253,2,253,7,475000.0,,1,3322,2026-04-08 12:03:58.273,
10006,177,4,177,7,1199992.0,,1,3322,2026-04-08 14:55:11.847,
10007,177,3,177,9,580620.0,,1,3322,2026-04-08 15:34:03.673,
10008,152,7,152,13,700000.0,,1,3322,2026-04-08 16:33:55.237,
10009,253,9,253,13,200000.0,,1,3322,2026-04-09 15:34:18.200,
10010,-1,317,-1,316,2500000.0,Machine spares budget needed for Fette P3030 nozzles and Blister 2DT Alu-PVC Capex.,1,8946,2026-04-15 11:35:15.453,
10011,253,13,253,7,98503.0,,1,3322,2026-04-15 16:41:09.037,
10012,37,8,37,7,200000.0,,1,2887,2026-04-16 18:52:59.920,
10013,252,7,252,9,200000.0,,1,3322,2026-04-17 11:10:26.287,
10014,142,13,142,8,1000000.0,,1,3322,2026-04-17 15:32:44.883,
10015,49,8,49,10,500000.0,,1,3322,2026-04-17 15:49:36.743,
10016,252,7,252,13,1000000.0,,1,6131,2026-04-17 15:58:17.333,
10017,252,7,1,13,2500000.0,,1,6131,2026-04-17 16:03:21.470,
10018,252,7,252,13,4000000.0,,1,10574,2026-04-17 16:08:29.923,
10019,252,7,252,9,1000000.0,,1,6131,2026-04-17 16:25:52.257,
10020,49,3,49,9,975770.0,,1,3322,2026-04-17 16:47:00.517,
10021,49,8,49,3,500000.0,,1,9225,2026-04-20 18:32:34.480,
10022,4,14,4,7,400000.0,,1,7362,2026-04-20 18:40:57.573,
10023,4,14,4,7,3500000.0,,1,7362,2026-04-20 18:48:38.943,
10024,177,10,177,7,2000000.0,,1,7362,2026-04-20 18:50:39.937,
10025,186,7,186,13,500000.0,,1,9172,2026-04-20 22:34:52.427,
10026,111,3,111,7,1000000.0,,1,3322,2026-04-21 12:02:12.917,
10027,111,2,111,13,604253.0,,1,3322,2026-04-21 12:27:59.560,
10028,41,14,41,7,2000000.0,internal budget transfer,1,8859,2026-04-21 13:02:16.773,
10029,177,14,177,9,965435.0,,1,3322,2026-04-21 14:58:45.870,
10030,104,14,104,7,2196273.0,,1,3322,2026-04-21 17:18:28.007,
10031,12,1,12,7,50000.0,,1,2755,2026-04-21 23:50:59.647,
10032,156,15,156,13,466853.0,,1,3322,2026-04-22 11:16:12.440,
10033,104,2,104,4,150000.0,,1,3322,2026-04-22 11:46:18.040,
10034,104,3,104,10,500000.0,,1,3322,2026-04-22 11:48:54.253,
10035,152,7,152,13,300000.0,,1,3322,2026-04-22 12:27:53.310,
10036,-1,255,-1,255,18500000.0,Please transfer 1.85 million budget   to  compression machine  S 500 from SAM China  for Nutra section,1,225,2026-04-22 15:41:22.190,
10037,0,290,0,291,55000.0,SS cross over bench allocated budget was less. New crossover bench cost 103000. Exisitng allocated budget is 50000.,1,299,2026-04-23 08:53:40.683,
10038,15,1,15,7,834245.0,,1,3322,2026-04-23 10:18:58.210,
10039,119,3,119,7,1035174.0,,1,3322,2026-04-23 11:25:41.223,
10040,104,3,104,7,1000000.0,,1,3322,2026-04-23 11:26:49.260,
10041,4,3,4,8,846720.0,,1,3322,2026-04-23 12:31:36.710,
10042,65,14,65,7,2357017.0,,1,3322,2026-04-23 15:00:21.000,
10043,41,10,41,7,2000000.0,,1,3322,2026-04-23 15:26:17.133,
10044,104,3,104,1,400000.0,internal budget transfer,1,8859,2026-04-23 16:30:09.037,
10045,12,7,12,9,2478140.0,,1,2755,2026-04-23 17:46:47.850,
10046,13,7,13,8,639670.0,,1,2755,2026-04-23 17:47:47.867,
10047,37,8,37,7,1000000.0,,1,2887,2026-04-23 19:32:14.653,
10048,152,7,152,13,200000.0,,1,3322,2026-04-24 10:15:21.130,
10049,142,13,142,7,4000000.0,,1,3322,2026-04-24 12:28:24.223,
10050,115,4,115,3,500000.0,,1,7363,2026-04-24 13:19:25.490,
10051,142,3,142,8,1582000.0,,1,3322,2026-04-24 14:56:41.610,
10052,37,9,37,7,700000.0,,1,2887,2026-04-24 15:02:16.760,
10053,49,2,49,7,448345.0,,1,3322,2026-04-24 15:32:41.523,
10054,-1,248,-1,220,300000.0,The budget is currently not available under the Network Budget Head. Kindly arrange to transfer the required budget to the SAP Hardware Head at your earliest convenience.,1,8804,2026-04-27 10:10:43.913,
10055,152,7,152,3,10000.0,,1,9845,2026-04-27 10:16:11.980,
10056,152,7,152,3,245000.0,,1,9845,2026-04-27 10:16:55.277,
10057,12,9,12,7,500000.0,,1,2755,2026-04-27 10:34:44.203,
10058,0,290,0,291,50300.0,"No required in this year, therefore transferring the budget from battery operated trolley to ss cross over bench",1,299,2026-04-28 09:54:32.663,
10059,13,10,13,13,300000.0,,1,2755,2026-04-28 10:51:42.260,
10060,49,3,49,7,591870.0,,1,3322,2026-04-29 10:35:38.957,
10061,9,7,9,3,450000.0,,1,10649,2026-04-29 11:53:06.930,
10062,152,7,152,3,100000.0,,1,9845,2026-04-29 17:36:30.653,
10063,4,14,4,9,2000000.0,,1,3322,2026-04-30 10:17:44.133,
10064,111,5,111,9,401359.0,,1,3322,2026-04-30 10:22:15.107,
10065,49,14,49,13,274107.0,,1,3322,2026-04-30 12:02:17.483,
10066,4,2,4,13,1168486.0,,1,3322,2026-04-30 12:09:45.727,
10067,9,14,9,10,172764.0,,1,3322,2026-04-30 12:27:28.860,
10068,9,6,9,1,37500.0,,1,10649,2026-04-30 15:04:50.923,
10069,13,8,13,7,100000.0,,1,2755,2026-05-03 20:39:22.227,
10070,4,14,4,8,2000000.0,,1,7362,2026-05-04 14:41:42.307,
10071,111,3,111,7,1000000.0,,1,3322,2026-05-04 14:54:05.473,
10072,9,9,9,3,300000.0,,1,7363,2026-05-04 15:25:12.903,
10073,49,1,49,7,639275.0,,1,3322,2026-05-04 16:14:33.877,
10074,49,8,49,7,500000.0,,1,3322,2026-05-04 16:14:53.567,
10075,19,9,19,8,300000.0,,1,2887,2026-05-04 18:40:48.257,
10076,240,7,240,3,500000.0,,1,3310,2026-05-05 09:35:02.173,
10077,96,10,96,13,45000.0,,1,10214,2026-05-05 10:39:59.020,
10078,96,10,96,14,5000.0,,1,10214,2026-05-05 10:40:23.603,
10079,96,5,24,10,300000.0,,1,10214,2026-05-05 10:42:41.583,
10080,96,5,24,14,300000.0,,1,10214,2026-05-05 10:43:42.147,
10081,96,5,24,7,120000.0,,1,10214,2026-05-05 10:45:14.707,
10082,4,14,4,7,2000000.0,,1,505,2026-05-05 10:48:47.423,
10083,96,7,24,13,300000.0,,1,10214,2026-05-05 10:50:34.780,
10084,96,7,49,10,300000.0,,1,10214,2026-05-05 10:51:50.067,
10085,96,7,49,8,300000.0,,1,10214,2026-05-05 10:54:41.813,
10086,96,7,49,7,300000.0,,1,10214,2026-05-05 10:56:02.037,
10087,96,7,49,13,220000.0,,1,10214,2026-05-05 10:56:55.567,
10088,96,2,24,2,130000.0,,1,10214,2026-05-05 10:58:23.260,
10089,240,7,240,9,300000.0,,1,3310,2026-05-05 11:51:22.303,
10090,49,8,49,7,800000.0,,1,10214,2026-05-05 13:03:48.230,
10091,4,14,4,7,500000.0,,1,505,2026-05-05 14:41:42.010,
10092,4,14,4,3,300000.0,,1,7362,2026-05-05 15:51:27.263,
10093,15,10,15,7,800000.0,,1,812,2026-05-05 16:15:44.303,
10094,156,7,156,9,100000.0,,1,8617,2026-05-06 12:22:14.037,
10095,4,14,4,13,2017947.0,,1,3322,2026-05-06 13:09:17.173,
10096,4,8,4,7,1000000.0,,1,3322,2026-05-06 15:32:24.343,
10097,156,3,156,13,1000000.0,,1,3322,2026-05-06 17:44:02.260,
10098,9,3,9,7,314872.0,,1,3322,2026-05-06 17:46:06.237,
10099,4,10,4,7,1000000.0,,1,505,2026-05-06 17:58:44.890,
10100,104,3,104,7,20000.0,internal budget transfer,1,8859,2026-05-07 09:01:33.140,
10101,104,3,104,7,100000.0,internal budget transfer,1,8859,2026-05-07 09:02:08.353,
10102,41,14,41,7,133559.0,,1,3322,2026-05-07 11:56:20.777,
10103,13,8,13,7,142962.0,,1,3322,2026-05-07 12:22:35.823,
10104,12,9,12,10,500000.0,,1,3322,2026-05-07 12:35:11.283,
10105,13,1,13,13,230297.0,,1,3322,2026-05-07 12:51:53.967,
10106,41,3,41,7,500000.0,Internal Budget Transfer,1,10104,2026-05-07 13:22:01.193,
10107,41,10,41,7,1000000.0,Internal Budget Transfer,1,10104,2026-05-07 13:22:49.937,
10108,12,1,12,13,339742.0,,1,3322,2026-05-07 15:08:52.213,
10109,13,2,13,7,220002.0,,1,3322,2026-05-07 17:29:15.643,
10110,49,8,49,7,500000.0,,1,10214,2026-05-07 18:46:50.530,
10111,119,1,119,7,600000.0,,1,3322,2026-05-08 10:23:55.980,
10112,65,9,65,14,1663000.0,Budget movement due to negative balance,1,8802,2026-05-08 10:45:45.547,
10113,4,10,4,7,700000.0,,1,505,2026-05-08 11:07:51.080,
10114,177,2,177,6,60000.0,,1,7362,2026-05-08 11:15:01.027,
10115,177,2,177,6,60000.0,,1,7362,2026-05-08 11:15:09.280,
10116,104,3,104,7,1000000.0,,1,3322,2026-05-08 11:43:31.823,
10117,9,14,9,7,122312.0,,1,3322,2026-05-08 12:37:02.407,
